=== MeshGhost Crystal/AP scroll-offset watch (READ-ONLY) ===
PHASE 1 (20s): walk LEFT and RIGHT.

phase  x   y  | 114C  114D  114E  114F  1150  1151  1152  1153  1154  1155  1156  1157  1158  1159
1        4   7 |    0     1    24     5     1    24     4     0    64     0     2   160     0    64 || 1439=2 0FB1=2
1        4   7 |    0     1    24     5     1    24     4     0    60     0     2    32     0    64 || 1439=2 0FB1=2
1        4   7 |    0     1    24     5     1    24     4     0    58     0     2    32     0    64 || 1439=2 0FB1=2
1        4   7 |    0     1    24     5     1    24     4     0    56     0     2    32     0    64 || 1439=2 0FB1=2
1        4   7 |    0     1    24     5     1    24     4     0    54     0     2    32     0    64 || 1439=2 0FB1=2
1        4   7 |    0     1    24     5     1    24     4     0    52     0     2    32     0    64 || 1439=2 0FB1=2
1        4   7 |    0     1    24     5     1    24     4     0    50     0     2    32     0    64 || 1439=2 0FB1=2
1        4   8 |    0     1    24     5     1    24     4     0    48     0     2    96     0    64 || 1439=2 0FB1=2
1        4   8 |    0     1    24     5     1    24     4     0    48     0     0     0   255    64 || 1439=2 0FB1=2
1        4   8 |    0     1    24     5     1    24     4     0    48   254     0   160     2    94 || 1439=2 0FB1=2
1        4   8 |    0     1    24     5     1    24     4     4    48   254     0    32     2    94 || 1439=2 0FB1=2
1        4   8 |    0     1    24     5     1    24     4     6    48   254     0    32     2    94 || 1439=2 0FB1=2
1        4   8 |    0     1    24     5     1    24     4     8    48   254     0    32     2    94 || 1439=2 0FB1=2
1        4   8 |    0     1    24     5     1    24     4    10    48   254     0    32     2    94 || 1439=2 0FB1=2
1        4   8 |    0     1    24     5     1    24     4    12    48   254     0    32     2    94 || 1439=2 0FB1=2
1        4   8 |    0     1    24     5     1    24     4    14    48   254     0    32     2    94 || 1439=2 0FB1=2
1        3   8 |    0     1    24     5     1    24     4    16    48   254     0    96     2    94 || 1439=2 0FB1=2
1        3   8 |    0     1    24     5     1    24     4    16    48   254     0   160     2    92 || 1439=2 0FB1=2
1        3   8 |    0     1    24     5     1    24     4    20    48   254     0    32     2    92 || 1439=2 0FB1=2
1        3   8 |    0     1    24     5     1    24     4    22    48   254     0    32     2    92 || 1439=2 0FB1=2
1        3   8 |    0     1    24     5     1    24     4    24    48   254     0    32     2    92 || 1439=2 0FB1=2
1        3   8 |    0     1    24     5     1    24     4    26    48   254     0    32     2    92 || 1439=2 0FB1=2
1        3   8 |    0     1    24     5     1    24     4    28    48   254     0    32     2    92 || 1439=2 0FB1=2
1        3   8 |    0     1    24     5     1    24     4    30    48   254     0    32     2    92 || 1439=2 0FB1=2
1        2   8 |    0     1    24     5     1    24     4    32    48   254     0    96     2    92 || 1439=2 0FB1=2
1        2   8 |    0     1    24     5     1    24     4    32    48   254     0   160     2    90 || 1439=2 0FB1=2
1        2   8 |    0     1    24     5     1    24     4    36    48   254     0    32     2    90 || 1439=2 0FB1=2
1        2   8 |    0     1    24     5     1    24     4    38    48   254     0    32     2    90 || 1439=2 0FB1=2
1        2   8 |    0     1    24     5     1    24     4    40    48   254     0    32     2    90 || 1439=2 0FB1=2
1        2   8 |    0     1    24     5     1    24     4    42    48   254     0    32     2    90 || 1439=2 0FB1=2
1        2   8 |    0     1    24     5     1    24     4    44    48   254     0    32     2    90 || 1439=2 0FB1=2
1        2   8 |    0     1    24     5     1    24     4    46    48   254     0    32     2    90 || 1439=2 0FB1=2
1        1   8 |    0     1    24     5     1    24     4    48    48   254     0    96     2    90 || 1439=2 0FB1=2
1        1   8 |    0     1    24     5     1    24     4    48    48   254     0   160     2    88 || 1439=2 0FB1=2
1        1   8 |    0     1    24     5     1    24     4    52    48   254     0    32     2    88 || 1439=2 0FB1=2
1        1   8 |    0     1    24     5     1    24     4    54    48   254     0    32     2    88 || 1439=2 0FB1=2
1        1   8 |    0     1    24     5     1    24     4    56    48   254     0    32     2    88 || 1439=2 0FB1=2
1        1   8 |    0     1    24     5     1    24     4    58    48   254     0    32     2    88 || 1439=2 0FB1=2
1        1   8 |    0     1    24     5     1    24     4    60    48   254     0    32     2    88 || 1439=2 0FB1=2
1        1   8 |    0     1    24     5     1    24     4    62    48   254     0    32     2    88 || 1439=2 0FB1=2
1        0   8 |    0     1    24     5     1    24     4    64    48   254     0    96     2    88 || 1439=2 0FB1=2
1        0   8 |    0     1    24     5     1    24     4    64    48     2     0   160     3    90 || 1439=2 0FB1=2
1        0   8 |    0     1    24     5     1    24     4    60    48     2     0    32     3    90 || 1439=2 0FB1=2
1        0   8 |    0     1    24     5     1    24     4    58    48     2     0    32     3    90 || 1439=2 0FB1=2
1        0   8 |    0     1    24     5     1    24     4    56    48     2     0    32     3    90 || 1439=2 0FB1=2
1        0   8 |    0     1    24     5     1    24     4    54    48     2     0    32     3    90 || 1439=2 0FB1=2
1        0   8 |    0     1    24     5     1    24     4    52    48     2     0    32     3    90 || 1439=2 0FB1=2
1        0   8 |    0     1    24     5     1    24     4    50    48     2     0    32     3    90 || 1439=2 0FB1=2
1        1   8 |    0     1    24     5     1    24     4    48    48     2     0    96     3    90 || 1439=2 0FB1=2
1        1   8 |    0     1    24     5     1    24     4    48    48     2     0   160     3    92 || 1439=2 0FB1=2
1        1   8 |    0     1    24     5     1    24     4    44    48     2     0    32     3    92 || 1439=2 0FB1=2
1        1   8 |    0     1    24     5     1    24     4    42    48     2     0    32     3    92 || 1439=2 0FB1=2
1        1   8 |    0     1    24     5     1    24     4    40    48     2     0    32     3    92 || 1439=2 0FB1=2
1        1   8 |    0     1    24     5     1    24     4    38    48     2     0    32     3    92 || 1439=2 0FB1=2
1        1   8 |    0     1    24     5     1    24     4    36    48     2     0    32     3    92 || 1439=2 0FB1=2
1        1   8 |    0     1    24     5     1    24     4    34    48     2     0    32     3    92 || 1439=2 0FB1=2
1        2   8 |    0     1    24     5     1    24     4    32    48     2     0    96     3    92 || 1439=2 0FB1=2
1        2   8 |    0     1    24     5     1    24     4    32    48     2     0   160     3    94 || 1439=2 0FB1=2
1        2   8 |    0     1    24     5     1    24     4    28    48     2     0    32     3    94 || 1439=2 0FB1=2
1        2   8 |    0     1    24     5     1    24     4    26    48     2     0    32     3    94 || 1439=2 0FB1=2
1        2   8 |    0     1    24     5     1    24     4    24    48     2     0    32     3    94 || 1439=2 0FB1=2
1        2   8 |    0     1    24     5     1    24     4    22    48     2     0    32     3    94 || 1439=2 0FB1=2
1        2   8 |    0     1    24     5     1    24     4    20    48     2     0    32     3    94 || 1439=2 0FB1=2
1        2   8 |    0     1    24     5     1    24     4    18    48     2     0    32     3    94 || 1439=2 0FB1=2
1        3   8 |    0     1    24     5     1    24     4    16    48     2     0    96     3    94 || 1439=2 0FB1=2
1        3   8 |    0     1    24     5     1    24     4    16    48     2     0   160     3    64 || 1439=2 0FB1=2
1        3   8 |    0     1    24     5     1    24     4    12    48     2     0    32     3    64 || 1439=2 0FB1=2
1        3   8 |    0     1    24     5     1    24     4    10    48     2     0    32     3    64 || 1439=2 0FB1=2
1        3   8 |    0     1    24     5     1    24     4     8    48     2     0    32     3    64 || 1439=2 0FB1=2
1        3   8 |    0     1    24     5     1    24     4     6    48     2     0    32     3    64 || 1439=2 0FB1=2
1        3   8 |    0     1    24     5     1    24     4     4    48     2     0    32     3    64 || 1439=2 0FB1=2
1        3   8 |    0     1    24     5     1    24     4     2    48     2     0    32     3    64 || 1439=2 0FB1=2
1        4   8 |    0     1    24     5     1    24     4     0    48     2     0    96     3    64 || 1439=2 0FB1=2
1        4   8 |    0     1    24     5     1    24     4     0    48     2     0   160     3    66 || 1439=2 0FB1=2
1        4   8 |    0     1    24     5     1    24     4   252    48     2     0    32     3    66 || 1439=2 0FB1=2
1        4   8 |    0     1    24     5     1    24     4   250    48     2     0    32     3    66 || 1439=2 0FB1=2
1        4   8 |    0     1    24     5     1    24     4   248    48     2     0    32     3    66 || 1439=2 0FB1=2
1        4   8 |    0     1    24     5     1    24     4   246    48     2     0    32     3    66 || 1439=2 0FB1=2
1        4   8 |    0     1    24     5     1    24     4   244    48     2     0    32     3    66 || 1439=2 0FB1=2
1        4   8 |    0     1    24     5     1    24     4   242    48     2     0    32     3    66 || 1439=2 0FB1=2
1        5   8 |    0     1    24     5     1    24     4   240    48     2     0    96     3    66 || 1439=2 0FB1=2
1        5   8 |    0     1    24     5     1    24     4   240    48     2     0   160     3    68 || 1439=2 0FB1=2
1        5   8 |    0     1    24     5     1    24     4   236    48     2     0    32     3    68 || 1439=2 0FB1=2
1        5   8 |    0     1    24     5     1    24     4   234    48     2     0    32     3    68 || 1439=2 0FB1=2
1        5   8 |    0     1    24     5     1    24     4   232    48     2     0    32     3    68 || 1439=2 0FB1=2
1        5   8 |    0     1    24     5     1    24     4   230    48     2     0    32     3    68 || 1439=2 0FB1=2
1        5   8 |    0     1    24     5     1    24     4   228    48     2     0    32     3    68 || 1439=2 0FB1=2
1        5   8 |    0     1    24     5     1    24     4   226    48     2     0    32     3    68 || 1439=2 0FB1=2
1        6   8 |    0     1    24     5     1    24     4   224    48     2     0    96     3    68 || 1439=2 0FB1=2
1        6   8 |    0     1    24     5     1    24     4   224    48     2     0   160     3    70 || 1439=2 0FB1=2
1        6   8 |    0     1    24     5     1    24     4   220    48     2     0    32     3    70 || 1439=2 0FB1=2
1        6   8 |    0     1    24     5     1    24     4   218    48     2     0    32     3    70 || 1439=2 0FB1=2
1        6   8 |    0     1    24     5     1    24     4   216    48     2     0    32     3    70 || 1439=2 0FB1=2
1        6   8 |    0     1    24     5     1    24     4   214    48     2     0    32     3    70 || 1439=2 0FB1=2
1        6   8 |    0     1    24     5     1    24     4   212    48     2     0    32     3    70 || 1439=2 0FB1=2
1        6   8 |    0     1    24     5     1    24     4   210    48     2     0    32     3    70 || 1439=2 0FB1=2
1        7   8 |    0     1    24     5     1    24     4   208    48     2     0    96     3    70 || 1439=2 0FB1=2
1        7   8 |    0     1    24     5     1    24     4   208    48     2     0   160     3    72 || 1439=2 0FB1=2
1        7   8 |    0     1    24     5     1    24     4   204    48     2     0    32     3    72 || 1439=2 0FB1=2
1        7   8 |    0     1    24     5     1    24     4   202    48     2     0    32     3    72 || 1439=2 0FB1=2
1        7   8 |    0     1    24     5     1    24     4   200    48     2     0    32     3    72 || 1439=2 0FB1=2
1        7   8 |    0     1    24     5     1    24     4   198    48     2     0    32     3    72 || 1439=2 0FB1=2
1        7   8 |    0     1    24     5     1    24     4   196    48     2     0    32     3    72 || 1439=2 0FB1=2
1        7   8 |    0     1    24     5     1    24     4   194    48     2     0    32     3    72 || 1439=2 0FB1=2
1        8   8 |    0     1    24     5     1    24     4   192    48     2     0    96     3    72 || 1439=2 0FB1=2
1        8   8 |    0     1    24     5     1    24     4   192    48   254     0   160     2    70 || 1439=2 0FB1=2
1        8   8 |    0     1    24     5     1    24     4   196    48   254     0    32     2    70 || 1439=2 0FB1=2
1        8   8 |    0     1    24     5     1    24     4   198    48   254     0    32     2    70 || 1439=2 0FB1=2
1        8   8 |    0     1    24     5     1    24     4   200    48   254     0    32     2    70 || 1439=2 0FB1=2
1        8   8 |    0     1    24     5     1    24     4   202    48   254     0    32     2    70 || 1439=2 0FB1=2
1        8   8 |    0     1    24     5     1    24     4   204    48   254     0    32     2    70 || 1439=2 0FB1=2
1        8   8 |    0     1    24     5     1    24     4   206    48   254     0    32     2    70 || 1439=2 0FB1=2
1        7   8 |    0     1    24     5     1    24     4   208    48   254     0    96     2    70 || 1439=2 0FB1=2
1        7   8 |    0     1    24     5     1    24     4   208    48   254     0   160     2    68 || 1439=2 0FB1=2
1        7   8 |    0     1    24     5     1    24     4   212    48   254     0    32     2    68 || 1439=2 0FB1=2
1        7   8 |    0     1    24     5     1    24     4   214    48   254     0    32     2    68 || 1439=2 0FB1=2
1        7   8 |    0     1    24     5     1    24     4   216    48   254     0    32     2    68 || 1439=2 0FB1=2
1        7   8 |    0     1    24     5     1    24     4   218    48   254     0    32     2    68 || 1439=2 0FB1=2
1        7   8 |    0     1    24     5     1    24     4   220    48   254     0    32     2    68 || 1439=2 0FB1=2
1        7   8 |    0     1    24     5     1    24     4   222    48   254     0    32     2    68 || 1439=2 0FB1=2
1        6   8 |    0     1    24     5     1    24     4   224    48   254     0    96     2    68 || 1439=2 0FB1=2
1        6   8 |    0     1    24     5     1    24     4   224    48   254     0   160     2    66 || 1439=2 0FB1=2
1        6   8 |    0     1    24     5     1    24     4   228    48   254     0    32     2    66 || 1439=2 0FB1=2
1        6   8 |    0     1    24     5     1    24     4   230    48   254     0    32     2    66 || 1439=2 0FB1=2
1        6   8 |    0     1    24     5     1    24     4   232    48   254     0    32     2    66 || 1439=2 0FB1=2
1        6   8 |    0     1    24     5     1    24     4   234    48   254     0    32     2    66 || 1439=2 0FB1=2
1        6   8 |    0     1    24     5     1    24     4   236    48   254     0    32     2    66 || 1439=2 0FB1=2
1        6   8 |    0     1    24     5     1    24     4   238    48   254     0    32     2    66 || 1439=2 0FB1=2
1        5   8 |    0     1    24     5     1    24     4   240    48   254     0    96     2    66 || 1439=2 0FB1=2
1        5   8 |    0     1    24     5     1    24     4   240    48   254     0   160     2    64 || 1439=2 0FB1=2
1        5   8 |    0     1    24     5     1    24     4   244    48   254     0    32     2    64 || 1439=2 0FB1=2
1        5   8 |    0     1    24     5     1    24     4   246    48   254     0    32     2    64 || 1439=2 0FB1=2
1        5   8 |    0     1    24     5     1    24     4   248    48   254     0    32     2    64 || 1439=2 0FB1=2
1        5   8 |    0     1    24     5     1    24     4   250    48   254     0    32     2    64 || 1439=2 0FB1=2
1        5   8 |    0     1    24     5     1    24     4   252    48   254     0    32     2    64 || 1439=2 0FB1=2
1        5   8 |    0     1    24     5     1    24     4   254    48   254     0    32     2    64 || 1439=2 0FB1=2
1        4   8 |    0     1    24     5     1    24     4     0    48   254     0    96     2    64 || 1439=2 0FB1=2
1        4   8 |    0     1    24     5     1    24     4     0    48   254     0   160     2    94 || 1439=2 0FB1=2
1        4   8 |    0     1    24     5     1    24     4     4    48   254     0    32     2    94 || 1439=2 0FB1=2
1        4   8 |    0     1    24     5     1    24     4     6    48   254     0    32     2    94 || 1439=2 0FB1=2
1        4   8 |    0     1    24     5     1    24     4     8    48   254     0    32     2    94 || 1439=2 0FB1=2
1        4   8 |    0     1    24     5     1    24     4    10    48   254     0    32     2    94 || 1439=2 0FB1=2
1        4   8 |    0     1    24     5     1    24     4    12    48   254     0    32     2    94 || 1439=2 0FB1=2
1        4   8 |    0     1    24     5     1    24     4    14    48   254     0    32     2    94 || 1439=2 0FB1=2
1        3   8 |    0     1    24     5     1    24     4    16    48   254     0    96     2    94 || 1439=2 0FB1=2
1        3   8 |    0     1    24     5     1    24     4    16    48   254     0   160     2    92 || 1439=2 0FB1=2
1        3   8 |    0     1    24     5     1    24     4    20    48   254     0    32     2    92 || 1439=2 0FB1=2
1        3   8 |    0     1    24     5     1    24     4    22    48   254     0    32     2    92 || 1439=2 0FB1=2
1        3   8 |    0     1    24     5     1    24     4    24    48   254     0    32     2    92 || 1439=2 0FB1=2
1        3   8 |    0     1    24     5     1    24     4    26    48   254     0    32     2    92 || 1439=2 0FB1=2
1        3   8 |    0     1    24     5     1    24     4    28    48   254     0    32     2    92 || 1439=2 0FB1=2
1        3   8 |    0     1    24     5     1    24     4    30    48   254     0    32     2    92 || 1439=2 0FB1=2
1        2   8 |    0     1    24     5     1    24     4    32    48   254     0    96     2    92 || 1439=2 0FB1=2
1        2   8 |    0     1    24     5     1    24     4    32    48   254     0   160     2    90 || 1439=2 0FB1=2
1        2   8 |    0     1    24     5     1    24     4    36    48   254     0    32     2    90 || 1439=2 0FB1=2
1        2   8 |    0     1    24     5     1    24     4    38    48   254     0    32     2    90 || 1439=2 0FB1=2
1        2   8 |    0     1    24     5     1    24     4    40    48   254     0    32     2    90 || 1439=2 0FB1=2
1        2   8 |    0     1    24     5     1    24     4    42    48   254     0    32     2    90 || 1439=2 0FB1=2
1        2   8 |    0     1    24     5     1    24     4    44    48   254     0    32     2    90 || 1439=2 0FB1=2
1        2   8 |    0     1    24     5     1    24     4    46    48   254     0    32     2    90 || 1439=2 0FB1=2
1        1   8 |    0     1    24     5     1    24     4    48    48   254     0    96     2    90 || 1439=2 0FB1=2
1        1   8 |    0     1    24     5     1    24     4    48    48   254     0   160     2    88 || 1439=2 0FB1=2
1        1   8 |    0     1    24     5     1    24     4    52    48   254     0    32     2    88 || 1439=2 0FB1=2
1        1   8 |    0     1    24     5     1    24     4    54    48   254     0    32     2    88 || 1439=2 0FB1=2
1        1   8 |    0     1    24     5     1    24     4    56    48   254     0    32     2    88 || 1439=2 0FB1=2
1        1   8 |    0     1    24     5     1    24     4    58    48   254     0    32     2    88 || 1439=2 0FB1=2
1        1   8 |    0     1    24     5     1    24     4    60    48   254     0    32     2    88 || 1439=2 0FB1=2
1        1   8 |    0     1    24     5     1    24     4    62    48   254     0    32     2    88 || 1439=2 0FB1=2
1        0   8 |    0     1    24     5     1    24     4    64    48   254     0    96     2    88 || 1439=2 0FB1=2
1        0   8 |    0     1    24     5     1    24     4    64    48     2     0   160     3    90 || 1439=2 0FB1=2
1        0   8 |    0     1    24     5     1    24     4    60    48     2     0    32     3    90 || 1439=2 0FB1=2
1        0   8 |    0     1    24     5     1    24     4    58    48     2     0    32     3    90 || 1439=2 0FB1=2
1        0   8 |    0     1    24     5     1    24     4    56    48     2     0    32     3    90 || 1439=2 0FB1=2
1        0   8 |    0     1    24     5     1    24     4    54    48     2     0    32     3    90 || 1439=2 0FB1=2
1        0   8 |    0     1    24     5     1    24     4    52    48     2     0    32     3    90 || 1439=2 0FB1=2
1        0   8 |    0     1    24     5     1    24     4    50    48     2     0    32     3    90 || 1439=2 0FB1=2
1        1   8 |    0     1    24     5     1    24     4    48    48     2     0    96     3    90 || 1439=2 0FB1=2
1        1   8 |    0     1    24     5     1    24     4    48    48     2     0   160     3    92 || 1439=2 0FB1=2
1        1   8 |    0     1    24     5     1    24     4    44    48     2     0    32     3    92 || 1439=2 0FB1=2
1        1   8 |    0     1    24     5     1    24     4    42    48     2     0    32     3    92 || 1439=2 0FB1=2
1        1   8 |    0     1    24     5     1    24     4    40    48     2     0    32     3    92 || 1439=2 0FB1=2
1        1   8 |    0     1    24     5     1    24     4    38    48     2     0    32     3    92 || 1439=2 0FB1=2
1        1   8 |    0     1    24     5     1    24     4    36    48     2     0    32     3    92 || 1439=2 0FB1=2
1        1   8 |    0     1    24     5     1    24     4    34    48     2     0    32     3    92 || 1439=2 0FB1=2
1        2   8 |    0     1    24     5     1    24     4    32    48     2     0    96     3    92 || 1439=2 0FB1=2
1        2   8 |    0     1    24     5     1    24     4    32    48     2     0   160     3    94 || 1439=2 0FB1=2
1        2   8 |    0     1    24     5     1    24     4    28    48     2     0    32     3    94 || 1439=2 0FB1=2
1        2   8 |    0     1    24     5     1    24     4    26    48     2     0    32     3    94 || 1439=2 0FB1=2
1        2   8 |    0     1    24     5     1    24     4    24    48     2     0    32     3    94 || 1439=2 0FB1=2
1        2   8 |    0     1    24     5     1    24     4    22    48     2     0    32     3    94 || 1439=2 0FB1=2
1        2   8 |    0     1    24     5     1    24     4    20    48     2     0    32     3    94 || 1439=2 0FB1=2
1        2   8 |    0     1    24     5     1    24     4    18    48     2     0    32     3    94 || 1439=2 0FB1=2
1        3   8 |    0     1    24     5     1    24     4    16    48     2     0    96     3    94 || 1439=2 0FB1=2
1        3   8 |    0     1    24     5     1    24     4    16    48     2     0   160     3    64 || 1439=2 0FB1=2
1        3   8 |    0     1    24     5     1    24     4    12    48     2     0    32     3    64 || 1439=2 0FB1=2
1        3   8 |    0     1    24     5     1    24     4    10    48     2     0    32     3    64 || 1439=2 0FB1=2
1        3   8 |    0     1    24     5     1    24     4     8    48     2     0    32     3    64 || 1439=2 0FB1=2
1        3   8 |    0     1    24     5     1    24     4     6    48     2     0    32     3    64 || 1439=2 0FB1=2
1        3   8 |    0     1    24     5     1    24     4     4    48     2     0    32     3    64 || 1439=2 0FB1=2
1        3   8 |    0     1    24     5     1    24     4     2    48     2     0    32     3    64 || 1439=2 0FB1=2
1        4   8 |    0     1    24     5     1    24     4     0    48     2     0    96     3    64 || 1439=2 0FB1=2
1        4   8 |    0     1    24     5     1    24     4     0    48     2     0   160     3    66 || 1439=2 0FB1=2
1        4   8 |    0     1    24     5     1    24     4   252    48     2     0    32     3    66 || 1439=2 0FB1=2
1        4   8 |    0     1    24     5     1    24     4   250    48     2     0    32     3    66 || 1439=2 0FB1=2
1        4   8 |    0     1    24     5     1    24     4   248    48     2     0    32     3    66 || 1439=2 0FB1=2
1        4   8 |    0     1    24     5     1    24     4   246    48     2     0    32     3    66 || 1439=2 0FB1=2
1        4   8 |    0     1    24     5     1    24     4   244    48     2     0    32     3    66 || 1439=2 0FB1=2
1        4   8 |    0     1    24     5     1    24     4   242    48     2     0    32     3    66 || 1439=2 0FB1=2
1        5   8 |    0     1    24     5     1    24     4   240    48     2     0    96     3    66 || 1439=2 0FB1=2
1        5   8 |    0     1    24     5     1    24     4   240    48     2     0   160     3    68 || 1439=2 0FB1=2
1        5   8 |    0     1    24     5     1    24     4   236    48     2     0    32     3    68 || 1439=2 0FB1=2
1        5   8 |    0     1    24     5     1    24     4   234    48     2     0    32     3    68 || 1439=2 0FB1=2
1        5   8 |    0     1    24     5     1    24     4   232    48     2     0    32     3    68 || 1439=2 0FB1=2
1        5   8 |    0     1    24     5     1    24     4   230    48     2     0    32     3    68 || 1439=2 0FB1=2
1        5   8 |    0     1    24     5     1    24     4   228    48     2     0    32     3    68 || 1439=2 0FB1=2
1        5   8 |    0     1    24     5     1    24     4   226    48     2     0    32     3    68 || 1439=2 0FB1=2
1        6   8 |    0     1    24     5     1    24     4   224    48     2     0    96     3    68 || 1439=2 0FB1=2
1        6   8 |    0     1    24     5     1    24     4   224    48     2     0   160     3    70 || 1439=2 0FB1=2
1        6   8 |    0     1    24     5     1    24     4   220    48     2     0    32     3    70 || 1439=2 0FB1=2
1        6   8 |    0     1    24     5     1    24     4   218    48     2     0    32     3    70 || 1439=2 0FB1=2
1        6   8 |    0     1    24     5     1    24     4   216    48     2     0    32     3    70 || 1439=2 0FB1=2
1        6   8 |    0     1    24     5     1    24     4   214    48     2     0    32     3    70 || 1439=2 0FB1=2
1        6   8 |    0     1    24     5     1    24     4   212    48     2     0    32     3    70 || 1439=2 0FB1=2
1        6   8 |    0     1    24     5     1    24     4   210    48     2     0    32     3    70 || 1439=2 0FB1=2
1        7   8 |    0     1    24     5     1    24     4   208    48     2     0    96     3    70 || 1439=2 0FB1=2
1        7   8 |    0     1    24     5     1    24     4   208    48   254     0   160     2    68 || 1439=2 0FB1=2
1        7   8 |    0     1    24     5     1    24     4   212    48   254     0    32     2    68 || 1439=2 0FB1=2
1        7   8 |    0     1    24     5     1    24     4   214    48   254     0    32     2    68 || 1439=2 0FB1=2
1        7   8 |    0     1    24     5     1    24     4   216    48   254     0    32     2    68 || 1439=2 0FB1=2
1        7   8 |    0     1    24     5     1    24     4   218    48   254     0    32     2    68 || 1439=2 0FB1=2
1        7   8 |    0     1    24     5     1    24     4   220    48   254     0    32     2    68 || 1439=2 0FB1=2
1        7   8 |    0     1    24     5     1    24     4   222    48   254     0    32     2    68 || 1439=2 0FB1=2
1        6   8 |    0     1    24     5     1    24     4   224    48   254     0    96     2    68 || 1439=2 0FB1=2
1        6   8 |    0     1    24     5     1    24     4   224    48   254     0   160     2    66 || 1439=2 0FB1=2
1        6   8 |    0     1    24     5     1    24     4   228    48   254     0    32     2    66 || 1439=2 0FB1=2
1        6   8 |    0     1    24     5     1    24     4   230    48   254     0    32     2    66 || 1439=2 0FB1=2
1        6   8 |    0     1    24     5     1    24     4   232    48   254     0    32     2    66 || 1439=2 0FB1=2
1        6   8 |    0     1    24     5     1    24     4   234    48   254     0    32     2    66 || 1439=2 0FB1=2
1        6   8 |    0     1    24     5     1    24     4   236    48   254     0    32     2    66 || 1439=2 0FB1=2
1        6   8 |    0     1    24     5     1    24     4   238    48   254     0    32     2    66 || 1439=2 0FB1=2
1        5   8 |    0     1    24     5     1    24     4   240    48   254     0    96     2    66 || 1439=2 0FB1=2
1        5   8 |    0     1    24     5     1    24     4   240    48   254     0   160     2    64 || 1439=2 0FB1=2
1        5   8 |    0     1    24     5     1    24     4   244    48   254     0    32     2    64 || 1439=2 0FB1=2
1        5   8 |    0     1    24     5     1    24     4   246    48   254     0    32     2    64 || 1439=2 0FB1=2
1        5   8 |    0     1    24     5     1    24     4   248    48   254     0    32     2    64 || 1439=2 0FB1=2
1        5   8 |    0     1    24     5     1    24     4   250    48   254     0    32     2    64 || 1439=2 0FB1=2
1        5   8 |    0     1    24     5     1    24     4   252    48   254     0    32     2    64 || 1439=2 0FB1=2
1        5   8 |    0     1    24     5     1    24     4   254    48   254     0    32     2    64 || 1439=2 0FB1=2
1        4   8 |    0     1    24     5     1    24     4     0    48   254     0    96     2    64 || 1439=2 0FB1=2
1        4   8 |    0     1    24     5     1    24     4     0    48   254     0   160     2    94 || 1439=2 0FB1=2
1        4   8 |    0     1    24     5     1    24     4     4    48   254     0    32     2    94 || 1439=2 0FB1=2
1        4   8 |    0     1    24     5     1    24     4     6    48   254     0    32     2    94 || 1439=2 0FB1=2
1        4   8 |    0     1    24     5     1    24     4     8    48   254     0    32     2    94 || 1439=2 0FB1=2
1        4   8 |    0     1    24     5     1    24     4    10    48   254     0    32     2    94 || 1439=2 0FB1=2
1        4   8 |    0     1    24     5     1    24     4    12    48   254     0    32     2    94 || 1439=2 0FB1=2
1        4   8 |    0     1    24     5     1    24     4    14    48   254     0    32     2    94 || 1439=2 0FB1=2
1        3   8 |    0     1    24     5     1    24     4    16    48   254     0    96     2    94 || 1439=2 0FB1=2
1        3   8 |    0     1    24     5     1    24     4    16    48   254     0   160     2    92 || 1439=2 0FB1=2
1        3   8 |    0     1    24     5     1    24     4    20    48   254     0    32     2    92 || 1439=2 0FB1=2
1        3   8 |    0     1    24     5     1    24     4    22    48   254     0    32     2    92 || 1439=2 0FB1=2
1        3   8 |    0     1    24     5     1    24     4    24    48   254     0    32     2    92 || 1439=2 0FB1=2
1        3   8 |    0     1    24     5     1    24     4    26    48   254     0    32     2    92 || 1439=2 0FB1=2
1        3   8 |    0     1    24     5     1    24     4    28    48   254     0    32     2    92 || 1439=2 0FB1=2
1        3   8 |    0     1    24     5     1    24     4    30    48   254     0    32     2    92 || 1439=2 0FB1=2
1        2   8 |    0     1    24     5     1    24     4    32    48   254     0    96     2    92 || 1439=2 0FB1=2
1        2   8 |    0     1    24     5     1    24     4    32    48   254     0   160     2    90 || 1439=2 0FB1=2
1        2   8 |    0     1    24     5     1    24     4    36    48   254     0    32     2    90 || 1439=2 0FB1=2
1        2   8 |    0     1    24     5     1    24     4    38    48   254     0    32     2    90 || 1439=2 0FB1=2
1        2   8 |    0     1    24     5     1    24     4    40    48   254     0    32     2    90 || 1439=2 0FB1=2
1        2   8 |    0     1    24     5     1    24     4    42    48   254     0    32     2    90 || 1439=2 0FB1=2
1        2   8 |    0     1    24     5     1    24     4    44    48   254     0    32     2    90 || 1439=2 0FB1=2
1        2   8 |    0     1    24     5     1    24     4    46    48   254     0    32     2    90 || 1439=2 0FB1=2
1        1   8 |    0     1    24     5     1    24     4    48    48   254     0    96     2    90 || 1439=2 0FB1=2
1        1   8 |    0     1    24     5     1    24     4    48    48     2     0   160     3    92 || 1439=2 0FB1=2
1        1   8 |    0     1    24     5     1    24     4    44    48     2     0    32     3    92 || 1439=2 0FB1=2
1        1   8 |    0     1    24     5     1    24     4    42    48     2     0    32     3    92 || 1439=2 0FB1=2
1        1   8 |    0     1    24     5     1    24     4    40    48     2     0    32     3    92 || 1439=2 0FB1=2
1        1   8 |    0     1    24     5     1    24     4    38    48     2     0    32     3    92 || 1439=2 0FB1=2
1        1   8 |    0     1    24     5     1    24     4    36    48     2     0    32     3    92 || 1439=2 0FB1=2
1        1   8 |    0     1    24     5     1    24     4    34    48     2     0    32     3    92 || 1439=2 0FB1=2
1        2   8 |    0     1    24     5     1    24     4    32    48     2     0    96     3    92 || 1439=2 0FB1=2
1        2   8 |    0     1    24     5     1    24     4    32    48     2     0   160     3    94 || 1439=2 0FB1=2
1        2   8 |    0     1    24     5     1    24     4    28    48     2     0    32     3    94 || 1439=2 0FB1=2
1        2   8 |    0     1    24     5     1    24     4    26    48     2     0    32     3    94 || 1439=2 0FB1=2
1        2   8 |    0     1    24     5     1    24     4    24    48     2     0    32     3    94 || 1439=2 0FB1=2
1        2   8 |    0     1    24     5     1    24     4    22    48     2     0    32     3    94 || 1439=2 0FB1=2
1        2   8 |    0     1    24     5     1    24     4    20    48     2     0    32     3    94 || 1439=2 0FB1=2
1        2   8 |    0     1    24     5     1    24     4    18    48     2     0    32     3    94 || 1439=2 0FB1=2
1        3   8 |    0     1    24     5     1    24     4    16    48     2     0    96     3    94 || 1439=2 0FB1=2
1        3   8 |    0     1    24     5     1    24     4    16    48     2     0   160     3    64 || 1439=2 0FB1=2
1        3   8 |    0     1    24     5     1    24     4    12    48     2     0    32     3    64 || 1439=2 0FB1=2
1        3   8 |    0     1    24     5     1    24     4    10    48     2     0    32     3    64 || 1439=2 0FB1=2
1        3   8 |    0     1    24     5     1    24     4     8    48     2     0    32     3    64 || 1439=2 0FB1=2
1        3   8 |    0     1    24     5     1    24     4     6    48     2     0    32     3    64 || 1439=2 0FB1=2
1        3   8 |    0     1    24     5     1    24     4     4    48     2     0    32     3    64 || 1439=2 0FB1=2
1        3   8 |    0     1    24     5     1    24     4     2    48     2     0    32     3    64 || 1439=2 0FB1=2
1        4   8 |    0     1    24     5     1    24     4     0    48     2     0    96     3    64 || 1439=2 0FB1=2
1        4   8 |    0     1    24     5     1    24     4     0    48     2     0   160     3    66 || 1439=2 0FB1=2
1        4   8 |    0     1    24     5     1    24     4   252    48     2     0    32     3    66 || 1439=2 0FB1=2
1        4   8 |    0     1    24     5     1    24     4   250    48     2     0    32     3    66 || 1439=2 0FB1=2
1        4   8 |    0     1    24     5     1    24     4   248    48     2     0    32     3    66 || 1439=2 0FB1=2
1        4   8 |    0     1    24     5     1    24     4   246    48     2     0    32     3    66 || 1439=2 0FB1=2
1        4   8 |    0     1    24     5     1    24     4   244    48     2     0    32     3    66 || 1439=2 0FB1=2
1        4   8 |    0     1    24     5     1    24     4   242    48     2     0    32     3    66 || 1439=2 0FB1=2
1        5   8 |    0     1    24     5     1    24     4   240    48     2     0    96     3    66 || 1439=2 0FB1=2
1        5   8 |    0     1    24     5     1    24     4   240    48     2     0   160     3    68 || 1439=2 0FB1=2
1        5   8 |    0     1    24     5     1    24     4   236    48     2     0    32     3    68 || 1439=2 0FB1=2
1        5   8 |    0     1    24     5     1    24     4   234    48     2     0    32     3    68 || 1439=2 0FB1=2
1        5   8 |    0     1    24     5     1    24     4   232    48     2     0    32     3    68 || 1439=2 0FB1=2
1        5   8 |    0     1    24     5     1    24     4   230    48     2     0    32     3    68 || 1439=2 0FB1=2
1        5   8 |    0     1    24     5     1    24     4   228    48     2     0    32     3    68 || 1439=2 0FB1=2
1        5   8 |    0     1    24     5     1    24     4   226    48     2     0    32     3    68 || 1439=2 0FB1=2
1        6   8 |    0     1    24     5     1    24     4   224    48     2     0    96     3    68 || 1439=2 0FB1=2
1        6   8 |    0     1    24     5     1    24     4   224    48     2     0   160     3    70 || 1439=2 0FB1=2
1        6   8 |    0     1    24     5     1    24     4   220    48     2     0    32     3    70 || 1439=2 0FB1=2
1        6   8 |    0     1    24     5     1    24     4   218    48     2     0    32     3    70 || 1439=2 0FB1=2
1        6   8 |    0     1    24     5     1    24     4   216    48     2     0    32     3    70 || 1439=2 0FB1=2
1        6   8 |    0     1    24     5     1    24     4   214    48     2     0    32     3    70 || 1439=2 0FB1=2
1        6   8 |    0     1    24     5     1    24     4   212    48     2     0    32     3    70 || 1439=2 0FB1=2
1        6   8 |    0     1    24     5     1    24     4   210    48     2     0    32     3    70 || 1439=2 0FB1=2
1        7   8 |    0     1    24     5     1    24     4   208    48     2     0    96     3    70 || 1439=2 0FB1=2
1        7   8 |    0     1    24     5     1    24     4   208    48   254     0   160     2    68 || 1439=2 0FB1=2
1        7   8 |    0     1    24     5     1    24     4   212    48   254     0    32     2    68 || 1439=2 0FB1=2
1        7   8 |    0     1    24     5     1    24     4   214    48   254     0    32     2    68 || 1439=2 0FB1=2
1        7   8 |    0     1    24     5     1    24     4   216    48   254     0    32     2    68 || 1439=2 0FB1=2
1        7   8 |    0     1    24     5     1    24     4   218    48   254     0    32     2    68 || 1439=2 0FB1=2
1        7   8 |    0     1    24     5     1    24     4   220    48   254     0    32     2    68 || 1439=2 0FB1=2
1        7   8 |    0     1    24     5     1    24     4   222    48   254     0    32     2    68 || 1439=2 0FB1=2
1        6   8 |    0     1    24     5     1    24     4   224    48   254     0    96     2    68 || 1439=2 0FB1=2
1        6   8 |    0     1    24     5     1    24     4   224    48   254     0   160     2    66 || 1439=2 0FB1=2
1        6   8 |    0     1    24     5     1    24     4   228    48   254     0    32     2    66 || 1439=2 0FB1=2
1        6   8 |    0     1    24     5     1    24     4   230    48   254     0    32     2    66 || 1439=2 0FB1=2
1        6   8 |    0     1    24     5     1    24     4   232    48   254     0    32     2    66 || 1439=2 0FB1=2
1        6   8 |    0     1    24     5     1    24     4   234    48   254     0    32     2    66 || 1439=2 0FB1=2
1        6   8 |    0     1    24     5     1    24     4   236    48   254     0    32     2    66 || 1439=2 0FB1=2
1        6   8 |    0     1    24     5     1    24     4   238    48   254     0    32     2    66 || 1439=2 0FB1=2
1        5   8 |    0     1    24     5     1    24     4   240    48   254     0    96     2    66 || 1439=2 0FB1=2
1        5   8 |    0     1    24     5     1    24     4   240    48   254     0   160     2    64 || 1439=2 0FB1=2
1        5   8 |    0     1    24     5     1    24     4   244    48   254     0    32     2    64 || 1439=2 0FB1=2
1        5   8 |    0     1    24     5     1    24     4   246    48   254     0    32     2    64 || 1439=2 0FB1=2
1        5   8 |    0     1    24     5     1    24     4   248    48   254     0    32     2    64 || 1439=2 0FB1=2
1        5   8 |    0     1    24     5     1    24     4   250    48   254     0    32     2    64 || 1439=2 0FB1=2
1        5   8 |    0     1    24     5     1    24     4   252    48   254     0    32     2    64 || 1439=2 0FB1=2
1        5   8 |    0     1    24     5     1    24     4   254    48   254     0    32     2    64 || 1439=2 0FB1=2
1        4   8 |    0     1    24     5     1    24     4     0    48   254     0    96     2    64 || 1439=2 0FB1=2
1        4   8 |    0     1    24     5     1    24     4     0    48   254     0   160     2    94 || 1439=2 0FB1=2
1        4   8 |    0     1    24     5     1    24     4     4    48   254     0    32     2    94 || 1439=2 0FB1=2
1        4   8 |    0     1    24     5     1    24     4     6    48   254     0    32     2    94 || 1439=2 0FB1=2
1        4   8 |    0     1    24     5     1    24     4     8    48   254     0    32     2    94 || 1439=2 0FB1=2
1        4   8 |    0     1    24     5     1    24     4    10    48   254     0    32     2    94 || 1439=2 0FB1=2
1        4   8 |    0     1    24     5     1    24     4    12    48   254     0    32     2    94 || 1439=2 0FB1=2
1        4   8 |    0     1    24     5     1    24     4    14    48   254     0    32     2    94 || 1439=2 0FB1=2
1        3   8 |    0     1    24     5     1    24     4    16    48   254     0    96     2    94 || 1439=2 0FB1=2
1        3   8 |    0     1    24     5     1    24     4    16    48   254     0   160     2    92 || 1439=2 0FB1=2
1        3   8 |    0     1    24     5     1    24     4    20    48   254     0    32     2    92 || 1439=2 0FB1=2
1        3   8 |    0     1    24     5     1    24     4    22    48   254     0    32     2    92 || 1439=2 0FB1=2
1        3   8 |    0     1    24     5     1    24     4    24    48   254     0    32     2    92 || 1439=2 0FB1=2
1        3   8 |    0     1    24     5     1    24     4    26    48   254     0    32     2    92 || 1439=2 0FB1=2
1        3   8 |    0     1    24     5     1    24     4    28    48   254     0    32     2    92 || 1439=2 0FB1=2
1        3   8 |    0     1    24     5     1    24     4    30    48   254     0    32     2    92 || 1439=2 0FB1=2
1        2   8 |    0     1    24     5     1    24     4    32    48   254     0    96     2    92 || 1439=2 0FB1=2
1        2   8 |    0     1    24     5     1    24     4    32    48   254     0   160     2    90 || 1439=2 0FB1=2
1        2   8 |    0     1    24     5     1    24     4    36    48   254     0    32     2    90 || 1439=2 0FB1=2
1        2   8 |    0     1    24     5     1    24     4    38    48   254     0    32     2    90 || 1439=2 0FB1=2
1        2   8 |    0     1    24     5     1    24     4    40    48   254     0    32     2    90 || 1439=2 0FB1=2
1        2   8 |    0     1    24     5     1    24     4    42    48   254     0    32     2    90 || 1439=2 0FB1=2
1        2   8 |    0     1    24     5     1    24     4    44    48   254     0    32     2    90 || 1439=2 0FB1=2
1        2   8 |    0     1    24     5     1    24     4    46    48   254     0    32     2    90 || 1439=2 0FB1=2
1        1   8 |    0     1    24     5     1    24     4    48    48   254     0    96     2    90 || 1439=2 0FB1=2
1        1   8 |    0     1    24     5     1    24     4    48    48     2     0   160     3    92 || 1439=2 0FB1=2
1        1   8 |    0     1    24     5     1    24     4    44    48     2     0    32     3    92 || 1439=2 0FB1=2
1        1   8 |    0     1    24     5     1    24     4    42    48     2     0    32     3    92 || 1439=2 0FB1=2
1        1   8 |    0     1    24     5     1    24     4    40    48     2     0    32     3    92 || 1439=2 0FB1=2
1        1   8 |    0     1    24     5     1    24     4    38    48     2     0    32     3    92 || 1439=2 0FB1=2
1        1   8 |    0     1    24     5     1    24     4    36    48     2     0    32     3    92 || 1439=2 0FB1=2
1        1   8 |    0     1    24     5     1    24     4    34    48     2     0    32     3    92 || 1439=2 0FB1=2
1        2   8 |    0     1    24     5     1    24     4    32    48     2     0    96     3    92 || 1439=2 0FB1=2
1        2   8 |    0     1    24     5     1    24     4    32    48     2     0   160     3    94 || 1439=2 0FB1=2
1        2   8 |    0     1    24     5     1    24     4    28    48     2     0    32     3    94 || 1439=2 0FB1=2
1        2   8 |    0     1    24     5     1    24     4    26    48     2     0    32     3    94 || 1439=2 0FB1=2
1        2   8 |    0     1    24     5     1    24     4    24    48     2     0    32     3    94 || 1439=2 0FB1=2
1        2   8 |    0     1    24     5     1    24     4    22    48     2     0    32     3    94 || 1439=2 0FB1=2
1        2   8 |    0     1    24     5     1    24     4    20    48     2     0    32     3    94 || 1439=2 0FB1=2
1        2   8 |    0     1    24     5     1    24     4    18    48     2     0    32     3    94 || 1439=2 0FB1=2
1        3   8 |    0     1    24     5     1    24     4    16    48     2     0    96     3    94 || 1439=2 0FB1=2
1        3   8 |    0     1    24     5     1    24     4    16    48     2     0   160     3    64 || 1439=2 0FB1=2
1        3   8 |    0     1    24     5     1    24     4    12    48     2     0    32     3    64 || 1439=2 0FB1=2
1        3   8 |    0     1    24     5     1    24     4    10    48     2     0    32     3    64 || 1439=2 0FB1=2
1        3   8 |    0     1    24     5     1    24     4     8    48     2     0    32     3    64 || 1439=2 0FB1=2
1        3   8 |    0     1    24     5     1    24     4     6    48     2     0    32     3    64 || 1439=2 0FB1=2
1        3   8 |    0     1    24     5     1    24     4     4    48     2     0    32     3    64 || 1439=2 0FB1=2
1        3   8 |    0     1    24     5     1    24     4     2    48     2     0    32     3    64 || 1439=2 0FB1=2
1        4   8 |    0     1    24     5     1    24     4     0    48     2     0    96     3    64 || 1439=2 0FB1=2
1        4   8 |    0     1    24     5     1    24     4     0    48     2     0   160     3    66 || 1439=2 0FB1=2
1        4   8 |    0     1    24     5     1    24     4   252    48     2     0    32     3    66 || 1439=2 0FB1=2
1        4   8 |    0     1    24     5     1    24     4   250    48     2     0    32     3    66 || 1439=2 0FB1=2
1        4   8 |    0     1    24     5     1    24     4   248    48     2     0    32     3    66 || 1439=2 0FB1=2
1        4   8 |    0     1    24     5     1    24     4   246    48     2     0    32     3    66 || 1439=2 0FB1=2
1        4   8 |    0     1    24     5     1    24     4   244    48     2     0    32     3    66 || 1439=2 0FB1=2
1        4   8 |    0     1    24     5     1    24     4   242    48     2     0    32     3    66 || 1439=2 0FB1=2
1        5   8 |    0     1    24     5     1    24     4   240    48     2     0    96     3    66 || 1439=2 0FB1=2
1        5   8 |    0     1    24     5     1    24     4   240    48     2     0   160     3    68 || 1439=2 0FB1=2
1        5   8 |    0     1    24     5     1    24     4   236    48     2     0    32     3    68 || 1439=2 0FB1=2
1        5   8 |    0     1    24     5     1    24     4   234    48     2     0    32     3    68 || 1439=2 0FB1=2
1        5   8 |    0     1    24     5     1    24     4   232    48     2     0    32     3    68 || 1439=2 0FB1=2
1        5   8 |    0     1    24     5     1    24     4   230    48     2     0    32     3    68 || 1439=2 0FB1=2
1        5   8 |    0     1    24     5     1    24     4   228    48     2     0    32     3    68 || 1439=2 0FB1=2
1        5   8 |    0     1    24     5     1    24     4   226    48     2     0    32     3    68 || 1439=2 0FB1=2
1        6   8 |    0     1    24     5     1    24     4   224    48     2     0    96     3    68 || 1439=2 0FB1=2
1        6   8 |    0     1    24     5     1    24     4   224    48     2     0   160     3    70 || 1439=2 0FB1=2
1        6   8 |    0     1    24     5     1    24     4   220    48     2     0    32     3    70 || 1439=2 0FB1=2
1        6   8 |    0     1    24     5     1    24     4   218    48     2     0    32     3    70 || 1439=2 0FB1=2
1        6   8 |    0     1    24     5     1    24     4   216    48     2     0    32     3    70 || 1439=2 0FB1=2
1        6   8 |    0     1    24     5     1    24     4   214    48     2     0    32     3    70 || 1439=2 0FB1=2
1        6   8 |    0     1    24     5     1    24     4   212    48     2     0    32     3    70 || 1439=2 0FB1=2
1        6   8 |    0     1    24     5     1    24     4   210    48     2     0    32     3    70 || 1439=2 0FB1=2
1        7   8 |    0     1    24     5     1    24     4   208    48     2     0    96     3    70 || 1439=2 0FB1=2
1        7   8 |    0     1    24     5     1    24     4   208    48   254     0   160     2    68 || 1439=2 0FB1=2
1        7   8 |    0     1    24     5     1    24     4   212    48   254     0    32     2    68 || 1439=2 0FB1=2
1        7   8 |    0     1    24     5     1    24     4   214    48   254     0    32     2    68 || 1439=2 0FB1=2
1        7   8 |    0     1    24     5     1    24     4   216    48   254     0    32     2    68 || 1439=2 0FB1=2
1        7   8 |    0     1    24     5     1    24     4   218    48   254     0    32     2    68 || 1439=2 0FB1=2
1        7   8 |    0     1    24     5     1    24     4   220    48   254     0    32     2    68 || 1439=2 0FB1=2
1        7   8 |    0     1    24     5     1    24     4   222    48   254     0    32     2    68 || 1439=2 0FB1=2
1        6   8 |    0     1    24     5     1    24     4   224    48   254     0    96     2    68 || 1439=2 0FB1=2
1        6   8 |    0     1    24     5     1    24     4   224    48   254     0   160     2    66 || 1439=2 0FB1=2
1        6   8 |    0     1    24     5     1    24     4   228    48   254     0    32     2    66 || 1439=2 0FB1=2
1        6   8 |    0     1    24     5     1    24     4   230    48   254     0    32     2    66 || 1439=2 0FB1=2
1        6   8 |    0     1    24     5     1    24     4   232    48   254     0    32     2    66 || 1439=2 0FB1=2
1        6   8 |    0     1    24     5     1    24     4   234    48   254     0    32     2    66 || 1439=2 0FB1=2
1        6   8 |    0     1    24     5     1    24     4   236    48   254     0    32     2    66 || 1439=2 0FB1=2
1        6   8 |    0     1    24     5     1    24     4   238    48   254     0    32     2    66 || 1439=2 0FB1=2
1        5   8 |    0     1    24     5     1    24     4   240    48   254     0    96     2    66 || 1439=2 0FB1=2
1        5   8 |    0     1    24     5     1    24     4   240    48   254     0   160     2    64 || 1439=2 0FB1=2
1        5   8 |    0     1    24     5     1    24     4   244    48   254     0    32     2    64 || 1439=2 0FB1=2
1        5   8 |    0     1    24     5     1    24     4   246    48   254     0    32     2    64 || 1439=2 0FB1=2
1        5   8 |    0     1    24     5     1    24     4   248    48   254     0    32     2    64 || 1439=2 0FB1=2
1        5   8 |    0     1    24     5     1    24     4   250    48   254     0    32     2    64 || 1439=2 0FB1=2
1        5   8 |    0     1    24     5     1    24     4   252    48   254     0    32     2    64 || 1439=2 0FB1=2
1        5   8 |    0     1    24     5     1    24     4   254    48   254     0    32     2    64 || 1439=2 0FB1=2
1        4   8 |    0     1    24     5     1    24     4     0    48   254     0    96     2    64 || 1439=2 0FB1=2
1        4   8 |    0     1    24     5     1    24     4     0    48   254     0   160     2    94 || 1439=2 0FB1=2
1        4   8 |    0     1    24     5     1    24     4     4    48   254     0    32     2    94 || 1439=2 0FB1=2
1        4   8 |    0     1    24     5     1    24     4     6    48   254     0    32     2    94 || 1439=2 0FB1=2
1        4   8 |    0     1    24     5     1    24     4     8    48   254     0    32     2    94 || 1439=2 0FB1=2
1        4   8 |    0     1    24     5     1    24     4    10    48   254     0    32     2    94 || 1439=2 0FB1=2
1        4   8 |    0     1    24     5     1    24     4    12    48   254     0    32     2    94 || 1439=2 0FB1=2
1        4   8 |    0     1    24     5     1    24     4    14    48   254     0    32     2    94 || 1439=2 0FB1=2
1        3   8 |    0     1    24     5     1    24     4    16    48   254     0    96     2    94 || 1439=2 0FB1=2
1        3   8 |    0     1    24     5     1    24     4    16    48   254     0   160     2    92 || 1439=2 0FB1=2
1        3   8 |    0     1    24     5     1    24     4    20    48   254     0    32     2    92 || 1439=2 0FB1=2
1        3   8 |    0     1    24     5     1    24     4    22    48   254     0    32     2    92 || 1439=2 0FB1=2
1        3   8 |    0     1    24     5     1    24     4    24    48   254     0    32     2    92 || 1439=2 0FB1=2
1        3   8 |    0     1    24     5     1    24     4    26    48   254     0    32     2    92 || 1439=2 0FB1=2
1        3   8 |    0     1    24     5     1    24     4    28    48   254     0    32     2    92 || 1439=2 0FB1=2
1        3   8 |    0     1    24     5     1    24     4    30    48   254     0    32     2    92 || 1439=2 0FB1=2
1        2   8 |    0     1    24     5     1    24     4    32    48   254     0    96     2    92 || 1439=2 0FB1=2
1        2   8 |    0     1    24     5     1    24     4    32    48   254     0   160     2    90 || 1439=2 0FB1=2
1        2   8 |    0     1    24     5     1    24     4    36    48   254     0    32     2    90 || 1439=2 0FB1=2
1        2   8 |    0     1    24     5     1    24     4    38    48   254     0    32     2    90 || 1439=2 0FB1=2
1        2   8 |    0     1    24     5     1    24     4    40    48   254     0    32     2    90 || 1439=2 0FB1=2
1        2   8 |    0     1    24     5     1    24     4    42    48   254     0    32     2    90 || 1439=2 0FB1=2
1        2   8 |    0     1    24     5     1    24     4    44    48   254     0    32     2    90 || 1439=2 0FB1=2
1        2   8 |    0     1    24     5     1    24     4    46    48   254     0    32     2    90 || 1439=2 0FB1=2
1        1   8 |    0     1    24     5     1    24     4    48    48   254     0    96     2    90 || 1439=2 0FB1=2
1        1   8 |    0     1    24     5     1    24     4    48    48     2     0   160     3    92 || 1439=2 0FB1=2
1        1   8 |    0     1    24     5     1    24     4    44    48     2     0    32     3    92 || 1439=2 0FB1=2
1        1   8 |    0     1    24     5     1    24     4    42    48     2     0    32     3    92 || 1439=2 0FB1=2
1        1   8 |    0     1    24     5     1    24     4    40    48     2     0    32     3    92 || 1439=2 0FB1=2
1        1   8 |    0     1    24     5     1    24     4    38    48     2     0    32     3    92 || 1439=2 0FB1=2
1        1   8 |    0     1    24     5     1    24     4    36    48     2     0    32     3    92 || 1439=2 0FB1=2
1        1   8 |    0     1    24     5     1    24     4    34    48     2     0    32     3    92 || 1439=2 0FB1=2
1        2   8 |    0     1    24     5     1    24     4    32    48     2     0    96     3    92 || 1439=2 0FB1=2
1        2   8 |    0     1    24     5     1    24     4    32    48     2     0   160     3    94 || 1439=2 0FB1=2
1        2   8 |    0     1    24     5     1    24     4    28    48     2     0    32     3    94 || 1439=2 0FB1=2
1        2   8 |    0     1    24     5     1    24     4    26    48     2     0    32     3    94 || 1439=2 0FB1=2
1        2   8 |    0     1    24     5     1    24     4    24    48     2     0    32     3    94 || 1439=2 0FB1=2
1        2   8 |    0     1    24     5     1    24     4    22    48     2     0    32     3    94 || 1439=2 0FB1=2
1        2   8 |    0     1    24     5     1    24     4    20    48     2     0    32     3    94 || 1439=2 0FB1=2
1        2   8 |    0     1    24     5     1    24     4    18    48     2     0    32     3    94 || 1439=2 0FB1=2
1        3   8 |    0     1    24     5     1    24     4    16    48     2     0    96     3    94 || 1439=2 0FB1=2
1        3   8 |    0     1    24     5     1    24     4    16    48     2     0   160     3    64 || 1439=2 0FB1=2
1        3   8 |    0     1    24     5     1    24     4    12    48     2     0    32     3    64 || 1439=2 0FB1=2
1        3   8 |    0     1    24     5     1    24     4    10    48     2     0    32     3    64 || 1439=2 0FB1=2
1        3   8 |    0     1    24     5     1    24     4     8    48     2     0    32     3    64 || 1439=2 0FB1=2
1        3   8 |    0     1    24     5     1    24     4     6    48     2     0    32     3    64 || 1439=2 0FB1=2
1        3   8 |    0     1    24     5     1    24     4     4    48     2     0    32     3    64 || 1439=2 0FB1=2
1        3   8 |    0     1    24     5     1    24     4     2    48     2     0    32     3    64 || 1439=2 0FB1=2
1        4   8 |    0     1    24     5     1    24     4     0    48     2     0    96     3    64 || 1439=2 0FB1=2
1        4   8 |    0     1    24     5     1    24     4     0    48     2     0   160     3    66 || 1439=2 0FB1=2
1        4   8 |    0     1    24     5     1    24     4   252    48     2     0    32     3    66 || 1439=2 0FB1=2
1        4   8 |    0     1    24     5     1    24     4   250    48     2     0    32     3    66 || 1439=2 0FB1=2
1        4   8 |    0     1    24     5     1    24     4   248    48     2     0    32     3    66 || 1439=2 0FB1=2
1        4   8 |    0     1    24     5     1    24     4   246    48     2     0    32     3    66 || 1439=2 0FB1=2
1        4   8 |    0     1    24     5     1    24     4   244    48     2     0    32     3    66 || 1439=2 0FB1=2
1        4   8 |    0     1    24     5     1    24     4   242    48     2     0    32     3    66 || 1439=2 0FB1=2
1        5   8 |    0     1    24     5     1    24     4   240    48     2     0    96     3    66 || 1439=2 0FB1=2
1        5   8 |    0     1    24     5     1    24     4   240    48     2     0   160     3    68 || 1439=2 0FB1=2
1        5   8 |    0     1    24     5     1    24     4   236    48     2     0    32     3    68 || 1439=2 0FB1=2
1        5   8 |    0     1    24     5     1    24     4   234    48     2     0    32     3    68 || 1439=2 0FB1=2
1        5   8 |    0     1    24     5     1    24     4   232    48     2     0    32     3    68 || 1439=2 0FB1=2
1        5   8 |    0     1    24     5     1    24     4   230    48     2     0    32     3    68 || 1439=2 0FB1=2
1        5   8 |    0     1    24     5     1    24     4   228    48     2     0    32     3    68 || 1439=2 0FB1=2
1        5   8 |    0     1    24     5     1    24     4   226    48     2     0    32     3    68 || 1439=2 0FB1=2
1        6   8 |    0     1    24     5     1    24     4   224    48     2     0    96     3    68 || 1439=2 0FB1=2
1        6   8 |    0     1    24     5     1    24     4   224    48     2     0   160     3    70 || 1439=2 0FB1=2
1        6   8 |    0     1    24     5     1    24     4   220    48     2     0    32     3    70 || 1439=2 0FB1=2
1        6   8 |    0     1    24     5     1    24     4   218    48     2     0    32     3    70 || 1439=2 0FB1=2
1        6   8 |    0     1    24     5     1    24     4   216    48     2     0    32     3    70 || 1439=2 0FB1=2
1        6   8 |    0     1    24     5     1    24     4   214    48     2     0    32     3    70 || 1439=2 0FB1=2
1        6   8 |    0     1    24     5     1    24     4   212    48     2     0    32     3    70 || 1439=2 0FB1=2
1        6   8 |    0     1    24     5     1    24     4   210    48     2     0    32     3    70 || 1439=2 0FB1=2
1        7   8 |    0     1    24     5     1    24     4   208    48     2     0    96     3    70 || 1439=2 0FB1=2
1        7   8 |    0     1    24     5     1    24     4   208    48   254     0   160     2    68 || 1439=2 0FB1=2
1        7   8 |    0     1    24     5     1    24     4   212    48   254     0    32     2    68 || 1439=2 0FB1=2
1        7   8 |    0     1    24     5     1    24     4   214    48   254     0    32     2    68 || 1439=2 0FB1=2
1        7   8 |    0     1    24     5     1    24     4   216    48   254     0    32     2    68 || 1439=2 0FB1=2
1        7   8 |    0     1    24     5     1    24     4   218    48   254     0    32     2    68 || 1439=2 0FB1=2
1        7   8 |    0     1    24     5     1    24     4   220    48   254     0    32     2    68 || 1439=2 0FB1=2
1        7   8 |    0     1    24     5     1    24     4   222    48   254     0    32     2    68 || 1439=2 0FB1=2
1        6   8 |    0     1    24     5     1    24     4   224    48   254     0    96     2    68 || 1439=2 0FB1=2
1        6   8 |    0     1    24     5     1    24     4   224    48   254     0   160     2    66 || 1439=2 0FB1=2
1        6   8 |    0     1    24     5     1    24     4   228    48   254     0    32     2    66 || 1439=2 0FB1=2
1        6   8 |    0     1    24     5     1    24     4   230    48   254     0    32     2    66 || 1439=2 0FB1=2
1        6   8 |    0     1    24     5     1    24     4   232    48   254     0    32     2    66 || 1439=2 0FB1=2
1        6   8 |    0     1    24     5     1    24     4   234    48   254     0    32     2    66 || 1439=2 0FB1=2
PHASE 2 (20s): walk UP and DOWN.
2        6   8 |    0     1    24     5     1    24     4   236    48   254     0    32     2    66 || 1439=2 0FB1=2
2        6   8 |    0     1    24     5     1    24     4   238    48   254     0    32     2    66 || 1439=2 0FB1=2
2        5   8 |    0     1    24     5     1    24     4   240    48   254     0    96     2    66 || 1439=2 0FB1=2
2        5   8 |    0     1    24     5     1    24     4   240    48   254     0   160     2    64 || 1439=2 0FB1=2
2        5   8 |    0     1    24     5     1    24     4   244    48   254     0    32     2    64 || 1439=2 0FB1=2
2        5   8 |    0     1    24     5     1    24     4   246    48   254     0    32     2    64 || 1439=2 0FB1=2
2        5   8 |    0     1    24     5     1    24     4   248    48   254     0    32     2    64 || 1439=2 0FB1=2
2        5   8 |    0     1    24     5     1    24     4   250    48   254     0    32     2    64 || 1439=2 0FB1=2
2        5   8 |    0     1    24     5     1    24     4   252    48   254     0    32     2    64 || 1439=2 0FB1=2
2        5   8 |    0     1    24     5     1    24     4   254    48   254     0    32     2    64 || 1439=2 0FB1=2
2        4   8 |    0     1    24     5     1    24     4     0    48   254     0    96     2    64 || 1439=2 0FB1=2
2        4   8 |    0     1    24     5     1    24     4     0    48   254     0   160     2    94 || 1439=2 0FB1=2
2        4   8 |    0     1    24     5     1    24     4     4    48   254     0    32     2    94 || 1439=2 0FB1=2
2        4   8 |    0     1    24     5     1    24     4     6    48   254     0    32     2    94 || 1439=2 0FB1=2
2        4   8 |    0     1    24     5     1    24     4     8    48   254     0    32     2    94 || 1439=2 0FB1=2
2        4   8 |    0     1    24     5     1    24     4    10    48   254     0    32     2    94 || 1439=2 0FB1=2
2        4   8 |    0     1    24     5     1    24     4    12    48   254     0    32     2    94 || 1439=2 0FB1=2
2        4   8 |    0     1    24     5     1    24     4    14    48   254     0    32     2    94 || 1439=2 0FB1=2
2        3   8 |    0     1    24     5     1    24     4    16    48   254     0    96     2    94 || 1439=2 0FB1=2
2        3   8 |    0     1    24     5     1    24     4    16    48   254     0   160     2    92 || 1439=2 0FB1=2
2        3   8 |    0     1    24     5     1    24     4    20    48   254     0    32     2    92 || 1439=2 0FB1=2
2        3   8 |    0     1    24     5     1    24     4    22    48   254     0    32     2    92 || 1439=2 0FB1=2
2        3   8 |    0     1    24     5     1    24     4    24    48   254     0    32     2    92 || 1439=2 0FB1=2
2        3   8 |    0     1    24     5     1    24     4    26    48   254     0    32     2    92 || 1439=2 0FB1=2
2        3   8 |    0     1    24     5     1    24     4    28    48   254     0    32     2    92 || 1439=2 0FB1=2
2        3   8 |    0     1    24     5     1    24     4    30    48   254     0    32     2    92 || 1439=2 0FB1=2
2        2   8 |    0     1    24     5     1    24     4    32    48   254     0    96     2    92 || 1439=2 0FB1=2
2        2   8 |    0     1    24     5     1    24     4    32    48     0     0     0   255    92 || 1439=2 0FB1=2
2        2   8 |    0     1    24     5     1    24     4    32    48     2     0   160     3    94 || 1439=2 0FB1=2
2        2   8 |    0     1    24     5     1    24     4    28    48     2     0    32     3    94 || 1439=2 0FB1=2
2        2   8 |    0     1    24     5     1    24     4    26    48     2     0    32     3    94 || 1439=2 0FB1=2
2        2   8 |    0     1    24     5     1    24     4    24    48     2     0    32     3    94 || 1439=2 0FB1=2
2        2   8 |    0     1    24     5     1    24     4    22    48     2     0    32     3    94 || 1439=2 0FB1=2
2        2   8 |    0     1    24     5     1    24     4    20    48     2     0    32     3    94 || 1439=2 0FB1=2
2        2   8 |    0     1    24     5     1    24     4    18    48     2     0    32     3    94 || 1439=2 0FB1=2
2        3   8 |    0     1    24     5     1    24     4    16    48     2     0    96     3    94 || 1439=2 0FB1=2
2        3   8 |    0     1    24     5     1    24     4    16    48     2     0   160     3    64 || 1439=2 0FB1=2
2        3   8 |    0     1    24     5     1    24     4    12    48     2     0    32     3    64 || 1439=2 0FB1=2
2        3   8 |    0     1    24     5     1    24     4    10    48     2     0    32     3    64 || 1439=2 0FB1=2
2        3   8 |    0     1    24     5     1    24     4     8    48     2     0    32     3    64 || 1439=2 0FB1=2
2        3   8 |    0     1    24     5     1    24     4     6    48     2     0    32     3    64 || 1439=2 0FB1=2
2        3   8 |    0     1    24     5     1    24     4     4    48     2     0    32     3    64 || 1439=2 0FB1=2
2        3   8 |    0     1    24     5     1    24     4     2    48     2     0    32     3    64 || 1439=2 0FB1=2
2        4   8 |    0     1    24     5     1    24     4     0    48     2     0    96     3    64 || 1439=2 0FB1=2
2        4   8 |    0     1    24     5     1    24     4     0    48     0     0     0   255    64 || 1439=2 0FB1=2
2        4   8 |    0     1    24     5     1    24     4     0    48     0   254   160     1     0 || 1439=2 0FB1=2
2        4   8 |    0     1    24     5     1    24     4     0    52     0   254    32     1     0 || 1439=2 0FB1=2
2        4   8 |    0     1    24     5     1    24     4     0    54     0   254    32     1     0 || 1439=2 0FB1=2
2        4   8 |    0     1    24     5     1    24     4     0    56     0   254    32     1     0 || 1439=2 0FB1=2
2        4   8 |    0     1    24     5     1    24     4     0    58     0   254    32     1     0 || 1439=2 0FB1=2
2        4   8 |    0     1    24     5     1    24     4     0    60     0   254    32     1     0 || 1439=2 0FB1=2
2        4   8 |    0     1    24     5     1    24     4     0    62     0   254    32     1     0 || 1439=2 0FB1=2
2        4   7 |    0     1    24     5     1    24     4     0    64     0   254    96     1     0 || 1439=2 0FB1=2
2        4   7 |    0     1    24     5     1    24     4     0    64     0   254   160     1   192 || 1439=2 0FB1=2
2        4   7 |    0     1    24     5     1    24     4     0    68     0   254    32     1   192 || 1439=2 0FB1=2
2        4   7 |    0     1    24     5     1    24     4     0    70     0   254    32     1   192 || 1439=2 0FB1=2
2        4   7 |    0     1    24     5     1    24     4     0    72     0   254    32     1   192 || 1439=2 0FB1=2
2        4   7 |    0     1    24     5     1    24     4     0    74     0   254    32     1   192 || 1439=2 0FB1=2
2        4   7 |    0     1    24     5     1    24     4     0    76     0   254    32     1   192 || 1439=2 0FB1=2
2        4   7 |    0     1    24     5     1    24     4     0    78     0   254    32     1   192 || 1439=2 0FB1=2
2        4   6 |    0     1    24     5     1    24     4     0    80     0   254    96     1   192 || 1439=2 0FB1=2
2        4   6 |    0     1    24     5     1    24     4     0    80     0   254   160     1   128 || 1439=2 0FB1=2
2        4   6 |    0     1    24     5     1    24     4     0    84     0   254    32     1   128 || 1439=2 0FB1=2
2        4   6 |    0     1    24     5     1    24     4     0    86     0   254    32     1   128 || 1439=2 0FB1=2
2        4   6 |    0     1    24     5     1    24     4     0    88     0   254    32     1   128 || 1439=2 0FB1=2
2        4   6 |    0     1    24     5     1    24     4     0    90     0   254    32     1   128 || 1439=2 0FB1=2
2        4   6 |    0     1    24     5     1    24     4     0    92     0   254    32     1   128 || 1439=2 0FB1=2
2        4   6 |    0     1    24     5     1    24     4     0    94     0   254    32     1   128 || 1439=2 0FB1=2
2        4   5 |    0     1    24     5     1    24     4     0    96     0   254    96     1   128 || 1439=2 0FB1=2
2        4   5 |    0     1    24     5     1    24     4     0    96     0   254   160     1    64 || 1439=2 0FB1=2
2        4   5 |    0     1    24     5     1    24     4     0   100     0   254    32     1    64 || 1439=2 0FB1=2
2        4   5 |    0     1    24     5     1    24     4     0   102     0   254    32     1    64 || 1439=2 0FB1=2
2        4   5 |    0     1    24     5     1    24     4     0   104     0   254    32     1    64 || 1439=2 0FB1=2
2        4   5 |    0     1    24     5     1    24     4     0   106     0   254    32     1    64 || 1439=2 0FB1=2
2        4   5 |    0     1    24     5     1    24     4     0   108     0   254    32     1    64 || 1439=2 0FB1=2
2        4   5 |    0     1    24     5     1    24     4     0   110     0   254    32     1    64 || 1439=2 0FB1=2
2        4   4 |    0     1    24     5     1    24     4     0   112     0   254    96     1    64 || 1439=2 0FB1=2
2        4   4 |    0     1    24     5     1    24     4     0   112     0   254   160     1     0 || 1439=2 0FB1=2
2        4   4 |    0     1    24     5     1    24     4     0   116     0   254    32     1     0 || 1439=2 0FB1=2
2        4   4 |    0     1    24     5     1    24     4     0   118     0   254    32     1     0 || 1439=2 0FB1=2
2        4   4 |    0     1    24     5     1    24     4     0   120     0   254    32     1     0 || 1439=2 0FB1=2
2        4   4 |    0     1    24     5     1    24     4     0   122     0   254    32     1     0 || 1439=2 0FB1=2
2        4   4 |    0     1    24     5     1    24     4     0   124     0   254    32     1     0 || 1439=2 0FB1=2
2        4   4 |    0     1    24     5     1    24     4     0   126     0   254    32     1     0 || 1439=2 0FB1=2
2        4   3 |    0     1    24     5     1    24     4     0   128     0   254    96     1     0 || 1439=2 0FB1=2
2        4   3 |    0     1    24     5     1    24     4     0   128     0   254   160     1   192 || 1439=2 0FB1=2
2        4   3 |    0     1    24     5     1    24     4     0   132     0   254    32     1   192 || 1439=2 0FB1=2
2        4   3 |    0     1    24     5     1    24     4     0   134     0   254    32     1   192 || 1439=2 0FB1=2
2        4   3 |    0     1    24     5     1    24     4     0   136     0   254    32     1   192 || 1439=2 0FB1=2
2        4   3 |    0     1    24     5     1    24     4     0   138     0   254    32     1   192 || 1439=2 0FB1=2
2        4   3 |    0     1    24     5     1    24     4     0   140     0   254    32     1   192 || 1439=2 0FB1=2
2        4   3 |    0     1    24     5     1    24     4     0   142     0   254    32     1   192 || 1439=2 0FB1=2
2        4   2 |    0     1    24     5     1    24     4     0   144     0   254    96     1   192 || 1439=2 0FB1=2
2        4   2 |    0     1    24     5     1    24     4     0   144     0     2   160     0     0 || 1439=2 0FB1=2
2        4   2 |    0     1    24     5     1    24     4     0   140     0     2    32     0     0 || 1439=2 0FB1=2
2        4   2 |    0     1    24     5     1    24     4     0   138     0     2    32     0     0 || 1439=2 0FB1=2
2        4   2 |    0     1    24     5     1    24     4     0   136     0     2    32     0     0 || 1439=2 0FB1=2
2        4   2 |    0     1    24     5     1    24     4     0   134     0     2    32     0     0 || 1439=2 0FB1=2
2        4   2 |    0     1    24     5     1    24     4     0   132     0     2    32     0     0 || 1439=2 0FB1=2
2        4   2 |    0     1    24     5     1    24     4     0   130     0     2    32     0     0 || 1439=2 0FB1=2
2        4   3 |    0     1    24     5     1    24     4     0   128     0     2    96     0     0 || 1439=2 0FB1=2
2        4   3 |    0     1    24     5     1    24     4     0   128     0     2   160     0    64 || 1439=2 0FB1=2
2        4   3 |    0     1    24     5     1    24     4     0   124     0     2    32     0    64 || 1439=2 0FB1=2
2        4   3 |    0     1    24     5     1    24     4     0   122     0     2    32     0    64 || 1439=2 0FB1=2
2        4   3 |    0     1    24     5     1    24     4     0   120     0     2    32     0    64 || 1439=2 0FB1=2
2        4   3 |    0     1    24     5     1    24     4     0   118     0     2    32     0    64 || 1439=2 0FB1=2
2        4   3 |    0     1    24     5     1    24     4     0   116     0     2    32     0    64 || 1439=2 0FB1=2
2        4   3 |    0     1    24     5     1    24     4     0   114     0     2    32     0    64 || 1439=2 0FB1=2
2        4   4 |    0     1    24     5     1    24     4     0   112     0     2    96     0    64 || 1439=2 0FB1=2
2        4   4 |    0     1    24     5     1    24     4     0   112     0     2   160     0   128 || 1439=2 0FB1=2
2        4   4 |    0     1    24     5     1    24     4     0   108     0     2    32     0   128 || 1439=2 0FB1=2
2        4   4 |    0     1    24     5     1    24     4     0   106     0     2    32     0   128 || 1439=2 0FB1=2
2        4   4 |    0     1    24     5     1    24     4     0   104     0     2    32     0   128 || 1439=2 0FB1=2
2        4   4 |    0     1    24     5     1    24     4     0   102     0     2    32     0   128 || 1439=2 0FB1=2
2        4   4 |    0     1    24     5     1    24     4     0   100     0     2    32     0   128 || 1439=2 0FB1=2
2        4   4 |    0     1    24     5     1    24     4     0    98     0     2    32     0   128 || 1439=2 0FB1=2
2        4   5 |    0     1    24     5     1    24     4     0    96     0     2    96     0   128 || 1439=2 0FB1=2
2        4   5 |    0     1    24     5     1    24     4     0    96     0     2   160     0   192 || 1439=2 0FB1=2
2        4   5 |    0     1    24     5     1    24     4     0    92     0     2    32     0   192 || 1439=2 0FB1=2
2        4   5 |    0     1    24     5     1    24     4     0    90     0     2    32     0   192 || 1439=2 0FB1=2
2        4   5 |    0     1    24     5     1    24     4     0    88     0     2    32     0   192 || 1439=2 0FB1=2
2        4   5 |    0     1    24     5     1    24     4     0    86     0     2    32     0   192 || 1439=2 0FB1=2
2        4   5 |    0     1    24     5     1    24     4     0    84     0     2    32     0   192 || 1439=2 0FB1=2
2        4   5 |    0     1    24     5     1    24     4     0    82     0     2    32     0   192 || 1439=2 0FB1=2
2        4   6 |    0     1    24     5     1    24     4     0    80     0     2    96     0   192 || 1439=2 0FB1=2
2        4   6 |    0     1    24     5     1    24     4     0    80     0     2   160     0     0 || 1439=2 0FB1=2
2        4   6 |    0     1    24     5     1    24     4     0    76     0     2    32     0     0 || 1439=2 0FB1=2
2        4   6 |    0     1    24     5     1    24     4     0    74     0     2    32     0     0 || 1439=2 0FB1=2
2        4   6 |    0     1    24     5     1    24     4     0    72     0     2    32     0     0 || 1439=2 0FB1=2
2        4   6 |    0     1    24     5     1    24     4     0    70     0     2    32     0     0 || 1439=2 0FB1=2
2        4   6 |    0     1    24     5     1    24     4     0    68     0     2    32     0     0 || 1439=2 0FB1=2
2        4   6 |    0     1    24     5     1    24     4     0    66     0     2    32     0     0 || 1439=2 0FB1=2
2        4   7 |    0     1    24     5     1    24     4     0    64     0     2    96     0     0 || 1439=2 0FB1=2
2        4   7 |    0     1    24     5     1    24     4     0    64     0     2   160     0    64 || 1439=2 0FB1=2
2        4   7 |    0     1    24     5     1    24     4     0    60     0     2    32     0    64 || 1439=2 0FB1=2
2        4   7 |    0     1    24     5     1    24     4     0    58     0     2    32     0    64 || 1439=2 0FB1=2
2        4   7 |    0     1    24     5     1    24     4     0    56     0     2    32     0    64 || 1439=2 0FB1=2
2        4   7 |    0     1    24     5     1    24     4     0    54     0     2    32     0    64 || 1439=2 0FB1=2
2        4   7 |    0     1    24     5     1    24     4     0    52     0     2    32     0    64 || 1439=2 0FB1=2
2        4   7 |    0     1    24     5     1    24     4     0    50     0     2    32     0    64 || 1439=2 0FB1=2
2        4   8 |    0     1    24     5     1    24     4     0    48     0     2    96     0    64 || 1439=2 0FB1=2
2        4   8 |    0     1    24     5     1    24     4     0    48     0     2   160     0   128 || 1439=2 0FB1=2
2        4   8 |    0     1    24     5     1    24     4     0    44     0     2    32     0   128 || 1439=2 0FB1=2
2        4   8 |    0     1    24     5     1    24     4     0    42     0     2    32     0   128 || 1439=2 0FB1=2
2        4   8 |    0     1    24     5     1    24     4     0    40     0     2    32     0   128 || 1439=2 0FB1=2
2        4   8 |    0     1    24     5     1    24     4     0    38     0     2    32     0   128 || 1439=2 0FB1=2
2        4   8 |    0     1    24     5     1    24     4     0    36     0     2    32     0   128 || 1439=2 0FB1=2
2        4   8 |    0     1    24     5     1    24     4     0    34     0     2    32     0   128 || 1439=2 0FB1=2
2        4   9 |    0     1    24     5     1    24     4     0    32     0     2    96     0   128 || 1439=2 0FB1=2
2        4   9 |    0     1    24     5     1    24     4     0    32     0     2   160     0   192 || 1439=2 0FB1=2
2        4   9 |    0     1    24     5     1    24     4     0    28     0     2    32     0   192 || 1439=2 0FB1=2
2        4   9 |    0     1    24     5     1    24     4     0    26     0     2    32     0   192 || 1439=2 0FB1=2
2        4   9 |    0     1    24     5     1    24     4     0    24     0     2    32     0   192 || 1439=2 0FB1=2
2        4   9 |    0     1    24     5     1    24     4     0    22     0     2    32     0   192 || 1439=2 0FB1=2
2        4   9 |    0     1    24     5     1    24     4     0    20     0     2    32     0   192 || 1439=2 0FB1=2
2        4   9 |    0     1    24     5     1    24     4     0    18     0     2    32     0   192 || 1439=2 0FB1=2
2        4  10 |    0     1    24     5     1    24     4     0    16     0     2    96     0   192 || 1439=2 0FB1=2
2        4  10 |    0     1    24     5     1    24     4     0    16     0   254   160     1   128 || 1439=2 0FB1=2
2        4  10 |    0     1    24     5     1    24     4     0    20     0   254    32     1   128 || 1439=2 0FB1=2
2        4  10 |    0     1    24     5     1    24     4     0    22     0   254    32     1   128 || 1439=2 0FB1=2
2        4  10 |    0     1    24     5     1    24     4     0    24     0   254    32     1   128 || 1439=2 0FB1=2
2        4  10 |    0     1    24     5     1    24     4     0    26     0   254    32     1   128 || 1439=2 0FB1=2
2        4  10 |    0     1    24     5     1    24     4     0    28     0   254    32     1   128 || 1439=2 0FB1=2
2        4  10 |    0     1    24     5     1    24     4     0    30     0   254    32     1   128 || 1439=2 0FB1=2
2        4   9 |    0     1    24     5     1    24     4     0    32     0   254    96     1   128 || 1439=2 0FB1=2
2        4   9 |    0     1    24     5     1    24     4     0    32     0   254   160     1    64 || 1439=2 0FB1=2
2        4   9 |    0     1    24     5     1    24     4     0    36     0   254    32     1    64 || 1439=2 0FB1=2
2        4   9 |    0     1    24     5     1    24     4     0    38     0   254    32     1    64 || 1439=2 0FB1=2
2        4   9 |    0     1    24     5     1    24     4     0    40     0   254    32     1    64 || 1439=2 0FB1=2
2        4   9 |    0     1    24     5     1    24     4     0    42     0   254    32     1    64 || 1439=2 0FB1=2
2        4   9 |    0     1    24     5     1    24     4     0    44     0   254    32     1    64 || 1439=2 0FB1=2
2        4   9 |    0     1    24     5     1    24     4     0    46     0   254    32     1    64 || 1439=2 0FB1=2
2        4   8 |    0     1    24     5     1    24     4     0    48     0   254    96     1    64 || 1439=2 0FB1=2
2        4   8 |    0     1    24     5     1    24     4     0    48     0   254   160     1     0 || 1439=2 0FB1=2
2        4   8 |    0     1    24     5     1    24     4     0    52     0   254    32     1     0 || 1439=2 0FB1=2
2        4   8 |    0     1    24     5     1    24     4     0    54     0   254    32     1     0 || 1439=2 0FB1=2
2        4   8 |    0     1    24     5     1    24     4     0    56     0   254    32     1     0 || 1439=2 0FB1=2
2        4   8 |    0     1    24     5     1    24     4     0    58     0   254    32     1     0 || 1439=2 0FB1=2
2        4   8 |    0     1    24     5     1    24     4     0    60     0   254    32     1     0 || 1439=2 0FB1=2
2        4   8 |    0     1    24     5     1    24     4     0    62     0   254    32     1     0 || 1439=2 0FB1=2
2        4   7 |    0     1    24     5     1    24     4     0    64     0   254    96     1     0 || 1439=2 0FB1=2
2        4   7 |    0     1    24     5     1    24     4     0    64     0   254   160     1   192 || 1439=2 0FB1=2
2        4   7 |    0     1    24     5     1    24     4     0    68     0   254    32     1   192 || 1439=2 0FB1=2
2        4   7 |    0     1    24     5     1    24     4     0    70     0   254    32     1   192 || 1439=2 0FB1=2
2        4   7 |    0     1    24     5     1    24     4     0    72     0   254    32     1   192 || 1439=2 0FB1=2
2        4   7 |    0     1    24     5     1    24     4     0    74     0   254    32     1   192 || 1439=2 0FB1=2
2        4   7 |    0     1    24     5     1    24     4     0    76     0   254    32     1   192 || 1439=2 0FB1=2
2        4   7 |    0     1    24     5     1    24     4     0    78     0   254    32     1   192 || 1439=2 0FB1=2
2        4   6 |    0     1    24     5     1    24     4     0    80     0   254    96     1   192 || 1439=2 0FB1=2
2        4   6 |    0     1    24     5     1    24     4     0    80     0   254   160     1   128 || 1439=2 0FB1=2
2        4   6 |    0     1    24     5     1    24     4     0    84     0   254    32     1   128 || 1439=2 0FB1=2
2        4   6 |    0     1    24     5     1    24     4     0    86     0   254    32     1   128 || 1439=2 0FB1=2
2        4   6 |    0     1    24     5     1    24     4     0    88     0   254    32     1   128 || 1439=2 0FB1=2
2        4   6 |    0     1    24     5     1    24     4     0    90     0   254    32     1   128 || 1439=2 0FB1=2
2        4   6 |    0     1    24     5     1    24     4     0    92     0   254    32     1   128 || 1439=2 0FB1=2
2        4   6 |    0     1    24     5     1    24     4     0    94     0   254    32     1   128 || 1439=2 0FB1=2
2        4   5 |    0     1    24     5     1    24     4     0    96     0   254    96     1   128 || 1439=2 0FB1=2
2        4   5 |    0     1    24     5     1    24     4     0    96     0   254   160     1    64 || 1439=2 0FB1=2
2        4   5 |    0     1    24     5     1    24     4     0   100     0   254    32     1    64 || 1439=2 0FB1=2
2        4   5 |    0     1    24     5     1    24     4     0   102     0   254    32     1    64 || 1439=2 0FB1=2
2        4   5 |    0     1    24     5     1    24     4     0   104     0   254    32     1    64 || 1439=2 0FB1=2
2        4   5 |    0     1    24     5     1    24     4     0   106     0   254    32     1    64 || 1439=2 0FB1=2
2        4   5 |    0     1    24     5     1    24     4     0   108     0   254    32     1    64 || 1439=2 0FB1=2
2        4   5 |    0     1    24     5     1    24     4     0   110     0   254    32     1    64 || 1439=2 0FB1=2
2        4   4 |    0     1    24     5     1    24     4     0   112     0   254    96     1    64 || 1439=2 0FB1=2
2        4   4 |    0     1    24     5     1    24     4     0   112     0   254   160     1     0 || 1439=2 0FB1=2
2        4   4 |    0     1    24     5     1    24     4     0   116     0   254    32     1     0 || 1439=2 0FB1=2
2        4   4 |    0     1    24     5     1    24     4     0   118     0   254    32     1     0 || 1439=2 0FB1=2
2        4   4 |    0     1    24     5     1    24     4     0   120     0   254    32     1     0 || 1439=2 0FB1=2
2        4   4 |    0     1    24     5     1    24     4     0   122     0   254    32     1     0 || 1439=2 0FB1=2
2        4   4 |    0     1    24     5     1    24     4     0   124     0   254    32     1     0 || 1439=2 0FB1=2
2        4   4 |    0     1    24     5     1    24     4     0   126     0   254    32     1     0 || 1439=2 0FB1=2
2        4   3 |    0     1    24     5     1    24     4     0   128     0   254    96     1     0 || 1439=2 0FB1=2
2        4   3 |    0     1    24     5     1    24     4     0   128     0   254   160     1   192 || 1439=2 0FB1=2
2        4   3 |    0     1    24     5     1    24     4     0   132     0   254    32     1   192 || 1439=2 0FB1=2
2        4   3 |    0     1    24     5     1    24     4     0   134     0   254    32     1   192 || 1439=2 0FB1=2
2        4   3 |    0     1    24     5     1    24     4     0   136     0   254    32     1   192 || 1439=2 0FB1=2
2        4   3 |    0     1    24     5     1    24     4     0   138     0   254    32     1   192 || 1439=2 0FB1=2
2        4   3 |    0     1    24     5     1    24     4     0   140     0   254    32     1   192 || 1439=2 0FB1=2
2        4   3 |    0     1    24     5     1    24     4     0   142     0   254    32     1   192 || 1439=2 0FB1=2
2        4   2 |    0     1    24     5     1    24     4     0   144     0   254    96     1   192 || 1439=2 0FB1=2
2        4   2 |    0     1    24     5     1    24     4     0   144     0     2   160     0     0 || 1439=2 0FB1=2
2        4   2 |    0     1    24     5     1    24     4     0   140     0     2    32     0     0 || 1439=2 0FB1=2
2        4   2 |    0     1    24     5     1    24     4     0   138     0     2    32     0     0 || 1439=2 0FB1=2
2        4   2 |    0     1    24     5     1    24     4     0   136     0     2    32     0     0 || 1439=2 0FB1=2
2        4   2 |    0     1    24     5     1    24     4     0   134     0     2    32     0     0 || 1439=2 0FB1=2
2        4   2 |    0     1    24     5     1    24     4     0   132     0     2    32     0     0 || 1439=2 0FB1=2
2        4   2 |    0     1    24     5     1    24     4     0   130     0     2    32     0     0 || 1439=2 0FB1=2
2        4   3 |    0     1    24     5     1    24     4     0   128     0     2    96     0     0 || 1439=2 0FB1=2
2        4   3 |    0     1    24     5     1    24     4     0   128     0     2   160     0    64 || 1439=2 0FB1=2
2        4   3 |    0     1    24     5     1    24     4     0   124     0     2    32     0    64 || 1439=2 0FB1=2
2        4   3 |    0     1    24     5     1    24     4     0   122     0     2    32     0    64 || 1439=2 0FB1=2
2        4   3 |    0     1    24     5     1    24     4     0   120     0     2    32     0    64 || 1439=2 0FB1=2
2        4   3 |    0     1    24     5     1    24     4     0   118     0     2    32     0    64 || 1439=2 0FB1=2
2        4   3 |    0     1    24     5     1    24     4     0   116     0     2    32     0    64 || 1439=2 0FB1=2
2        4   3 |    0     1    24     5     1    24     4     0   114     0     2    32     0    64 || 1439=2 0FB1=2
2        4   4 |    0     1    24     5     1    24     4     0   112     0     2    96     0    64 || 1439=2 0FB1=2
2        4   4 |    0     1    24     5     1    24     4     0   112     0     2   160     0   128 || 1439=2 0FB1=2
2        4   4 |    0     1    24     5     1    24     4     0   108     0     2    32     0   128 || 1439=2 0FB1=2
2        4   4 |    0     1    24     5     1    24     4     0   106     0     2    32     0   128 || 1439=2 0FB1=2
2        4   4 |    0     1    24     5     1    24     4     0   104     0     2    32     0   128 || 1439=2 0FB1=2
2        4   4 |    0     1    24     5     1    24     4     0   102     0     2    32     0   128 || 1439=2 0FB1=2
2        4   4 |    0     1    24     5     1    24     4     0   100     0     2    32     0   128 || 1439=2 0FB1=2
2        4   4 |    0     1    24     5     1    24     4     0    98     0     2    32     0   128 || 1439=2 0FB1=2
2        4   5 |    0     1    24     5     1    24     4     0    96     0     2    96     0   128 || 1439=2 0FB1=2
2        4   5 |    0     1    24     5     1    24     4     0    96     0     2   160     0   192 || 1439=2 0FB1=2
2        4   5 |    0     1    24     5     1    24     4     0    92     0     2    32     0   192 || 1439=2 0FB1=2
2        4   5 |    0     1    24     5     1    24     4     0    90     0     2    32     0   192 || 1439=2 0FB1=2
2        4   5 |    0     1    24     5     1    24     4     0    88     0     2    32     0   192 || 1439=2 0FB1=2
2        4   5 |    0     1    24     5     1    24     4     0    86     0     2    32     0   192 || 1439=2 0FB1=2
2        4   5 |    0     1    24     5     1    24     4     0    84     0     2    32     0   192 || 1439=2 0FB1=2
2        4   5 |    0     1    24     5     1    24     4     0    82     0     2    32     0   192 || 1439=2 0FB1=2
2        4   6 |    0     1    24     5     1    24     4     0    80     0     2    96     0   192 || 1439=2 0FB1=2
2        4   6 |    0     1    24     5     1    24     4     0    80     0     2   160     0     0 || 1439=2 0FB1=2
2        4   6 |    0     1    24     5     1    24     4     0    76     0     2    32     0     0 || 1439=2 0FB1=2
2        4   6 |    0     1    24     5     1    24     4     0    74     0     2    32     0     0 || 1439=2 0FB1=2
2        4   6 |    0     1    24     5     1    24     4     0    72     0     2    32     0     0 || 1439=2 0FB1=2
2        4   6 |    0     1    24     5     1    24     4     0    70     0     2    32     0     0 || 1439=2 0FB1=2
2        4   6 |    0     1    24     5     1    24     4     0    68     0     2    32     0     0 || 1439=2 0FB1=2
2        4   6 |    0     1    24     5     1    24     4     0    66     0     2    32     0     0 || 1439=2 0FB1=2
2        4   7 |    0     1    24     5     1    24     4     0    64     0     2    96     0     0 || 1439=2 0FB1=2
2        4   7 |    0     1    24     5     1    24     4     0    64     0     2   160     0    64 || 1439=2 0FB1=2
2        4   7 |    0     1    24     5     1    24     4     0    60     0     2    32     0    64 || 1439=2 0FB1=2
2        4   7 |    0     1    24     5     1    24     4     0    58     0     2    32     0    64 || 1439=2 0FB1=2
2        4   7 |    0     1    24     5     1    24     4     0    56     0     2    32     0    64 || 1439=2 0FB1=2
2        4   7 |    0     1    24     5     1    24     4     0    54     0     2    32     0    64 || 1439=2 0FB1=2
2        4   7 |    0     1    24     5     1    24     4     0    52     0     2    32     0    64 || 1439=2 0FB1=2
2        4   7 |    0     1    24     5     1    24     4     0    50     0     2    32     0    64 || 1439=2 0FB1=2
2        4   8 |    0     1    24     5     1    24     4     0    48     0     2    96     0    64 || 1439=2 0FB1=2
2        4   8 |    0     1    24     5     1    24     4     0    48     0     2   160     0   128 || 1439=2 0FB1=2
2        4   8 |    0     1    24     5     1    24     4     0    44     0     2    32     0   128 || 1439=2 0FB1=2
2        4   8 |    0     1    24     5     1    24     4     0    42     0     2    32     0   128 || 1439=2 0FB1=2
2        4   8 |    0     1    24     5     1    24     4     0    40     0     2    32     0   128 || 1439=2 0FB1=2
2        4   8 |    0     1    24     5     1    24     4     0    38     0     2    32     0   128 || 1439=2 0FB1=2
2        4   8 |    0     1    24     5     1    24     4     0    36     0     2    32     0   128 || 1439=2 0FB1=2
2        4   8 |    0     1    24     5     1    24     4     0    34     0     2    32     0   128 || 1439=2 0FB1=2
2        4   9 |    0     1    24     5     1    24     4     0    32     0     2    96     0   128 || 1439=2 0FB1=2
2        4   9 |    0     1    24     5     1    24     4     0    32     0     0     0   255   128 || 1439=2 0FB1=2
2        4   9 |    0     1    24     5     1    24     4     0    32     0   254   160     1    64 || 1439=2 0FB1=2
2        4   9 |    0     1    24     5     1    24     4     0    36     0   254    32     1    64 || 1439=2 0FB1=2
2        4   9 |    0     1    24     5     1    24     4     0    38     0   254    32     1    64 || 1439=2 0FB1=2
2        4   9 |    0     1    24     5     1    24     4     0    40     0   254    32     1    64 || 1439=2 0FB1=2
2        4   9 |    0     1    24     5     1    24     4     0    42     0   254    32     1    64 || 1439=2 0FB1=2
2        4   9 |    0     1    24     5     1    24     4     0    44     0   254    32     1    64 || 1439=2 0FB1=2
2        4   9 |    0     1    24     5     1    24     4     0    46     0   254    32     1    64 || 1439=2 0FB1=2
2        4   8 |    0     1    24     5     1    24     4     0    48     0   254    96     1    64 || 1439=2 0FB1=2
2        4   8 |    0     1    24     5     1    24     4     0    48     0   254   160     1     0 || 1439=2 0FB1=2
2        4   8 |    0     1    24     5     1    24     4     0    52     0   254    32     1     0 || 1439=2 0FB1=2
2        4   8 |    0     1    24     5     1    24     4     0    54     0   254    32     1     0 || 1439=2 0FB1=2
2        4   8 |    0     1    24     5     1    24     4     0    56     0   254    32     1     0 || 1439=2 0FB1=2
2        4   8 |    0     1    24     5     1    24     4     0    58     0   254    32     1     0 || 1439=2 0FB1=2
2        4   8 |    0     1    24     5     1    24     4     0    60     0   254    32     1     0 || 1439=2 0FB1=2
2        4   8 |    0     1    24     5     1    24     4     0    62     0   254    32     1     0 || 1439=2 0FB1=2
2        4   7 |    0     1    24     5     1    24     4     0    64     0   254    96     1     0 || 1439=2 0FB1=2
2        4   7 |    0     1    24     5     1    24     4     0    64     0   254   160     1   192 || 1439=2 0FB1=2
2        4   7 |    0     1    24     5     1    24     4     0    68     0   254    32     1   192 || 1439=2 0FB1=2
2        4   7 |    0     1    24     5     1    24     4     0    70     0   254    32     1   192 || 1439=2 0FB1=2
2        4   7 |    0     1    24     5     1    24     4     0    72     0   254    32     1   192 || 1439=2 0FB1=2
2        4   7 |    0     1    24     5     1    24     4     0    74     0   254    32     1   192 || 1439=2 0FB1=2
2        4   7 |    0     1    24     5     1    24     4     0    76     0   254    32     1   192 || 1439=2 0FB1=2
2        4   7 |    0     1    24     5     1    24     4     0    78     0   254    32     1   192 || 1439=2 0FB1=2
2        4   6 |    0     1    24     5     1    24     4     0    80     0   254    96     1   192 || 1439=2 0FB1=2
2        4   6 |    0     1    24     5     1    24     4     0    80     0   254   160     1   128 || 1439=2 0FB1=2
2        4   6 |    0     1    24     5     1    24     4     0    84     0   254    32     1   128 || 1439=2 0FB1=2
2        4   6 |    0     1    24     5     1    24     4     0    86     0   254    32     1   128 || 1439=2 0FB1=2
2        4   6 |    0     1    24     5     1    24     4     0    88     0   254    32     1   128 || 1439=2 0FB1=2
2        4   6 |    0     1    24     5     1    24     4     0    90     0   254    32     1   128 || 1439=2 0FB1=2
2        4   6 |    0     1    24     5     1    24     4     0    92     0   254    32     1   128 || 1439=2 0FB1=2
2        4   6 |    0     1    24     5     1    24     4     0    94     0   254    32     1   128 || 1439=2 0FB1=2
2        4   5 |    0     1    24     5     1    24     4     0    96     0   254    96     1   128 || 1439=2 0FB1=2
2        4   5 |    0     1    24     5     1    24     4     0    96     0   254   160     1    64 || 1439=2 0FB1=2
2        4   5 |    0     1    24     5     1    24     4     0   100     0   254    32     1    64 || 1439=2 0FB1=2
2        4   5 |    0     1    24     5     1    24     4     0   102     0   254    32     1    64 || 1439=2 0FB1=2
2        4   5 |    0     1    24     5     1    24     4     0   104     0   254    32     1    64 || 1439=2 0FB1=2
2        4   5 |    0     1    24     5     1    24     4     0   106     0   254    32     1    64 || 1439=2 0FB1=2
2        4   5 |    0     1    24     5     1    24     4     0   108     0   254    32     1    64 || 1439=2 0FB1=2
2        4   5 |    0     1    24     5     1    24     4     0   110     0   254    32     1    64 || 1439=2 0FB1=2
2        4   4 |    0     1    24     5     1    24     4     0   112     0   254    96     1    64 || 1439=2 0FB1=2
2        4   4 |    0     1    24     5     1    24     4     0   112     0   254   160     1     0 || 1439=2 0FB1=2
2        4   4 |    0     1    24     5     1    24     4     0   116     0   254    32     1     0 || 1439=2 0FB1=2
2        4   4 |    0     1    24     5     1    24     4     0   118     0   254    32     1     0 || 1439=2 0FB1=2
2        4   4 |    0     1    24     5     1    24     4     0   120     0   254    32     1     0 || 1439=2 0FB1=2
2        4   4 |    0     1    24     5     1    24     4     0   122     0   254    32     1     0 || 1439=2 0FB1=2
2        4   4 |    0     1    24     5     1    24     4     0   124     0   254    32     1     0 || 1439=2 0FB1=2
2        4   4 |    0     1    24     5     1    24     4     0   126     0   254    32     1     0 || 1439=2 0FB1=2
2        4   3 |    0     1    24     5     1    24     4     0   128     0   254    96     1     0 || 1439=2 0FB1=2
2        4   3 |    0     1    24     5     1    24     4     0   128     0   254   160     1   192 || 1439=2 0FB1=2
2        4   3 |    0     1    24     5     1    24     4     0   132     0   254    32     1   192 || 1439=2 0FB1=2
2        4   3 |    0     1    24     5     1    24     4     0   134     0   254    32     1   192 || 1439=2 0FB1=2
2        4   3 |    0     1    24     5     1    24     4     0   136     0   254    32     1   192 || 1439=2 0FB1=2
2        4   3 |    0     1    24     5     1    24     4     0   138     0   254    32     1   192 || 1439=2 0FB1=2
2        4   3 |    0     1    24     5     1    24     4     0   140     0   254    32     1   192 || 1439=2 0FB1=2
2        4   3 |    0     1    24     5     1    24     4     0   142     0   254    32     1   192 || 1439=2 0FB1=2
2        4   2 |    0     1    24     5     1    24     4     0   144     0   254    96     1   192 || 1439=2 0FB1=2
2        4   2 |    0     1    24     5     1    24     4     0   144     0     2   160     0     0 || 1439=2 0FB1=2
2        4   2 |    0     1    24     5     1    24     4     0   140     0     2    32     0     0 || 1439=2 0FB1=2
2        4   2 |    0     1    24     5     1    24     4     0   138     0     2    32     0     0 || 1439=2 0FB1=2
2        4   2 |    0     1    24     5     1    24     4     0   136     0     2    32     0     0 || 1439=2 0FB1=2
2        4   2 |    0     1    24     5     1    24     4     0   134     0     2    32     0     0 || 1439=2 0FB1=2
2        4   2 |    0     1    24     5     1    24     4     0   132     0     2    32     0     0 || 1439=2 0FB1=2
2        4   2 |    0     1    24     5     1    24     4     0   130     0     2    32     0     0 || 1439=2 0FB1=2
2        4   3 |    0     1    24     5     1    24     4     0   128     0     2    96     0     0 || 1439=2 0FB1=2
2        4   3 |    0     1    24     5     1    24     4     0   128     0     2   160     0    64 || 1439=2 0FB1=2
2        4   3 |    0     1    24     5     1    24     4     0   124     0     2    32     0    64 || 1439=2 0FB1=2
2        4   3 |    0     1    24     5     1    24     4     0   122     0     2    32     0    64 || 1439=2 0FB1=2
2        4   3 |    0     1    24     5     1    24     4     0   120     0     2    32     0    64 || 1439=2 0FB1=2
2        4   3 |    0     1    24     5     1    24     4     0   118     0     2    32     0    64 || 1439=2 0FB1=2
2        4   3 |    0     1    24     5     1    24     4     0   116     0     2    32     0    64 || 1439=2 0FB1=2
2        4   3 |    0     1    24     5     1    24     4     0   114     0     2    32     0    64 || 1439=2 0FB1=2
2        4   4 |    0     1    24     5     1    24     4     0   112     0     2    96     0    64 || 1439=2 0FB1=2
2        4   4 |    0     1    24     5     1    24     4     0   112     0     2   160     0   128 || 1439=2 0FB1=2
2        4   4 |    0     1    24     5     1    24     4     0   108     0     2    32     0   128 || 1439=2 0FB1=2
2        4   4 |    0     1    24     5     1    24     4     0   106     0     2    32     0   128 || 1439=2 0FB1=2
2        4   4 |    0     1    24     5     1    24     4     0   104     0     2    32     0   128 || 1439=2 0FB1=2
2        4   4 |    0     1    24     5     1    24     4     0   102     0     2    32     0   128 || 1439=2 0FB1=2
2        4   4 |    0     1    24     5     1    24     4     0   100     0     2    32     0   128 || 1439=2 0FB1=2
2        4   4 |    0     1    24     5     1    24     4     0    98     0     2    32     0   128 || 1439=2 0FB1=2
2        4   5 |    0     1    24     5     1    24     4     0    96     0     2    96     0   128 || 1439=2 0FB1=2
2        4   5 |    0     1    24     5     1    24     4     0    96     0     2   160     0   192 || 1439=2 0FB1=2
2        4   5 |    0     1    24     5     1    24     4     0    92     0     2    32     0   192 || 1439=2 0FB1=2
2        4   5 |    0     1    24     5     1    24     4     0    90     0     2    32     0   192 || 1439=2 0FB1=2
2        4   5 |    0     1    24     5     1    24     4     0    88     0     2    32     0   192 || 1439=2 0FB1=2
2        4   5 |    0     1    24     5     1    24     4     0    86     0     2    32     0   192 || 1439=2 0FB1=2
2        4   5 |    0     1    24     5     1    24     4     0    84     0     2    32     0   192 || 1439=2 0FB1=2
2        4   5 |    0     1    24     5     1    24     4     0    82     0     2    32     0   192 || 1439=2 0FB1=2
2        4   6 |    0     1    24     5     1    24     4     0    80     0     2    96     0   192 || 1439=2 0FB1=2
2        4   6 |    0     1    24     5     1    24     4     0    80     0     2   160     0     0 || 1439=2 0FB1=2
2        4   6 |    0     1    24     5     1    24     4     0    76     0     2    32     0     0 || 1439=2 0FB1=2
2        4   6 |    0     1    24     5     1    24     4     0    74     0     2    32     0     0 || 1439=2 0FB1=2
2        4   6 |    0     1    24     5     1    24     4     0    72     0     2    32     0     0 || 1439=2 0FB1=2
2        4   6 |    0     1    24     5     1    24     4     0    70     0     2    32     0     0 || 1439=2 0FB1=2
2        4   6 |    0     1    24     5     1    24     4     0    68     0     2    32     0     0 || 1439=2 0FB1=2
2        4   6 |    0     1    24     5     1    24     4     0    66     0     2    32     0     0 || 1439=2 0FB1=2
2        4   7 |    0     1    24     5     1    24     4     0    64     0     2    96     0     0 || 1439=2 0FB1=2
2        4   7 |    0     1    24     5     1    24     4     0    64     0     2   160     0    64 || 1439=2 0FB1=2
2        4   7 |    0     1    24     5     1    24     4     0    60     0     2    32     0    64 || 1439=2 0FB1=2
2        4   7 |    0     1    24     5     1    24     4     0    58     0     2    32     0    64 || 1439=2 0FB1=2
2        4   7 |    0     1    24     5     1    24     4     0    56     0     2    32     0    64 || 1439=2 0FB1=2
2        4   7 |    0     1    24     5     1    24     4     0    54     0     2    32     0    64 || 1439=2 0FB1=2
2        4   7 |    0     1    24     5     1    24     4     0    52     0     2    32     0    64 || 1439=2 0FB1=2
2        4   7 |    0     1    24     5     1    24     4     0    50     0     2    32     0    64 || 1439=2 0FB1=2
2        4   8 |    0     1    24     5     1    24     4     0    48     0     2    96     0    64 || 1439=2 0FB1=2
2        4   8 |    0     1    24     5     1    24     4     0    48     0     2   160     0   128 || 1439=2 0FB1=2
2        4   8 |    0     1    24     5     1    24     4     0    44     0     2    32     0   128 || 1439=2 0FB1=2
2        4   8 |    0     1    24     5     1    24     4     0    42     0     2    32     0   128 || 1439=2 0FB1=2
2        4   8 |    0     1    24     5     1    24     4     0    40     0     2    32     0   128 || 1439=2 0FB1=2
2        4   8 |    0     1    24     5     1    24     4     0    38     0     2    32     0   128 || 1439=2 0FB1=2
2        4   8 |    0     1    24     5     1    24     4     0    36     0     2    32     0   128 || 1439=2 0FB1=2
2        4   8 |    0     1    24     5     1    24     4     0    34     0     2    32     0   128 || 1439=2 0FB1=2
2        4   9 |    0     1    24     5     1    24     4     0    32     0     2    96     0   128 || 1439=2 0FB1=2
2        4   9 |    0     1    24     5     1    24     4     0    32     0     2   160     0   192 || 1439=2 0FB1=2
2        4   9 |    0     1    24     5     1    24     4     0    28     0     2    32     0   192 || 1439=2 0FB1=2
2        4   9 |    0     1    24     5     1    24     4     0    26     0     2    32     0   192 || 1439=2 0FB1=2
2        4   9 |    0     1    24     5     1    24     4     0    24     0     2    32     0   192 || 1439=2 0FB1=2
2        4   9 |    0     1    24     5     1    24     4     0    22     0     2    32     0   192 || 1439=2 0FB1=2
2        4   9 |    0     1    24     5     1    24     4     0    20     0     2    32     0   192 || 1439=2 0FB1=2
2        4   9 |    0     1    24     5     1    24     4     0    18     0     2    32     0   192 || 1439=2 0FB1=2
2        4  10 |    0     1    24     5     1    24     4     0    16     0     2    96     0   192 || 1439=2 0FB1=2
2        4  10 |    0     1    24     5     1    24     4     0    16     0   254   160     1   128 || 1439=2 0FB1=2
2        4  10 |    0     1    24     5     1    24     4     0    20     0   254    32     1   128 || 1439=2 0FB1=2
2        4  10 |    0     1    24     5     1    24     4     0    22     0   254    32     1   128 || 1439=2 0FB1=2
2        4  10 |    0     1    24     5     1    24     4     0    24     0   254    32     1   128 || 1439=2 0FB1=2
2        4  10 |    0     1    24     5     1    24     4     0    26     0   254    32     1   128 || 1439=2 0FB1=2
2        4  10 |    0     1    24     5     1    24     4     0    28     0   254    32     1   128 || 1439=2 0FB1=2
2        4  10 |    0     1    24     5     1    24     4     0    30     0   254    32     1   128 || 1439=2 0FB1=2
2        4   9 |    0     1    24     5     1    24     4     0    32     0   254    96     1   128 || 1439=2 0FB1=2
2        4   9 |    0     1    24     5     1    24     4     0    32     0   254   160     1    64 || 1439=2 0FB1=2
2        4   9 |    0     1    24     5     1    24     4     0    36     0   254    32     1    64 || 1439=2 0FB1=2
2        4   9 |    0     1    24     5     1    24     4     0    38     0   254    32     1    64 || 1439=2 0FB1=2
2        4   9 |    0     1    24     5     1    24     4     0    40     0   254    32     1    64 || 1439=2 0FB1=2
2        4   9 |    0     1    24     5     1    24     4     0    42     0   254    32     1    64 || 1439=2 0FB1=2
2        4   9 |    0     1    24     5     1    24     4     0    44     0   254    32     1    64 || 1439=2 0FB1=2
2        4   9 |    0     1    24     5     1    24     4     0    46     0   254    32     1    64 || 1439=2 0FB1=2
2        4   8 |    0     1    24     5     1    24     4     0    48     0   254    96     1    64 || 1439=2 0FB1=2
2        4   8 |    0     1    24     5     1    24     4     0    48     0   254   160     1     0 || 1439=2 0FB1=2
2        4   8 |    0     1    24     5     1    24     4     0    52     0   254    32     1     0 || 1439=2 0FB1=2
2        4   8 |    0     1    24     5     1    24     4     0    54     0   254    32     1     0 || 1439=2 0FB1=2
2        4   8 |    0     1    24     5     1    24     4     0    56     0   254    32     1     0 || 1439=2 0FB1=2
2        4   8 |    0     1    24     5     1    24     4     0    58     0   254    32     1     0 || 1439=2 0FB1=2
2        4   8 |    0     1    24     5     1    24     4     0    60     0   254    32     1     0 || 1439=2 0FB1=2
2        4   8 |    0     1    24     5     1    24     4     0    62     0   254    32     1     0 || 1439=2 0FB1=2
2        4   7 |    0     1    24     5     1    24     4     0    64     0   254    96     1     0 || 1439=2 0FB1=2
2        4   7 |    0     1    24     5     1    24     4     0    64     0   254   160     1   192 || 1439=2 0FB1=2
2        4   7 |    0     1    24     5     1    24     4     0    68     0   254    32     1   192 || 1439=2 0FB1=2
2        4   7 |    0     1    24     5     1    24     4     0    70     0   254    32     1   192 || 1439=2 0FB1=2
2        4   7 |    0     1    24     5     1    24     4     0    72     0   254    32     1   192 || 1439=2 0FB1=2
2        4   7 |    0     1    24     5     1    24     4     0    74     0   254    32     1   192 || 1439=2 0FB1=2
2        4   7 |    0     1    24     5     1    24     4     0    76     0   254    32     1   192 || 1439=2 0FB1=2
2        4   7 |    0     1    24     5     1    24     4     0    78     0   254    32     1   192 || 1439=2 0FB1=2
2        4   6 |    0     1    24     5     1    24     4     0    80     0   254    96     1   192 || 1439=2 0FB1=2
2        4   6 |    0     1    24     5     1    24     4     0    80     0   254   160     1   128 || 1439=2 0FB1=2
2        4   6 |    0     1    24     5     1    24     4     0    84     0   254    32     1   128 || 1439=2 0FB1=2
2        4   6 |    0     1    24     5     1    24     4     0    86     0   254    32     1   128 || 1439=2 0FB1=2
2        4   6 |    0     1    24     5     1    24     4     0    88     0   254    32     1   128 || 1439=2 0FB1=2
2        4   6 |    0     1    24     5     1    24     4     0    90     0   254    32     1   128 || 1439=2 0FB1=2
2        4   6 |    0     1    24     5     1    24     4     0    92     0   254    32     1   128 || 1439=2 0FB1=2
2        4   6 |    0     1    24     5     1    24     4     0    94     0   254    32     1   128 || 1439=2 0FB1=2
2        4   5 |    0     1    24     5     1    24     4     0    96     0   254    96     1   128 || 1439=2 0FB1=2
2        4   5 |    0     1    24     5     1    24     4     0    96     0   254   160     1    64 || 1439=2 0FB1=2
2        4   5 |    0     1    24     5     1    24     4     0   100     0   254    32     1    64 || 1439=2 0FB1=2
2        4   5 |    0     1    24     5     1    24     4     0   102     0   254    32     1    64 || 1439=2 0FB1=2
2        4   5 |    0     1    24     5     1    24     4     0   104     0   254    32     1    64 || 1439=2 0FB1=2
2        4   5 |    0     1    24     5     1    24     4     0   106     0   254    32     1    64 || 1439=2 0FB1=2
2        4   5 |    0     1    24     5     1    24     4     0   108     0   254    32     1    64 || 1439=2 0FB1=2
2        4   5 |    0     1    24     5     1    24     4     0   110     0   254    32     1    64 || 1439=2 0FB1=2
2        4   4 |    0     1    24     5     1    24     4     0   112     0   254    96     1    64 || 1439=2 0FB1=2
2        4   4 |    0     1    24     5     1    24     4     0   112     0   254   160     1     0 || 1439=2 0FB1=2
2        4   4 |    0     1    24     5     1    24     4     0   116     0   254    32     1     0 || 1439=2 0FB1=2
2        4   4 |    0     1    24     5     1    24     4     0   118     0   254    32     1     0 || 1439=2 0FB1=2
2        4   4 |    0     1    24     5     1    24     4     0   120     0   254    32     1     0 || 1439=2 0FB1=2
2        4   4 |    0     1    24     5     1    24     4     0   122     0   254    32     1     0 || 1439=2 0FB1=2
2        4   4 |    0     1    24     5     1    24     4     0   124     0   254    32     1     0 || 1439=2 0FB1=2
2        4   4 |    0     1    24     5     1    24     4     0   126     0   254    32     1     0 || 1439=2 0FB1=2
2        4   3 |    0     1    24     5     1    24     4     0   128     0   254    96     1     0 || 1439=2 0FB1=2
2        4   3 |    0     1    24     5     1    24     4     0   128     0   254   160     1   192 || 1439=2 0FB1=2
2        4   3 |    0     1    24     5     1    24     4     0   132     0   254    32     1   192 || 1439=2 0FB1=2
2        4   3 |    0     1    24     5     1    24     4     0   134     0   254    32     1   192 || 1439=2 0FB1=2
2        4   3 |    0     1    24     5     1    24     4     0   136     0   254    32     1   192 || 1439=2 0FB1=2
2        4   3 |    0     1    24     5     1    24     4     0   138     0   254    32     1   192 || 1439=2 0FB1=2
2        4   3 |    0     1    24     5     1    24     4     0   140     0   254    32     1   192 || 1439=2 0FB1=2
2        4   3 |    0     1    24     5     1    24     4     0   142     0   254    32     1   192 || 1439=2 0FB1=2
2        4   2 |    0     1    24     5     1    24     4     0   144     0   254    96     1   192 || 1439=2 0FB1=2
2        4   2 |    0     1    24     5     1    24     4     0   144     0     2   160     0     0 || 1439=2 0FB1=2
2        4   2 |    0     1    24     5     1    24     4     0   140     0     2    32     0     0 || 1439=2 0FB1=2
2        4   2 |    0     1    24     5     1    24     4     0   138     0     2    32     0     0 || 1439=2 0FB1=2
2        4   2 |    0     1    24     5     1    24     4     0   136     0     2    32     0     0 || 1439=2 0FB1=2
2        4   2 |    0     1    24     5     1    24     4     0   134     0     2    32     0     0 || 1439=2 0FB1=2
2        4   2 |    0     1    24     5     1    24     4     0   132     0     2    32     0     0 || 1439=2 0FB1=2
2        4   2 |    0     1    24     5     1    24     4     0   130     0     2    32     0     0 || 1439=2 0FB1=2
2        4   3 |    0     1    24     5     1    24     4     0   128     0     2    96     0     0 || 1439=2 0FB1=2
2        4   3 |    0     1    24     5     1    24     4     0   128     0     2   160     0    64 || 1439=2 0FB1=2
2        4   3 |    0     1    24     5     1    24     4     0   124     0     2    32     0    64 || 1439=2 0FB1=2
2        4   3 |    0     1    24     5     1    24     4     0   122     0     2    32     0    64 || 1439=2 0FB1=2
2        4   3 |    0     1    24     5     1    24     4     0   120     0     2    32     0    64 || 1439=2 0FB1=2
2        4   3 |    0     1    24     5     1    24     4     0   118     0     2    32     0    64 || 1439=2 0FB1=2
2        4   3 |    0     1    24     5     1    24     4     0   116     0     2    32     0    64 || 1439=2 0FB1=2
2        4   3 |    0     1    24     5     1    24     4     0   114     0     2    32     0    64 || 1439=2 0FB1=2
2        4   4 |    0     1    24     5     1    24     4     0   112     0     2    96     0    64 || 1439=2 0FB1=2
2        4   4 |    0     1    24     5     1    24     4     0   112     0     2   160     0   128 || 1439=2 0FB1=2
2        4   4 |    0     1    24     5     1    24     4     0   108     0     2    32     0   128 || 1439=2 0FB1=2
2        4   4 |    0     1    24     5     1    24     4     0   106     0     2    32     0   128 || 1439=2 0FB1=2
2        4   4 |    0     1    24     5     1    24     4     0   104     0     2    32     0   128 || 1439=2 0FB1=2
2        4   4 |    0     1    24     5     1    24     4     0   102     0     2    32     0   128 || 1439=2 0FB1=2
2        4   4 |    0     1    24     5     1    24     4     0   100     0     2    32     0   128 || 1439=2 0FB1=2
2        4   4 |    0     1    24     5     1    24     4     0    98     0     2    32     0   128 || 1439=2 0FB1=2
2        4   5 |    0     1    24     5     1    24     4     0    96     0     2    96     0   128 || 1439=2 0FB1=2
2        4   5 |    0     1    24     5     1    24     4     0    96     0     2   160     0   192 || 1439=2 0FB1=2
2        4   5 |    0     1    24     5     1    24     4     0    92     0     2    32     0   192 || 1439=2 0FB1=2
2        4   5 |    0     1    24     5     1    24     4     0    90     0     2    32     0   192 || 1439=2 0FB1=2
2        4   5 |    0     1    24     5     1    24     4     0    88     0     2    32     0   192 || 1439=2 0FB1=2
2        4   5 |    0     1    24     5     1    24     4     0    86     0     2    32     0   192 || 1439=2 0FB1=2
2        4   5 |    0     1    24     5     1    24     4     0    84     0     2    32     0   192 || 1439=2 0FB1=2
2        4   5 |    0     1    24     5     1    24     4     0    82     0     2    32     0   192 || 1439=2 0FB1=2
2        4   6 |    0     1    24     5     1    24     4     0    80     0     2    96     0   192 || 1439=2 0FB1=2
2        4   6 |    0     1    24     5     1    24     4     0    80     0     2   160     0     0 || 1439=2 0FB1=2
2        4   6 |    0     1    24     5     1    24     4     0    76     0     2    32     0     0 || 1439=2 0FB1=2
2        4   6 |    0     1    24     5     1    24     4     0    74     0     2    32     0     0 || 1439=2 0FB1=2
2        4   6 |    0     1    24     5     1    24     4     0    72     0     2    32     0     0 || 1439=2 0FB1=2
2        4   6 |    0     1    24     5     1    24     4     0    70     0     2    32     0     0 || 1439=2 0FB1=2
2        4   6 |    0     1    24     5     1    24     4     0    68     0     2    32     0     0 || 1439=2 0FB1=2
2        4   6 |    0     1    24     5     1    24     4     0    66     0     2    32     0     0 || 1439=2 0FB1=2
2        4   7 |    0     1    24     5     1    24     4     0    64     0     2    96     0     0 || 1439=2 0FB1=2
2        4   7 |    0     1    24     5     1    24     4     0    64     0     2   160     0    64 || 1439=2 0FB1=2
2        4   7 |    0     1    24     5     1    24     4     0    60     0     2    32     0    64 || 1439=2 0FB1=2
2        4   7 |    0     1    24     5     1    24     4     0    58     0     2    32     0    64 || 1439=2 0FB1=2
2        4   7 |    0     1    24     5     1    24     4     0    56     0     2    32     0    64 || 1439=2 0FB1=2
2        4   7 |    0     1    24     5     1    24     4     0    54     0     2    32     0    64 || 1439=2 0FB1=2
2        4   7 |    0     1    24     5     1    24     4     0    52     0     2    32     0    64 || 1439=2 0FB1=2
2        4   7 |    0     1    24     5     1    24     4     0    50     0     2    32     0    64 || 1439=2 0FB1=2
2        4   8 |    0     1    24     5     1    24     4     0    48     0     2    96     0    64 || 1439=2 0FB1=2
2        4   8 |    0     1    24     5     1    24     4     0    48     0     2   160     0   128 || 1439=2 0FB1=2
2        4   8 |    0     1    24     5     1    24     4     0    44     0     2    32     0   128 || 1439=2 0FB1=2
2        4   8 |    0     1    24     5     1    24     4     0    42     0     2    32     0   128 || 1439=2 0FB1=2
2        4   8 |    0     1    24     5     1    24     4     0    40     0     2    32     0   128 || 1439=2 0FB1=2
2        4   8 |    0     1    24     5     1    24     4     0    38     0     2    32     0   128 || 1439=2 0FB1=2
2        4   8 |    0     1    24     5     1    24     4     0    36     0     2    32     0   128 || 1439=2 0FB1=2
2        4   8 |    0     1    24     5     1    24     4     0    34     0     2    32     0   128 || 1439=2 0FB1=2
2        4   9 |    0     1    24     5     1    24     4     0    32     0     2    96     0   128 || 1439=2 0FB1=2
2        4   9 |    0     1    24     5     1    24     4     0    32     0     0     0   255   128 || 1439=2 0FB1=2
2        4   9 |    0     1    24     5     1    24     4     0    32     0   254   160     1    64 || 1439=2 0FB1=2
2        4   9 |    0     1    24     5     1    24     4     0    36     0   254    32     1    64 || 1439=2 0FB1=2
2        4   9 |    0     1    24     5     1    24     4     0    38     0   254    32     1    64 || 1439=2 0FB1=2
2        4   9 |    0     1    24     5     1    24     4     0    40     0   254    32     1    64 || 1439=2 0FB1=2
2        4   9 |    0     1    24     5     1    24     4     0    42     0   254    32     1    64 || 1439=2 0FB1=2
2        4   9 |    0     1    24     5     1    24     4     0    44     0   254    32     1    64 || 1439=2 0FB1=2
2        4   9 |    0     1    24     5     1    24     4     0    46     0   254    32     1    64 || 1439=2 0FB1=2
2        4   8 |    0     1    24     5     1    24     4     0    48     0   254    96     1    64 || 1439=2 0FB1=2
2        4   8 |    0     1    24     5     1    24     4     0    48     0   254   160     1     0 || 1439=2 0FB1=2
2        4   8 |    0     1    24     5     1    24     4     0    52     0   254    32     1     0 || 1439=2 0FB1=2
2        4   8 |    0     1    24     5     1    24     4     0    54     0   254    32     1     0 || 1439=2 0FB1=2
2        4   8 |    0     1    24     5     1    24     4     0    56     0   254    32     1     0 || 1439=2 0FB1=2
2        4   8 |    0     1    24     5     1    24     4     0    58     0   254    32     1     0 || 1439=2 0FB1=2
2        4   8 |    0     1    24     5     1    24     4     0    60     0   254    32     1     0 || 1439=2 0FB1=2
2        4   8 |    0     1    24     5     1    24     4     0    62     0   254    32     1     0 || 1439=2 0FB1=2
2        4   7 |    0     1    24     5     1    24     4     0    64     0   254    96     1     0 || 1439=2 0FB1=2
2        4   7 |    0     1    24     5     1    24     4     0    64     0   254   160     1   192 || 1439=2 0FB1=2
2        4   7 |    0     1    24     5     1    24     4     0    68     0   254    32     1   192 || 1439=2 0FB1=2
2        4   7 |    0     1    24     5     1    24     4     0    70     0   254    32     1   192 || 1439=2 0FB1=2
2        4   7 |    0     1    24     5     1    24     4     0    72     0   254    32     1   192 || 1439=2 0FB1=2
2        4   7 |    0     1    24     5     1    24     4     0    74     0   254    32     1   192 || 1439=2 0FB1=2
2        4   7 |    0     1    24     5     1    24     4     0    76     0   254    32     1   192 || 1439=2 0FB1=2
2        4   7 |    0     1    24     5     1    24     4     0    78     0   254    32     1   192 || 1439=2 0FB1=2
2        4   6 |    0     1    24     5     1    24     4     0    80     0   254    96     1   192 || 1439=2 0FB1=2
2        4   6 |    0     1    24     5     1    24     4     0    80     0   254   160     1   128 || 1439=2 0FB1=2
2        4   6 |    0     1    24     5     1    24     4     0    84     0   254    32     1   128 || 1439=2 0FB1=2
2        4   6 |    0     1    24     5     1    24     4     0    86     0   254    32     1   128 || 1439=2 0FB1=2
2        4   6 |    0     1    24     5     1    24     4     0    88     0   254    32     1   128 || 1439=2 0FB1=2
2        4   6 |    0     1    24     5     1    24     4     0    90     0   254    32     1   128 || 1439=2 0FB1=2
2        4   6 |    0     1    24     5     1    24     4     0    92     0   254    32     1   128 || 1439=2 0FB1=2
2        4   6 |    0     1    24     5     1    24     4     0    94     0   254    32     1   128 || 1439=2 0FB1=2
2        4   5 |    0     1    24     5     1    24     4     0    96     0   254    96     1   128 || 1439=2 0FB1=2
2        4   5 |    0     1    24     5     1    24     4     0    96     0   254   160     1    64 || 1439=2 0FB1=2
2        4   5 |    0     1    24     5     1    24     4     0   100     0   254    32     1    64 || 1439=2 0FB1=2
2        4   5 |    0     1    24     5     1    24     4     0   102     0   254    32     1    64 || 1439=2 0FB1=2
2        4   5 |    0     1    24     5     1    24     4     0   104     0   254    32     1    64 || 1439=2 0FB1=2
2        4   5 |    0     1    24     5     1    24     4     0   106     0   254    32     1    64 || 1439=2 0FB1=2
2        4   5 |    0     1    24     5     1    24     4     0   108     0   254    32     1    64 || 1439=2 0FB1=2
2        4   5 |    0     1    24     5     1    24     4     0   110     0   254    32     1    64 || 1439=2 0FB1=2
2        4   4 |    0     1    24     5     1    24     4     0   112     0   254    96     1    64 || 1439=2 0FB1=2
2        4   4 |    0     1    24     5     1    24     4     0   112     0   254   160     1     0 || 1439=2 0FB1=2
2        4   4 |    0     1    24     5     1    24     4     0   116     0   254    32     1     0 || 1439=2 0FB1=2
2        4   4 |    0     1    24     5     1    24     4     0   118     0   254    32     1     0 || 1439=2 0FB1=2
2        4   4 |    0     1    24     5     1    24     4     0   120     0   254    32     1     0 || 1439=2 0FB1=2
2        4   4 |    0     1    24     5     1    24     4     0   122     0   254    32     1     0 || 1439=2 0FB1=2
2        4   4 |    0     1    24     5     1    24     4     0   124     0   254    32     1     0 || 1439=2 0FB1=2
2        4   4 |    0     1    24     5     1    24     4     0   126     0   254    32     1     0 || 1439=2 0FB1=2
2        4   3 |    0     1    24     5     1    24     4     0   128     0   254    96     1     0 || 1439=2 0FB1=2
2        4   3 |    0     1    24     5     1    24     4     0   128     0     0     0   255     0 || 1439=2 0FB1=2
2        4   3 |    0     1    24     5     1    24     4     0   128     0     2   160     0    64 || 1439=2 0FB1=2
2        4   3 |    0     1    24     5     1    24     4     0   124     0     2    32     0    64 || 1439=2 0FB1=2
2        4   3 |    0     1    24     5     1    24     4     0   122     0     2    32     0    64 || 1439=2 0FB1=2
2        4   3 |    0     1    24     5     1    24     4     0   120     0     2    32     0    64 || 1439=2 0FB1=2
2        4   3 |    0     1    24     5     1    24     4     0   118     0     2    32     0    64 || 1439=2 0FB1=2
2        4   3 |    0     1    24     5     1    24     4     0   116     0     2    32     0    64 || 1439=2 0FB1=2
2        4   3 |    0     1    24     5     1    24     4     0   114     0     2    32     0    64 || 1439=2 0FB1=2
2        4   4 |    0     1    24     5     1    24     4     0   112     0     2    96     0    64 || 1439=2 0FB1=2
2        4   4 |    0     1    24     5     1    24     4     0   112     0     2   160     0   128 || 1439=2 0FB1=2

=== RESULT ===
  0x114C:  0 value(s) on X,  0 on Y  []
  0x114D:  0 value(s) on X,  0 on Y  []
  0x114E:  0 value(s) on X,  0 on Y  []
  0x114F:  0 value(s) on X,  0 on Y  []
  0x1150:  0 value(s) on X,  0 on Y  []
  0x1151:  0 value(s) on X,  0 on Y  []
  0x1152:  0 value(s) on X,  0 on Y  []
  0x1153: 65 value(s) on X, 26 on Y  [0 0 2 2 4 4 6 6 8 8 10 10 12 12 14 14]   (moves on both axes: a camera or timer value, not a per-axis offset)
  0x1154:  7 value(s) on X, 65 on Y  [16 18 20 22 24 26 28 30 32 34 36 38 40 42 44 46]   (moves on both axes: a camera or timer value, not a per-axis offset)
  0x1155:  2 value(s) on X,  2 on Y  [0 2 2 254]
  0x1156:  2 value(s) on X,  3 on Y  [0 0 2 2 254]
  0x1157:  4 value(s) on X,  4 on Y  [0 0 32 32 96 96 160 160]
  0x1158:  4 value(s) on X,  4 on Y  [0 0 1 2 3 3 255 255]
  0x1159:  9 value(s) on X,  6 on Y  [0 64 64 66 68 70 72 88 90 92 92 94 94 128 192]   (moves on both axes: a camera or timer value, not a per-axis offset)
  context: 0x1439 reads 2 right now (2 = normal play, if it is the status byte)
  context: 0x0FB1 reads 2 right now (2 = normal play, if it is the status byte)
The pair that screenCoords() wants is one X-only and one Y-only address, and in the
vanilla layout they are ADJACENT with X first. If nothing here qualifies, the offsets
are not in this neighbourhood and the vanilla+7 hunch was wrong -- say so, do not stretch.
