=== MeshGhost Crystal step watch (READ-ONLY) ===
Watching every engine-driven object, the player included. Prints only frames that changed.
Now watching PLAYER (map object 0 -> struct 0, sprite 1).
Now watching npc1 (map object 1 -> struct 1, sprite 41).
Now watching npc3 (map object 3 -> struct 2, sprite 4).
  f=2      [npc1  ] STEP_DURATION 54->53
  f=4      [npc1  ] STEP_DURATION 53->52
  f=6      [npc1  ] STEP_DURATION 52->51
  f=8      [npc1  ] STEP_DURATION 51->50
  f=10     [npc1  ] STEP_DURATION 50->49
  f=12     [npc1  ] STEP_DURATION 49->48
  f=14     [npc1  ] STEP_DURATION 48->47
  f=16     [npc1  ] STEP_DURATION 47->46
  f=18     [npc1  ] STEP_DURATION 46->45
  f=20     [npc1  ] STEP_DURATION 45->44
  f=22     [npc1  ] STEP_DURATION 44->43
  f=24     [npc1  ] STEP_DURATION 43->42
  f=26     [npc1  ] STEP_DURATION 42->41
  f=28     [npc1  ] STEP_DURATION 41->40
  f=30     [npc1  ] STEP_DURATION 40->39
  f=32     [npc1  ] STEP_DURATION 39->38
  f=34     [npc1  ] STEP_DURATION 38->37
  f=36     [npc1  ] STEP_DURATION 37->36
  f=38     [npc1  ] STEP_DURATION 36->35
  f=40     [npc1  ] STEP_DURATION 35->34
  f=42     [npc1  ] STEP_DURATION 34->33
  f=44     [npc1  ] STEP_DURATION 33->32
  f=46     [npc1  ] STEP_DURATION 32->31
  f=48     [npc1  ] STEP_DURATION 31->30
  f=50     [npc1  ] STEP_DURATION 30->29
  f=52     [npc1  ] STEP_DURATION 29->28
  f=54     [npc1  ] STEP_DURATION 28->27
  f=56     [npc1  ] STEP_DURATION 27->26
  f=58     [npc1  ] STEP_DURATION 26->25
  f=60     [npc1  ] STEP_DURATION 25->24
  f=62     [npc1  ] STEP_DURATION 24->23
  f=64     [npc1  ] STEP_DURATION 23->22
  f=66     [npc1  ] STEP_DURATION 22->21
  f=68     [npc1  ] STEP_DURATION 21->20
  f=70     [npc1  ] STEP_DURATION 20->19
  f=72     [npc1  ] STEP_DURATION 19->18
  f=74     [npc1  ] STEP_DURATION 18->17
  f=76     [npc1  ] STEP_DURATION 17->16
  f=78     [npc1  ] STEP_DURATION 16->15
  f=80     [npc1  ] STEP_DURATION 15->14
  f=82     [npc1  ] STEP_DURATION 14->13
  f=84     [npc1  ] STEP_DURATION 13->12
  f=86     [npc1  ] STEP_DURATION 12->11
  f=88     [npc1  ] STEP_DURATION 11->10
  f=90     [npc1  ] STEP_DURATION 10->9
  f=92     [npc1  ] STEP_DURATION 9->8
  f=94     [npc1  ] STEP_DURATION 8->7
  f=96     [npc1  ] STEP_DURATION 7->6
  f=98     [npc1  ] STEP_DURATION 6->5
  f=100    [npc1  ] STEP_DURATION 5->4
  f=102    [npc1  ] STEP_DURATION 4->3
  f=104    [npc1  ] STEP_DURATION 3->2
  f=106    [npc1  ] STEP_DURATION 2->1
  f=108    [npc1  ] STEP_TYPE 3->1  STEP_DURATION 1->0
  f=110    [npc1  ] DIRECTION 8->0  STEP_TYPE 1->3  STEP_DURATION 0->75  FACING 8->0
  f=112    [npc1  ] STEP_DURATION 75->74
  f=114    [npc1  ] STEP_DURATION 74->73
  f=116    [npc1  ] STEP_DURATION 73->72
  f=118    [npc1  ] STEP_DURATION 72->71
  f=120    [npc1  ] STEP_DURATION 71->70
  f=122    [npc1  ] STEP_DURATION 70->69
  f=124    [npc1  ] STEP_DURATION 69->68
  f=126    [npc1  ] STEP_DURATION 68->67
  f=128    [npc1  ] STEP_DURATION 67->66
  f=130    [npc1  ] STEP_DURATION 66->65
  f=132    [npc1  ] STEP_DURATION 65->64
  f=134    [npc1  ] STEP_DURATION 64->63
  f=136    [npc1  ] STEP_DURATION 63->62
  f=138    [npc1  ] STEP_DURATION 62->61
  f=140    [npc1  ] STEP_DURATION 61->60
  f=142    [npc1  ] STEP_DURATION 60->59
  f=144    [npc1  ] STEP_DURATION 59->58
  f=146    [npc1  ] STEP_DURATION 58->57
  f=148    [npc1  ] STEP_DURATION 57->56
  f=150    [npc1  ] STEP_DURATION 56->55
  f=152    [npc1  ] STEP_DURATION 55->54
  f=154    [npc1  ] STEP_DURATION 54->53
  f=156    [npc1  ] STEP_DURATION 53->52
  f=158    [npc1  ] STEP_DURATION 52->51
  f=160    [npc1  ] STEP_DURATION 51->50
  f=162    [npc1  ] STEP_DURATION 50->49
  f=164    [npc1  ] STEP_DURATION 49->48
  f=166    [npc1  ] STEP_DURATION 48->47
  f=168    [npc1  ] STEP_DURATION 47->46
  f=170    [npc1  ] STEP_DURATION 46->45
  f=172    [npc1  ] STEP_DURATION 45->44
  f=174    [npc1  ] STEP_DURATION 44->43
  f=176    [npc1  ] STEP_DURATION 43->42
  f=178    [npc1  ] STEP_DURATION 42->41
  f=180    [npc1  ] STEP_DURATION 41->40
  f=182    [npc1  ] STEP_DURATION 40->39
  f=182    [PLAYER] STEP_TYPE 1->10  STEP_DURATION 0->1  ACTION 1->2  STEP_FRAME 0->3  STEP_INDEX 0->1
  f=184    [npc1  ] STEP_DURATION 39->38
  f=184    [PLAYER] DIRECTION 0->8  STEP_FRAME 3->4  FACING 0->9  STEP_INDEX 1->3
  f=186    [npc1  ] STEP_DURATION 38->37
  f=186    [PLAYER] STEP_TYPE 10->1  STEP_DURATION 1->0  STEP_FRAME 4->5
  f=188    [npc1  ] STEP_DURATION 37->36
  f=188    [PLAYER] ACTION 2->1  STEP_FRAME 5->6  STEP_INDEX 3->0
  f=190    [npc1  ] STEP_DURATION 36->35
  f=190    [PLAYER] WALKING 255->6  STEP_TYPE 1->6  STEP_DURATION 0->7  ACTION 1->2  STEP_FRAME 6->7  MAP_X 9->8  SPRITE_X 32->30  STEP_INDEX 0->1
  ^^^ [PLAYER] MAP COORDS CHANGED — step 1 complete ^^^
  f=192    [npc1  ] STEP_DURATION 35->34
  f=192    [PLAYER] STEP_DURATION 7->6  STEP_FRAME 7->8  FACING 9->10  SPRITE_X 30->28
  f=194    [npc1  ] STEP_DURATION 34->33
  f=194    [PLAYER] STEP_DURATION 6->5  STEP_FRAME 8->9  SPRITE_X 28->26
  f=196    [npc1  ] STEP_DURATION 33->32
  f=196    [PLAYER] STEP_DURATION 5->4  STEP_FRAME 9->10  SPRITE_X 26->24
  f=198    [npc1  ] STEP_DURATION 32->31
  f=198    [PLAYER] STEP_DURATION 4->3  STEP_FRAME 10->11  SPRITE_X 24->22
  f=200    [npc1  ] STEP_DURATION 31->30
  f=200    [PLAYER] STEP_DURATION 3->2  STEP_FRAME 11->12  FACING 10->11  SPRITE_X 22->20
  f=202    [npc1  ] STEP_DURATION 30->29
  f=202    [PLAYER] STEP_DURATION 2->1  STEP_FRAME 12->13  SPRITE_X 20->18
  f=204    [npc1  ] STEP_DURATION 29->28
  f=204    [PLAYER] WALKING 6->255  STEP_TYPE 6->1  STEP_DURATION 1->0  STEP_FRAME 13->14  LAST_MAP_X 9->8  SPRITE_X 18->16
  f=206    [npc1  ] STEP_DURATION 28->27
  f=206    [PLAYER] ACTION 2->1  STEP_FRAME 14->15  STEP_INDEX 1->0
  f=208    [npc1  ] STEP_DURATION 27->26
  f=208    [PLAYER] STEP_FRAME 15->0  FACING 11->8
  f=210    [npc1  ] STEP_DURATION 26->25
  f=212    [npc1  ] STEP_DURATION 25->24
  f=214    [npc1  ] STEP_DURATION 24->23
  f=216    [npc1  ] STEP_DURATION 23->22
  f=218    [npc1  ] STEP_DURATION 22->21
  f=220    [npc1  ] STEP_DURATION 21->20
  f=222    [npc1  ] STEP_DURATION 20->19
  f=224    [npc1  ] STEP_DURATION 19->18
  f=226    [npc1  ] STEP_DURATION 18->17
  f=228    [npc1  ] STEP_DURATION 17->16
  f=230    [npc1  ] STEP_DURATION 16->15
  f=232    [npc1  ] STEP_DURATION 15->14
  f=234    [npc1  ] STEP_DURATION 14->13
  f=236    [npc1  ] STEP_DURATION 13->12
  f=236    [PLAYER] STEP_TYPE 1->10  STEP_DURATION 0->1  ACTION 1->2  STEP_FRAME 0->3  STEP_INDEX 0->1
  f=238    [npc1  ] STEP_DURATION 12->11
  f=238    [PLAYER] DIRECTION 8->12  STEP_FRAME 3->4  FACING 8->13  STEP_INDEX 1->3
  f=240    [npc1  ] STEP_DURATION 11->10
  f=240    [PLAYER] STEP_TYPE 10->1  STEP_DURATION 1->0  STEP_FRAME 4->5
  f=242    [npc1  ] STEP_DURATION 10->9
  f=242    [PLAYER] ACTION 2->1  STEP_FRAME 5->6  STEP_INDEX 3->0
  f=244    [npc1  ] STEP_DURATION 9->8
  f=244    [PLAYER] WALKING 255->7  STEP_TYPE 1->6  STEP_DURATION 0->7  ACTION 1->2  STEP_FRAME 6->7  MAP_X 8->9  SPRITE_X 16->18  STEP_INDEX 0->1
  ^^^ [PLAYER] MAP COORDS CHANGED — step 2 complete ^^^
  f=246    [npc1  ] STEP_DURATION 8->7
  f=246    [PLAYER] STEP_DURATION 7->6  STEP_FRAME 7->8  FACING 13->14  SPRITE_X 18->20
  f=248    [npc1  ] STEP_DURATION 7->6
  f=248    [PLAYER] STEP_DURATION 6->5  STEP_FRAME 8->9  SPRITE_X 20->22
  f=250    [npc1  ] STEP_DURATION 6->5
  f=250    [PLAYER] STEP_DURATION 5->4  STEP_FRAME 9->10  SPRITE_X 22->24
  f=252    [npc1  ] STEP_DURATION 5->4
  f=252    [PLAYER] STEP_DURATION 4->3  STEP_FRAME 10->11  SPRITE_X 24->26
  f=254    [npc1  ] STEP_DURATION 4->3
  f=254    [PLAYER] STEP_DURATION 3->2  STEP_FRAME 11->12  FACING 14->15  SPRITE_X 26->28
  f=256    [npc1  ] STEP_DURATION 3->2
  f=256    [PLAYER] STEP_DURATION 2->1  STEP_FRAME 12->13  SPRITE_X 28->30
  f=258    [npc1  ] STEP_DURATION 2->1
  f=258    [PLAYER] WALKING 7->255  STEP_TYPE 6->1  STEP_DURATION 1->0  STEP_FRAME 13->14  LAST_MAP_X 8->9  SPRITE_X 30->32
  f=260    [npc1  ] STEP_TYPE 3->1  STEP_DURATION 1->0
  f=260    [PLAYER] ACTION 2->1  STEP_FRAME 14->15  STEP_INDEX 1->0
  f=262    [npc1  ] DIRECTION 0->12  STEP_TYPE 1->3  STEP_DURATION 0->52  FACING 0->12
  f=262    [PLAYER] STEP_FRAME 15->0  FACING 15->12
  f=264    [npc1  ] STEP_DURATION 52->51
  f=266    [npc1  ] STEP_DURATION 51->50
  f=268    [npc1  ] STEP_DURATION 50->49
  f=270    [npc1  ] STEP_DURATION 49->48
  f=272    [npc1  ] STEP_DURATION 48->47
  f=274    [npc1  ] STEP_DURATION 47->46
  f=276    [npc1  ] STEP_DURATION 46->45
  f=278    [npc1  ] STEP_DURATION 45->44
  f=280    [npc1  ] STEP_DURATION 44->43
  f=282    [npc1  ] STEP_DURATION 43->42
  f=284    [npc1  ] STEP_DURATION 42->41
  f=286    [npc1  ] STEP_DURATION 41->40
  f=286    [PLAYER] STEP_TYPE 1->10  STEP_DURATION 0->1  ACTION 1->2  STEP_FRAME 0->3  STEP_INDEX 0->1
  f=288    [npc1  ] STEP_DURATION 40->39
  f=288    [PLAYER] DIRECTION 12->0  STEP_FRAME 3->4  FACING 12->1  STEP_INDEX 1->3
  f=290    [npc1  ] STEP_DURATION 39->38
  f=290    [PLAYER] STEP_TYPE 10->1  STEP_DURATION 1->0  STEP_FRAME 4->5
  f=292    [npc1  ] STEP_DURATION 38->37
  f=292    [PLAYER] ACTION 2->1  STEP_FRAME 5->6  STEP_INDEX 3->0
  f=294    [npc1  ] STEP_DURATION 37->36
  f=294    [PLAYER] WALKING 255->4  STEP_TYPE 1->6  STEP_DURATION 0->7  ACTION 1->2  STEP_FRAME 6->7  MAP_Y 10->11  SPRITE_Y 64->66  STEP_INDEX 0->1
  ^^^ [PLAYER] MAP COORDS CHANGED — step 3 complete ^^^
  f=296    [npc1  ] STEP_DURATION 36->35
  f=296    [PLAYER] STEP_DURATION 7->6  STEP_FRAME 7->8  FACING 1->2  SPRITE_Y 66->68
  f=298    [npc1  ] STEP_DURATION 35->34
  f=298    [PLAYER] STEP_DURATION 6->5  STEP_FRAME 8->9  SPRITE_Y 68->70
Now watching npc4 (map object 4 -> struct 3, sprite 1).
  f=301    [npc1  ] STEP_DURATION 34->33
  f=301    [PLAYER] STEP_DURATION 5->4  STEP_FRAME 9->10  SPRITE_Y 70->72
  f=302    [npc1  ] STEP_DURATION 33->32
  f=302    [npc4  ] STEP_DURATION 75->74
  f=302    [PLAYER] STEP_DURATION 4->3  STEP_FRAME 10->11  SPRITE_Y 72->74
  f=304    [npc1  ] STEP_DURATION 32->31
  f=304    [npc4  ] STEP_DURATION 74->73
  f=304    [PLAYER] STEP_DURATION 3->2  STEP_FRAME 11->12  FACING 2->3  SPRITE_Y 74->76
  f=306    [npc1  ] STEP_DURATION 31->30
  f=306    [npc4  ] STEP_DURATION 73->72
  f=306    [PLAYER] STEP_DURATION 2->1  STEP_FRAME 12->13  SPRITE_Y 76->78
  f=308    [npc1  ] STEP_DURATION 30->29
  f=308    [npc4  ] STEP_DURATION 72->71
  f=308    [PLAYER] WALKING 4->255  STEP_TYPE 6->1  STEP_DURATION 1->0  STEP_FRAME 13->14  LAST_MAP_Y 10->11  SPRITE_Y 78->80
  f=310    [npc1  ] STEP_DURATION 29->28
  f=310    [PLAYER] WALKING 255->7  DIRECTION 0->12  STEP_TYPE 1->6  STEP_DURATION 0->7  STEP_FRAME 14->15  FACING 3->15  MAP_X 9->10  SPRITE_X 32->34
  ^^^ [PLAYER] MAP COORDS CHANGED — step 4 complete ^^^
  f=311    [npc4  ] STEP_DURATION 71->70
  f=312    [npc1  ] STEP_DURATION 28->27
  f=312    [npc4  ] STEP_DURATION 70->69
  f=312    [PLAYER] STEP_DURATION 7->6  STEP_FRAME 15->0  FACING 15->12  SPRITE_X 34->36
  f=314    [npc1  ] STEP_DURATION 27->26
  f=314    [npc4  ] STEP_DURATION 69->68
  f=314    [PLAYER] STEP_DURATION 6->5  STEP_FRAME 0->1  SPRITE_X 36->38
  f=316    [npc1  ] STEP_DURATION 26->25
  f=316    [npc4  ] STEP_DURATION 68->67
  f=316    [PLAYER] STEP_DURATION 5->4  STEP_FRAME 1->2  SPRITE_X 38->40
  f=318    [npc1  ] STEP_DURATION 25->24
  f=318    [npc4  ] STEP_DURATION 67->66
  f=318    [PLAYER] STEP_DURATION 4->3  STEP_FRAME 2->3  SPRITE_X 40->42
  f=320    [npc1  ] STEP_DURATION 24->23
  f=320    [npc4  ] STEP_DURATION 66->65
  f=320    [PLAYER] STEP_DURATION 3->2  STEP_FRAME 3->4  FACING 12->13  SPRITE_X 42->44
  f=322    [npc1  ] STEP_DURATION 23->22
  f=322    [npc4  ] STEP_DURATION 65->64
  f=322    [PLAYER] STEP_DURATION 2->1  STEP_FRAME 4->5  SPRITE_X 44->46
  f=324    [npc1  ] STEP_DURATION 22->21
  f=324    [npc4  ] STEP_DURATION 64->63
  f=324    [PLAYER] WALKING 7->255  STEP_TYPE 6->1  STEP_DURATION 1->0  STEP_FRAME 5->6  LAST_MAP_X 9->10  SPRITE_X 46->48
  f=326    [npc1  ] STEP_DURATION 21->20
  f=326    [PLAYER] ACTION 2->1  STEP_FRAME 6->7  STEP_INDEX 1->0
  f=327    [npc4  ] STEP_DURATION 63->62
  f=328    [npc1  ] STEP_DURATION 20->19
  f=328    [npc4  ] STEP_DURATION 62->61
  f=328    [PLAYER] STEP_FRAME 7->8  FACING 13->14
  f=330    [npc1  ] STEP_DURATION 19->18
  f=330    [npc4  ] STEP_DURATION 61->60
  f=330    [PLAYER] FACING 14->12
  f=332    [npc1  ] STEP_DURATION 18->17
  f=332    [npc4  ] STEP_DURATION 60->59
  f=334    [npc1  ] STEP_DURATION 17->16
  f=334    [npc4  ] STEP_DURATION 59->58
  f=334    [PLAYER] STEP_TYPE 1->10  STEP_DURATION 0->1  ACTION 1->2  STEP_FRAME 8->3  STEP_INDEX 0->1
  f=336    [npc1  ] STEP_DURATION 16->15
  f=336    [npc4  ] STEP_DURATION 58->57
  f=336    [PLAYER] DIRECTION 12->4  STEP_FRAME 3->4  FACING 12->5  STEP_INDEX 1->3
  f=338    [npc1  ] STEP_DURATION 15->14
  f=338    [npc4  ] STEP_DURATION 57->56
  f=338    [PLAYER] STEP_TYPE 10->1  STEP_DURATION 1->0  STEP_FRAME 4->5
  f=340    [npc1  ] STEP_DURATION 14->13
  f=340    [npc4  ] STEP_DURATION 56->55
  f=340    [PLAYER] ACTION 2->1  STEP_FRAME 5->6  STEP_INDEX 3->0
  f=342    [npc1  ] STEP_DURATION 13->12
  f=342    [npc4  ] STEP_DURATION 55->54
  f=342    [PLAYER] STEP_FRAME 6->7
  f=344    [npc1  ] STEP_DURATION 12->11
  f=344    [npc4  ] STEP_DURATION 54->53
  f=344    [PLAYER] STEP_FRAME 7->8  FACING 5->6
  f=346    [npc1  ] STEP_DURATION 11->10
  f=346    [npc4  ] STEP_DURATION 53->52
  f=346    [PLAYER] FACING 6->4
  f=348    [npc1  ] STEP_DURATION 10->9
  f=348    [npc4  ] STEP_DURATION 52->51
  f=350    [npc1  ] STEP_DURATION 9->8
  f=350    [npc4  ] STEP_DURATION 51->50
  f=352    [npc1  ] STEP_DURATION 8->7
  f=352    [npc4  ] STEP_DURATION 50->49
  f=354    [npc1  ] STEP_DURATION 7->6
  f=354    [npc4  ] STEP_DURATION 49->48
  f=356    [npc1  ] STEP_DURATION 6->5
  f=356    [npc4  ] STEP_DURATION 48->47
  f=358    [npc1  ] STEP_DURATION 5->4
  f=358    [npc4  ] STEP_DURATION 47->46
  f=360    [npc1  ] STEP_DURATION 4->3
  f=360    [npc4  ] STEP_DURATION 46->45
  f=362    [npc1  ] STEP_DURATION 3->2
  f=362    [npc4  ] STEP_DURATION 45->44
  f=364    [npc1  ] STEP_DURATION 2->1
  f=364    [npc4  ] STEP_DURATION 44->43
  f=366    [npc1  ] STEP_TYPE 3->1  STEP_DURATION 1->0
  f=366    [npc4  ] STEP_DURATION 43->42
  f=368    [npc1  ] STEP_TYPE 1->3  STEP_DURATION 0->69
  f=368    [npc4  ] STEP_DURATION 42->41
  f=370    [npc1  ] STEP_DURATION 69->68
  f=370    [npc4  ] STEP_DURATION 41->40
  f=373    [npc1  ] STEP_DURATION 68->67
  f=373    [npc4  ] STEP_DURATION 40->39
  f=375    [npc1  ] STEP_DURATION 67->66
  f=375    [npc4  ] STEP_DURATION 39->38
  f=377    [npc1  ] STEP_DURATION 66->65
  f=377    [npc4  ] STEP_DURATION 38->37
  f=379    [npc1  ] STEP_DURATION 65->64
  f=379    [npc4  ] STEP_DURATION 37->36
  f=382    [npc4  ] DIRECTION 8->0
  f=383    [npc4  ] FACING 8->0
  f=391    [npc1  ] SPRITE_X 48->64  SPRITE_Y 96->80
  f=391    [npc3  ] SPRITE_X 0->16  SPRITE_Y 0->240
  f=391    [npc4  ] SPRITE_X 48->64  SPRITE_Y 64->48
  f=391    [PLAYER] SPRITE_X 48->64  SPRITE_Y 80->64
  f=507    [npc1  ] STEP_DURATION 64->63
  f=507    [npc4  ] STEP_DURATION 36->35
  f=508    [npc1  ] STEP_DURATION 63->62
  f=508    [npc4  ] STEP_DURATION 35->34
  f=509    [npc1  ] STEP_DURATION 62->61
  f=509    [npc4  ] STEP_DURATION 34->33
  f=511    [npc1  ] STEP_DURATION 61->60
  f=511    [npc4  ] STEP_DURATION 33->32
  f=511    [PLAYER] ACTION 1->3  STEP_FRAME 8->9  FACING 4->5
  f=513    [npc1  ] STEP_DURATION 60->59
  f=513    [npc4  ] STEP_DURATION 32->31
  f=513    [PLAYER] STEP_FRAME 9->10
  f=515    [npc1  ] STEP_DURATION 59->58
  f=515    [npc4  ] STEP_DURATION 31->30
  f=515    [PLAYER] STEP_FRAME 10->11
  f=517    [npc1  ] STEP_DURATION 58->57
  f=517    [npc4  ] STEP_DURATION 30->29
  f=517    [PLAYER] STEP_FRAME 11->12
  f=519    [npc1  ] STEP_DURATION 57->56
  f=519    [npc4  ] STEP_DURATION 29->28
  f=519    [PLAYER] STEP_FRAME 12->13
  f=521    [npc1  ] STEP_DURATION 56->55
  f=521    [npc4  ] STEP_DURATION 28->27
  f=521    [PLAYER] STEP_FRAME 13->14
  f=523    [npc1  ] STEP_DURATION 55->54
  f=523    [npc4  ] STEP_DURATION 27->26
  f=523    [PLAYER] STEP_FRAME 14->15
  f=526    [npc1  ] STEP_DURATION 54->53
  f=526    [npc4  ] STEP_DURATION 26->25
  f=526    [PLAYER] ACTION 3->1  STEP_FRAME 15->0  FACING 5->4
  f=528    [npc1  ] STEP_DURATION 53->52
  f=528    [npc4  ] STEP_DURATION 25->24
  f=530    [npc1  ] STEP_DURATION 52->51
  f=530    [npc4  ] STEP_DURATION 24->23
  f=532    [npc1  ] STEP_DURATION 51->50
  f=532    [npc4  ] STEP_DURATION 23->22
  f=534    [npc1  ] STEP_DURATION 50->49
  f=534    [npc4  ] STEP_DURATION 22->21
  f=536    [npc1  ] STEP_DURATION 49->48
  f=536    [npc4  ] STEP_DURATION 21->20
  f=538    [npc1  ] STEP_DURATION 48->47
  f=538    [npc4  ] STEP_DURATION 20->19
  f=540    [npc1  ] STEP_DURATION 47->46
  f=540    [npc4  ] STEP_DURATION 19->18
  f=542    [npc1  ] STEP_DURATION 46->45
  f=542    [npc4  ] STEP_DURATION 18->17
  f=544    [npc1  ] STEP_DURATION 45->44
  f=544    [npc4  ] STEP_DURATION 17->16
  f=546    [npc1  ] STEP_DURATION 44->43
  f=546    [npc4  ] STEP_DURATION 16->15
  f=548    [npc1  ] STEP_DURATION 43->42
  f=548    [npc4  ] STEP_DURATION 15->14
  f=550    [npc1  ] STEP_DURATION 42->41
  f=550    [npc4  ] STEP_DURATION 14->13
  f=550    [PLAYER] STEP_TYPE 1->10  STEP_DURATION 0->1  ACTION 1->2  STEP_FRAME 0->3  STEP_INDEX 0->1
  f=552    [npc1  ] STEP_DURATION 41->40
  f=552    [npc4  ] STEP_DURATION 13->12
  f=552    [PLAYER] DIRECTION 4->8  STEP_FRAME 3->4  FACING 4->9  STEP_INDEX 1->3
  f=554    [npc1  ] STEP_DURATION 40->39
  f=554    [npc4  ] STEP_DURATION 12->11
  f=554    [PLAYER] STEP_TYPE 10->1  STEP_DURATION 1->0  STEP_FRAME 4->5
  f=556    [npc1  ] STEP_DURATION 39->38
  f=556    [npc4  ] STEP_DURATION 11->10
  f=556    [PLAYER] ACTION 2->1  STEP_FRAME 5->6  STEP_INDEX 3->0
  f=558    [npc1  ] STEP_DURATION 38->37
  f=558    [npc4  ] STEP_DURATION 10->9
  f=558    [PLAYER] STEP_FRAME 6->7
  f=560    [npc1  ] STEP_DURATION 37->36
  f=560    [npc4  ] STEP_DURATION 9->8
  f=560    [PLAYER] STEP_FRAME 7->8  FACING 9->10
  f=563    [npc1  ] STEP_DURATION 36->35
  f=563    [npc4  ] STEP_DURATION 8->7
  f=563    [PLAYER] FACING 10->8
  f=565    [npc1  ] STEP_DURATION 35->34
  f=565    [npc4  ] STEP_DURATION 7->6
  f=567    [npc1  ] STEP_DURATION 34->33
  f=567    [npc4  ] STEP_DURATION 6->5
  f=569    [npc1  ] STEP_DURATION 33->32
  f=569    [npc4  ] STEP_DURATION 5->4
  f=571    [npc1  ] STEP_DURATION 32->31
  f=571    [npc4  ] STEP_DURATION 4->3
  f=573    [npc1  ] STEP_DURATION 31->30
  f=573    [npc4  ] STEP_DURATION 3->2
  f=575    [npc1  ] STEP_DURATION 30->29
  f=576    [npc4  ] STEP_DURATION 2->1
  f=577    [npc1  ] STEP_DURATION 29->28
  f=577    [npc4  ] STEP_TYPE 3->1  STEP_DURATION 1->0
  f=579    [npc1  ] STEP_DURATION 28->27
  f=579    [npc4  ] DIRECTION 0->8  STEP_TYPE 1->3  STEP_DURATION 0->81  FACING 0->8
  f=579    [PLAYER] WALKING 255->6  STEP_TYPE 1->6  STEP_DURATION 0->7  ACTION 1->2  STEP_FRAME 8->9  FACING 8->10  MAP_X 10->9  SPRITE_X 64->62  STEP_INDEX 0->1
  ^^^ [PLAYER] MAP COORDS CHANGED — step 5 complete ^^^
  f=581    [npc1  ] STEP_DURATION 27->26
  f=581    [npc4  ] STEP_DURATION 81->80
  f=581    [PLAYER] STEP_DURATION 7->6  STEP_FRAME 9->10  SPRITE_X 62->60
  f=583    [npc1  ] STEP_DURATION 26->25
  f=583    [npc4  ] STEP_DURATION 80->79
  f=583    [PLAYER] STEP_DURATION 6->5  STEP_FRAME 10->11  SPRITE_X 60->58
  f=585    [npc1  ] STEP_DURATION 25->24
  f=585    [npc4  ] STEP_DURATION 79->78
  f=585    [PLAYER] STEP_DURATION 5->4  STEP_FRAME 11->12  FACING 10->11  SPRITE_X 58->56
  f=587    [npc1  ] STEP_DURATION 24->23
  f=587    [npc4  ] STEP_DURATION 78->77
  f=587    [PLAYER] STEP_DURATION 4->3  STEP_FRAME 12->13  SPRITE_X 56->54
  f=589    [npc1  ] STEP_DURATION 23->22
  f=589    [npc4  ] STEP_DURATION 77->76
  f=589    [PLAYER] STEP_DURATION 3->2  STEP_FRAME 13->14  SPRITE_X 54->52
  f=591    [npc1  ] STEP_DURATION 22->21
  f=591    [npc4  ] STEP_DURATION 76->75
  f=591    [PLAYER] STEP_DURATION 2->1  STEP_FRAME 14->15  SPRITE_X 52->50
  f=593    [npc1  ] STEP_DURATION 21->20
  f=593    [npc4  ] STEP_DURATION 75->74
  f=593    [PLAYER] WALKING 6->255  STEP_TYPE 6->1  STEP_DURATION 1->0  STEP_FRAME 15->0  FACING 11->8  LAST_MAP_X 10->9  SPRITE_X 50->48
  f=595    [npc1  ] STEP_DURATION 20->19
  f=595    [PLAYER] ACTION 2->1  STEP_INDEX 1->0
  f=596    [npc4  ] STEP_DURATION 74->73
  f=597    [npc1  ] STEP_DURATION 19->18
  f=597    [npc4  ] STEP_DURATION 73->72
  f=599    [npc1  ] STEP_DURATION 18->17
  f=599    [npc4  ] STEP_DURATION 72->71
  f=601    [npc1  ] STEP_DURATION 17->16
  f=601    [npc4  ] STEP_DURATION 71->70
  f=603    [npc1  ] STEP_DURATION 16->15
  f=603    [npc4  ] STEP_DURATION 70->69
  f=603    [PLAYER] STEP_TYPE 1->10  STEP_DURATION 0->1  ACTION 1->2  STEP_FRAME 0->3  STEP_INDEX 0->1
  f=605    [npc1  ] STEP_DURATION 15->14
  f=605    [npc4  ] STEP_DURATION 69->68
  f=605    [PLAYER] DIRECTION 8->4  STEP_FRAME 3->4  FACING 8->5  STEP_INDEX 1->3
  f=607    [npc1  ] STEP_DURATION 14->13
  f=607    [npc4  ] STEP_DURATION 68->67
  f=607    [PLAYER] STEP_TYPE 10->1  STEP_DURATION 1->0  STEP_FRAME 4->5
  f=609    [npc1  ] STEP_DURATION 13->12
  f=609    [npc4  ] STEP_DURATION 67->66
  f=609    [PLAYER] ACTION 2->1  STEP_FRAME 5->6  STEP_INDEX 3->0
  f=611    [npc1  ] STEP_DURATION 12->11
  f=611    [npc4  ] STEP_DURATION 66->65
  f=611    [PLAYER] STEP_FRAME 6->7
  f=613    [npc1  ] STEP_DURATION 11->10
  f=613    [npc4  ] STEP_DURATION 65->64
  f=613    [PLAYER] STEP_FRAME 7->8  FACING 5->6
  f=615    [npc1  ] STEP_DURATION 10->9
  f=615    [npc4  ] STEP_DURATION 64->63
  f=615    [PLAYER] FACING 6->4
  f=617    [npc1  ] STEP_DURATION 9->8
  f=617    [npc4  ] STEP_DURATION 63->62
  f=619    [npc1  ] STEP_DURATION 8->7
  f=619    [npc4  ] STEP_DURATION 62->61
  f=621    [npc1  ] STEP_DURATION 7->6
  f=621    [npc4  ] STEP_DURATION 61->60
  f=623    [npc1  ] STEP_DURATION 6->5
  f=623    [npc4  ] STEP_DURATION 60->59
  f=625    [npc1  ] STEP_DURATION 5->4
  f=625    [npc4  ] STEP_DURATION 59->58
  f=627    [npc1  ] STEP_DURATION 4->3
  f=628    [npc4  ] STEP_DURATION 58->57
  f=629    [npc1  ] STEP_DURATION 3->2
  f=629    [npc4  ] STEP_DURATION 57->56
  f=631    [npc1  ] STEP_DURATION 2->1
  f=631    [npc4  ] STEP_DURATION 56->55
  f=633    [npc1  ] STEP_TYPE 3->1  STEP_DURATION 1->0
  f=633    [npc4  ] STEP_DURATION 55->54
  f=635    [npc1  ] DIRECTION 12->8  STEP_TYPE 1->3  STEP_DURATION 0->83  FACING 12->8
  f=636    [npc4  ] STEP_DURATION 54->53
  f=637    [npc1  ] STEP_DURATION 83->82
  f=637    [npc4  ] STEP_DURATION 53->52
  f=639    [npc1  ] STEP_DURATION 82->81
  f=639    [npc4  ] STEP_DURATION 52->51
  f=641    [npc1  ] STEP_DURATION 81->80
  f=641    [npc4  ] STEP_DURATION 51->50
  f=643    [npc1  ] STEP_DURATION 80->79
  f=643    [npc4  ] STEP_DURATION 50->49
  f=645    [npc1  ] STEP_DURATION 79->78
  f=646    [npc4  ] STEP_DURATION 49->48
  f=647    [npc1  ] STEP_DURATION 78->77
  f=647    [npc4  ] STEP_DURATION 48->47
  f=649    [npc1  ] STEP_DURATION 77->76
  f=649    [npc4  ] STEP_DURATION 47->46
  f=651    [npc1  ] STEP_DURATION 76->75
  f=651    [npc4  ] STEP_DURATION 46->45
  f=653    [npc1  ] STEP_DURATION 75->74
  f=654    [npc4  ] STEP_DURATION 45->44
  f=655    [npc1  ] STEP_DURATION 74->73
  f=655    [npc4  ] STEP_DURATION 44->43
  f=657    [npc1  ] STEP_DURATION 73->72
  f=657    [npc4  ] STEP_DURATION 43->42
  f=659    [npc1  ] STEP_DURATION 72->71
  f=659    [npc4  ] STEP_DURATION 42->41
  f=661    [npc1  ] STEP_DURATION 71->70
  f=662    [npc4  ] STEP_DURATION 41->40
  f=663    [npc1  ] STEP_DURATION 70->69
  f=663    [npc4  ] STEP_DURATION 40->39
  f=665    [npc1  ] STEP_DURATION 69->68
  f=665    [npc4  ] STEP_DURATION 39->38
  f=667    [npc1  ] STEP_DURATION 68->67
  f=667    [npc4  ] STEP_DURATION 38->37
  f=669    [npc1  ] STEP_DURATION 67->66
  f=669    [npc4  ] STEP_DURATION 37->36
  f=671    [npc1  ] STEP_DURATION 66->65
  f=672    [npc4  ] STEP_DURATION 36->35
  f=673    [npc1  ] STEP_DURATION 65->64
  f=673    [npc4  ] STEP_DURATION 35->34
  f=675    [npc1  ] STEP_DURATION 64->63
  f=675    [npc4  ] STEP_DURATION 34->33
  f=677    [npc1  ] STEP_DURATION 63->62
  f=677    [npc4  ] STEP_DURATION 33->32
  f=679    [npc1  ] STEP_DURATION 62->61
  f=680    [npc4  ] STEP_DURATION 32->31
  f=681    [npc1  ] STEP_DURATION 61->60
  f=681    [npc4  ] STEP_DURATION 31->30
  f=683    [npc1  ] STEP_DURATION 60->59
  f=683    [npc4  ] STEP_DURATION 30->29
  f=685    [npc1  ] STEP_DURATION 59->58
  f=685    [npc4  ] STEP_DURATION 29->28
  f=687    [npc1  ] STEP_DURATION 58->57
  f=687    [npc4  ] STEP_DURATION 28->27
  f=689    [npc1  ] STEP_DURATION 57->56
  f=690    [npc4  ] STEP_DURATION 27->26
  f=691    [npc1  ] STEP_DURATION 56->55
  f=691    [npc4  ] STEP_DURATION 26->25
  f=693    [npc1  ] STEP_DURATION 55->54
  f=693    [npc4  ] STEP_DURATION 25->24
  f=695    [npc1  ] STEP_DURATION 54->53
  f=695    [npc4  ] STEP_DURATION 24->23
  f=697    [npc1  ] STEP_DURATION 53->52
  f=698    [npc4  ] STEP_DURATION 23->22
  f=699    [npc1  ] STEP_DURATION 52->51
  f=699    [npc4  ] STEP_DURATION 22->21
  f=701    [npc1  ] STEP_DURATION 51->50
  f=701    [npc4  ] STEP_DURATION 21->20
  f=703    [npc1  ] STEP_DURATION 50->49
  f=703    [npc4  ] STEP_DURATION 20->19
  f=705    [npc1  ] STEP_DURATION 49->48
  f=706    [npc4  ] STEP_DURATION 19->18
  f=707    [npc1  ] STEP_DURATION 48->47
  f=707    [npc4  ] STEP_DURATION 18->17
  f=709    [npc1  ] STEP_DURATION 47->46
  f=709    [npc4  ] STEP_DURATION 17->16
  f=711    [npc1  ] STEP_DURATION 46->45
  f=711    [npc4  ] STEP_DURATION 16->15
  f=713    [npc1  ] STEP_DURATION 45->44
  f=713    [npc4  ] STEP_DURATION 15->14
  f=715    [npc1  ] STEP_DURATION 44->43
  f=716    [npc4  ] STEP_DURATION 14->13
  f=717    [npc1  ] STEP_DURATION 43->42
  f=717    [npc4  ] STEP_DURATION 13->12
  f=719    [npc1  ] STEP_DURATION 42->41
  f=719    [npc4  ] STEP_DURATION 12->11
  f=721    [npc1  ] STEP_DURATION 41->40
  f=721    [npc4  ] STEP_DURATION 11->10
  f=723    [npc1  ] STEP_DURATION 40->39
  f=723    [npc4  ] STEP_DURATION 10->9
  f=725    [npc1  ] STEP_DURATION 39->38
  f=726    [npc4  ] STEP_DURATION 9->8
  f=727    [npc1  ] STEP_DURATION 38->37
  f=727    [npc4  ] STEP_DURATION 8->7
  f=729    [npc1  ] STEP_DURATION 37->36
  f=729    [npc4  ] STEP_DURATION 7->6
  f=731    [npc1  ] STEP_DURATION 36->35
  f=731    [npc4  ] STEP_DURATION 6->5
  f=733    [npc1  ] STEP_DURATION 35->34
  f=733    [npc4  ] STEP_DURATION 5->4
  f=735    [npc1  ] STEP_DURATION 34->33
  f=736    [npc4  ] STEP_DURATION 4->3
  f=737    [npc1  ] STEP_DURATION 33->32
  f=737    [npc4  ] STEP_DURATION 3->2
  f=739    [npc1  ] STEP_DURATION 32->31
  f=739    [npc4  ] STEP_DURATION 2->1
  f=741    [npc1  ] STEP_DURATION 31->30
  f=741    [npc4  ] STEP_TYPE 3->1  STEP_DURATION 1->0
  f=743    [npc1  ] STEP_DURATION 30->29
  f=744    [npc4  ] DIRECTION 8->4  STEP_TYPE 1->3  STEP_DURATION 0->6  FACING 8->4
  f=745    [npc1  ] STEP_DURATION 29->28
  f=745    [npc4  ] STEP_DURATION 6->5
  f=747    [npc1  ] STEP_DURATION 28->27
  f=747    [npc4  ] STEP_DURATION 5->4
  f=749    [npc1  ] STEP_DURATION 27->26
  f=749    [npc4  ] STEP_DURATION 4->3
  f=751    [npc1  ] STEP_DURATION 26->25
  f=751    [npc4  ] STEP_DURATION 3->2
  f=753    [npc1  ] STEP_DURATION 25->24
  f=754    [npc4  ] STEP_DURATION 2->1
  f=755    [npc1  ] STEP_DURATION 24->23
  f=755    [npc4  ] STEP_TYPE 3->1  STEP_DURATION 1->0
  f=757    [npc1  ] STEP_DURATION 23->22
  f=757    [npc4  ] DIRECTION 4->12  STEP_TYPE 1->3  STEP_DURATION 0->86  FACING 4->12
  f=759    [npc1  ] STEP_DURATION 22->21
  f=759    [npc4  ] STEP_DURATION 86->85
  f=761    [npc1  ] STEP_DURATION 21->20
  f=762    [npc4  ] STEP_DURATION 85->84
  f=763    [npc1  ] STEP_DURATION 20->19
  f=763    [npc4  ] STEP_DURATION 84->83
  f=765    [npc1  ] STEP_DURATION 19->18
  f=765    [npc4  ] STEP_DURATION 83->82
  f=767    [npc1  ] STEP_DURATION 18->17
  f=767    [npc4  ] STEP_DURATION 82->81
  f=769    [npc1  ] STEP_DURATION 17->16
  f=769    [npc4  ] STEP_DURATION 81->80
  f=771    [npc1  ] STEP_DURATION 16->15
  f=772    [npc4  ] STEP_DURATION 80->79
  f=773    [npc1  ] STEP_DURATION 15->14
  f=773    [npc4  ] STEP_DURATION 79->78
  f=775    [npc1  ] STEP_DURATION 14->13
  f=775    [npc4  ] STEP_DURATION 78->77
  f=777    [npc1  ] STEP_DURATION 13->12
  f=777    [npc4  ] STEP_DURATION 77->76
  f=779    [npc1  ] STEP_DURATION 12->11
  f=779    [npc4  ] STEP_DURATION 76->75
  f=781    [npc1  ] STEP_DURATION 11->10
  f=782    [npc4  ] STEP_DURATION 75->74
  f=783    [npc1  ] STEP_DURATION 10->9
  f=783    [npc4  ] STEP_DURATION 74->73
  f=785    [npc1  ] STEP_DURATION 9->8
  f=785    [npc4  ] STEP_DURATION 73->72
  f=787    [npc1  ] STEP_DURATION 8->7
  f=787    [npc4  ] STEP_DURATION 72->71
  f=789    [npc1  ] STEP_DURATION 7->6
  f=789    [npc4  ] STEP_DURATION 71->70
  f=791    [npc1  ] STEP_DURATION 6->5
  f=792    [npc4  ] STEP_DURATION 70->69
  f=793    [npc1  ] STEP_DURATION 5->4
  f=793    [npc4  ] STEP_DURATION 69->68
  f=795    [npc1  ] STEP_DURATION 4->3
  f=795    [npc4  ] STEP_DURATION 68->67
  f=797    [npc1  ] STEP_DURATION 3->2
  f=797    [npc4  ] STEP_DURATION 67->66
  f=799    [npc1  ] STEP_DURATION 2->1
  f=799    [npc4  ] STEP_DURATION 66->65
  f=801    [npc1  ] STEP_TYPE 3->1  STEP_DURATION 1->0
  f=802    [npc4  ] STEP_DURATION 65->64
  f=803    [npc1  ] DIRECTION 8->12  STEP_TYPE 1->3  STEP_DURATION 0->111  FACING 8->12
  f=803    [npc4  ] STEP_DURATION 64->63
  f=805    [npc1  ] STEP_DURATION 111->110
  f=805    [npc4  ] STEP_DURATION 63->62
  f=807    [npc1  ] STEP_DURATION 110->109
  f=807    [npc4  ] STEP_DURATION 62->61
  f=809    [npc1  ] STEP_DURATION 109->108
  f=810    [npc4  ] STEP_DURATION 61->60
  f=811    [npc1  ] STEP_DURATION 108->107
  f=811    [npc4  ] STEP_DURATION 60->59
  f=813    [npc1  ] STEP_DURATION 107->106
  f=813    [npc4  ] STEP_DURATION 59->58
  f=815    [npc1  ] STEP_DURATION 106->105
  f=815    [npc4  ] STEP_DURATION 58->57
  f=817    [npc1  ] STEP_DURATION 105->104
  f=817    [npc4  ] STEP_DURATION 57->56
  f=819    [npc1  ] STEP_DURATION 104->103
  f=820    [npc4  ] STEP_DURATION 56->55
  f=821    [npc1  ] STEP_DURATION 103->102
  f=821    [npc4  ] STEP_DURATION 55->54
  f=823    [npc1  ] STEP_DURATION 102->101
  f=823    [npc4  ] STEP_DURATION 54->53
  f=825    [npc1  ] STEP_DURATION 101->100
  f=825    [npc4  ] STEP_DURATION 53->52
  f=827    [npc1  ] STEP_DURATION 100->99
  f=828    [npc4  ] STEP_DURATION 52->51
  f=829    [npc1  ] STEP_DURATION 99->98
  f=829    [npc4  ] STEP_DURATION 51->50
  f=831    [npc1  ] STEP_DURATION 98->97
  f=831    [npc4  ] STEP_DURATION 50->49
  f=833    [npc1  ] STEP_DURATION 97->96
  f=833    [npc4  ] STEP_DURATION 49->48
  f=835    [npc1  ] STEP_DURATION 96->95
  f=835    [npc4  ] STEP_DURATION 48->47
  f=837    [npc1  ] STEP_DURATION 95->94
  f=837    [npc4  ] STEP_DURATION 47->46
  f=839    [npc1  ] STEP_DURATION 94->93
  f=840    [npc4  ] STEP_DURATION 46->45
  f=841    [npc1  ] STEP_DURATION 93->92
  f=841    [npc4  ] STEP_DURATION 45->44
  f=843    [npc1  ] STEP_DURATION 92->91
  f=843    [npc4  ] STEP_DURATION 44->43
  f=845    [npc1  ] STEP_DURATION 91->90
  f=845    [npc4  ] STEP_DURATION 43->42
  f=847    [npc1  ] STEP_DURATION 90->89
  f=847    [npc4  ] STEP_DURATION 42->41
  f=849    [npc1  ] STEP_DURATION 89->88
  f=849    [npc4  ] STEP_DURATION 41->40
  f=851    [npc1  ] STEP_DURATION 88->87
  f=851    [npc4  ] STEP_DURATION 40->39
  f=853    [npc1  ] STEP_DURATION 87->86
  f=853    [npc4  ] STEP_DURATION 39->38
  f=855    [npc1  ] STEP_DURATION 86->85
  f=855    [npc4  ] STEP_DURATION 38->37
  f=857    [npc1  ] STEP_DURATION 85->84
  f=857    [npc4  ] STEP_DURATION 37->36
  f=859    [npc1  ] STEP_DURATION 84->83
  f=859    [npc4  ] STEP_DURATION 36->35
  f=861    [npc1  ] STEP_DURATION 83->82
  f=861    [npc4  ] STEP_DURATION 35->34
  f=863    [npc1  ] STEP_DURATION 82->81
  f=863    [npc4  ] STEP_DURATION 34->33
  f=865    [npc1  ] STEP_DURATION 81->80
  f=866    [npc4  ] STEP_DURATION 33->32
  f=867    [npc1  ] STEP_DURATION 80->79
  f=867    [npc4  ] STEP_DURATION 32->31
  f=869    [npc1  ] STEP_DURATION 79->78
  f=869    [npc4  ] STEP_DURATION 31->30
  f=871    [npc1  ] STEP_DURATION 78->77
  f=871    [npc4  ] STEP_DURATION 30->29
  f=873    [npc1  ] STEP_DURATION 77->76
  f=874    [npc4  ] STEP_DURATION 29->28
  f=875    [npc1  ] STEP_DURATION 76->75
  f=875    [npc4  ] STEP_DURATION 28->27
  f=877    [npc1  ] STEP_DURATION 75->74
  f=877    [npc4  ] STEP_DURATION 27->26
  f=879    [npc1  ] STEP_DURATION 74->73
  f=879    [npc4  ] STEP_DURATION 26->25
  f=881    [npc1  ] STEP_DURATION 73->72
  f=882    [npc4  ] STEP_DURATION 25->24
  f=883    [npc1  ] STEP_DURATION 72->71
  f=883    [npc4  ] STEP_DURATION 24->23
  f=885    [npc1  ] STEP_DURATION 71->70
  f=885    [npc4  ] STEP_DURATION 23->22
  f=887    [npc1  ] STEP_DURATION 70->69
  f=887    [npc4  ] STEP_DURATION 22->21
  f=889    [npc1  ] STEP_DURATION 69->68
  f=890    [npc4  ] STEP_DURATION 21->20
  f=891    [npc1  ] STEP_DURATION 68->67
  f=891    [npc4  ] STEP_DURATION 20->19
  f=893    [npc1  ] STEP_DURATION 67->66
  f=893    [npc4  ] STEP_DURATION 19->18
  f=895    [npc1  ] STEP_DURATION 66->65
  f=896    [npc4  ] STEP_DURATION 18->17
  f=897    [npc1  ] STEP_DURATION 65->64
  f=897    [npc4  ] STEP_DURATION 17->16
  f=899    [npc1  ] STEP_DURATION 64->63
  f=899    [npc4  ] STEP_DURATION 16->15
  f=901    [npc1  ] STEP_DURATION 63->62
  f=901    [npc4  ] STEP_DURATION 15->14
  f=903    [npc1  ] STEP_DURATION 62->61
  f=904    [npc4  ] STEP_DURATION 14->13
  f=905    [npc1  ] STEP_DURATION 61->60
  f=905    [npc4  ] STEP_DURATION 13->12
  f=907    [npc1  ] STEP_DURATION 60->59
  f=907    [npc4  ] STEP_DURATION 12->11
  f=909    [npc1  ] STEP_DURATION 59->58
  f=909    [npc4  ] STEP_DURATION 11->10
  f=911    [npc1  ] STEP_DURATION 58->57
  f=912    [npc4  ] STEP_DURATION 10->9
  f=913    [npc1  ] STEP_DURATION 57->56
  f=913    [npc4  ] STEP_DURATION 9->8
  f=915    [npc1  ] STEP_DURATION 56->55
  f=915    [npc4  ] STEP_DURATION 8->7
  f=917    [npc1  ] STEP_DURATION 55->54
  f=917    [npc4  ] STEP_DURATION 7->6
  f=919    [npc1  ] STEP_DURATION 54->53
  f=919    [npc4  ] STEP_DURATION 6->5
  f=921    [npc1  ] STEP_DURATION 53->52
  f=922    [npc4  ] STEP_DURATION 5->4
  f=923    [npc1  ] STEP_DURATION 52->51
  f=923    [npc4  ] STEP_DURATION 4->3
  f=925    [npc1  ] STEP_DURATION 51->50
  f=925    [npc4  ] STEP_DURATION 3->2
  f=927    [npc1  ] STEP_DURATION 50->49
  f=927    [npc4  ] STEP_DURATION 2->1
  f=929    [npc1  ] STEP_DURATION 49->48
  f=929    [npc4  ] STEP_TYPE 3->1  STEP_DURATION 1->0
  f=931    [npc1  ] STEP_DURATION 48->47
  f=931    [npc4  ] DIRECTION 12->4  STEP_TYPE 1->3  STEP_DURATION 0->22  FACING 12->4
  f=933    [npc1  ] STEP_DURATION 47->46
  f=933    [npc4  ] STEP_DURATION 22->21
  f=935    [npc1  ] STEP_DURATION 46->45
  f=935    [npc4  ] STEP_DURATION 21->20
  f=937    [npc1  ] STEP_DURATION 45->44
  f=937    [npc4  ] STEP_DURATION 20->19
  f=939    [npc1  ] STEP_DURATION 44->43
  f=939    [npc4  ] STEP_DURATION 19->18
  f=941    [npc1  ] STEP_DURATION 43->42
  f=941    [npc4  ] STEP_DURATION 18->17
  f=943    [npc1  ] STEP_DURATION 42->41
  f=943    [npc4  ] STEP_DURATION 17->16
  f=945    [npc1  ] STEP_DURATION 41->40
  f=945    [npc4  ] STEP_DURATION 16->15
  f=947    [npc1  ] STEP_DURATION 40->39
  f=947    [npc4  ] STEP_DURATION 15->14
  f=949    [npc1  ] STEP_DURATION 39->38
  f=949    [npc4  ] STEP_DURATION 14->13
  f=951    [npc1  ] STEP_DURATION 38->37
  f=951    [npc4  ] STEP_DURATION 13->12
  f=953    [npc1  ] STEP_DURATION 37->36
  f=953    [npc4  ] STEP_DURATION 12->11
  f=955    [npc1  ] STEP_DURATION 36->35
  f=955    [npc4  ] STEP_DURATION 11->10
  f=957    [npc1  ] STEP_DURATION 35->34
  f=957    [npc4  ] STEP_DURATION 10->9
  f=959    [npc1  ] STEP_DURATION 34->33
  f=959    [npc4  ] STEP_DURATION 9->8
  f=961    [npc1  ] STEP_DURATION 33->32
  f=961    [npc4  ] STEP_DURATION 8->7
  f=963    [npc1  ] STEP_DURATION 32->31
  f=963    [npc4  ] STEP_DURATION 7->6
  f=965    [npc1  ] STEP_DURATION 31->30
  f=965    [npc4  ] STEP_DURATION 6->5
  f=967    [npc1  ] STEP_DURATION 30->29
  f=967    [npc4  ] STEP_DURATION 5->4
  f=969    [npc1  ] STEP_DURATION 29->28
  f=969    [npc4  ] STEP_DURATION 4->3
  f=971    [npc1  ] STEP_DURATION 28->27
  f=971    [npc4  ] STEP_DURATION 3->2
  f=973    [npc1  ] STEP_DURATION 27->26
  f=973    [npc4  ] STEP_DURATION 2->1
  f=975    [npc1  ] STEP_DURATION 26->25
  f=975    [npc4  ] STEP_TYPE 3->1  STEP_DURATION 1->0
  f=977    [npc1  ] STEP_DURATION 25->24
  f=977    [npc4  ] DIRECTION 4->0  STEP_TYPE 1->3  STEP_DURATION 0->43  FACING 4->0
  f=979    [npc1  ] STEP_DURATION 24->23
  f=979    [npc4  ] STEP_DURATION 43->42
  f=981    [npc1  ] STEP_DURATION 23->22
  f=981    [npc4  ] STEP_DURATION 42->41
  f=983    [npc1  ] STEP_DURATION 22->21
  f=983    [npc4  ] STEP_DURATION 41->40
  f=985    [npc1  ] STEP_DURATION 21->20
  f=985    [npc4  ] STEP_DURATION 40->39
  f=987    [npc1  ] STEP_DURATION 20->19
  f=987    [npc4  ] STEP_DURATION 39->38
  f=989    [npc1  ] STEP_DURATION 19->18
  f=989    [npc4  ] STEP_DURATION 38->37
  f=991    [npc1  ] STEP_DURATION 18->17
  f=991    [npc4  ] STEP_DURATION 37->36
  f=993    [npc1  ] STEP_DURATION 17->16
  f=993    [npc4  ] STEP_DURATION 36->35
  f=995    [npc1  ] STEP_DURATION 16->15
  f=995    [npc4  ] STEP_DURATION 35->34
  f=997    [npc1  ] STEP_DURATION 15->14
  f=997    [npc4  ] STEP_DURATION 34->33
  f=999    [npc1  ] STEP_DURATION 14->13
  f=999    [npc4  ] STEP_DURATION 33->32
  f=1001   [npc1  ] STEP_DURATION 13->12
  f=1001   [npc4  ] STEP_DURATION 32->31
  f=1003   [npc1  ] STEP_DURATION 12->11
  f=1003   [npc4  ] STEP_DURATION 31->30
  f=1005   [npc1  ] STEP_DURATION 11->10
  f=1005   [npc4  ] STEP_DURATION 30->29
  f=1007   [npc1  ] STEP_DURATION 10->9
  f=1007   [npc4  ] STEP_DURATION 29->28
  f=1009   [npc1  ] STEP_DURATION 9->8
  f=1009   [npc4  ] STEP_DURATION 28->27
  f=1011   [npc1  ] STEP_DURATION 8->7
  f=1011   [npc4  ] STEP_DURATION 27->26
  f=1013   [npc1  ] STEP_DURATION 7->6
  f=1013   [npc4  ] STEP_DURATION 26->25
  f=1015   [npc1  ] STEP_DURATION 6->5
  f=1015   [npc4  ] STEP_DURATION 25->24
  f=1017   [npc1  ] STEP_DURATION 5->4
  f=1017   [npc4  ] STEP_DURATION 24->23
  f=1019   [npc1  ] STEP_DURATION 4->3
  f=1019   [npc4  ] STEP_DURATION 23->22
  f=1021   [npc1  ] STEP_DURATION 3->2
  f=1021   [npc4  ] STEP_DURATION 22->21
  f=1023   [npc1  ] STEP_DURATION 2->1
  f=1023   [npc4  ] STEP_DURATION 21->20
  f=1025   [npc1  ] STEP_TYPE 3->1  STEP_DURATION 1->0
  f=1025   [npc4  ] STEP_DURATION 20->19
  f=1027   [npc1  ] DIRECTION 12->0  STEP_TYPE 1->3  STEP_DURATION 0->95  FACING 12->0
  f=1027   [npc4  ] STEP_DURATION 19->18
  f=1029   [npc1  ] STEP_DURATION 95->94
  f=1029   [npc4  ] STEP_DURATION 18->17
  f=1031   [npc1  ] STEP_DURATION 94->93
  f=1031   [npc4  ] STEP_DURATION 17->16
  f=1033   [npc1  ] STEP_DURATION 93->92
  f=1033   [npc4  ] STEP_DURATION 16->15
  f=1035   [npc1  ] STEP_DURATION 92->91
  f=1035   [npc4  ] STEP_DURATION 15->14
  f=1037   [npc1  ] STEP_DURATION 91->90
  f=1037   [npc4  ] STEP_DURATION 14->13
  f=1039   [npc1  ] STEP_DURATION 90->89
  f=1039   [npc4  ] STEP_DURATION 13->12
  f=1041   [npc1  ] STEP_DURATION 89->88
  f=1041   [npc4  ] STEP_DURATION 12->11
  f=1043   [npc1  ] STEP_DURATION 88->87
  f=1043   [npc4  ] STEP_DURATION 11->10
  f=1045   [npc1  ] STEP_DURATION 87->86
  f=1045   [npc4  ] STEP_DURATION 10->9
  f=1047   [npc1  ] STEP_DURATION 86->85
  f=1047   [npc4  ] STEP_DURATION 9->8
  f=1049   [npc1  ] STEP_DURATION 85->84
  f=1049   [npc4  ] STEP_DURATION 8->7
  f=1051   [npc1  ] STEP_DURATION 84->83
  f=1051   [npc4  ] STEP_DURATION 7->6
  f=1053   [npc1  ] STEP_DURATION 83->82
  f=1053   [npc4  ] STEP_DURATION 6->5
  f=1055   [npc1  ] STEP_DURATION 82->81
  f=1055   [npc4  ] STEP_DURATION 5->4
  f=1057   [npc1  ] STEP_DURATION 81->80
  f=1057   [npc4  ] STEP_DURATION 4->3
  f=1059   [npc1  ] STEP_DURATION 80->79
  f=1059   [npc4  ] STEP_DURATION 3->2
  f=1061   [npc1  ] STEP_DURATION 79->78
  f=1061   [npc4  ] STEP_DURATION 2->1
  f=1063   [npc1  ] STEP_DURATION 78->77
  f=1063   [npc4  ] STEP_TYPE 3->1  STEP_DURATION 1->0
  f=1065   [npc1  ] STEP_DURATION 77->76
  f=1065   [npc4  ] DIRECTION 0->4  STEP_TYPE 1->3  STEP_DURATION 0->69  FACING 0->4
  f=1067   [npc1  ] STEP_DURATION 76->75
  f=1067   [npc4  ] STEP_DURATION 69->68
  f=1069   [npc1  ] STEP_DURATION 75->74
  f=1069   [npc4  ] STEP_DURATION 68->67
  f=1071   [npc1  ] STEP_DURATION 74->73
  f=1071   [npc4  ] STEP_DURATION 67->66
  f=1073   [npc1  ] STEP_DURATION 73->72
  f=1073   [npc4  ] STEP_DURATION 66->65
  f=1075   [npc1  ] STEP_DURATION 72->71
  f=1075   [npc4  ] STEP_DURATION 65->64
  f=1077   [npc1  ] STEP_DURATION 71->70
  f=1077   [npc4  ] STEP_DURATION 64->63
  f=1079   [npc1  ] STEP_DURATION 70->69
  f=1079   [npc4  ] STEP_DURATION 63->62
  f=1081   [npc1  ] STEP_DURATION 69->68
  f=1081   [npc4  ] STEP_DURATION 62->61
  f=1083   [npc1  ] STEP_DURATION 68->67
  f=1083   [npc4  ] STEP_DURATION 61->60
  f=1085   [npc1  ] STEP_DURATION 67->66
  f=1085   [npc4  ] STEP_DURATION 60->59
  f=1087   [npc1  ] STEP_DURATION 66->65
  f=1087   [npc4  ] STEP_DURATION 59->58
  f=1089   [npc1  ] STEP_DURATION 65->64
  f=1089   [npc4  ] STEP_DURATION 58->57
  f=1091   [npc1  ] STEP_DURATION 64->63
  f=1091   [npc4  ] STEP_DURATION 57->56
  f=1093   [npc1  ] STEP_DURATION 63->62
  f=1093   [npc4  ] STEP_DURATION 56->55
  f=1095   [npc1  ] STEP_DURATION 62->61
  f=1095   [npc4  ] STEP_DURATION 55->54
  f=1097   [npc1  ] STEP_DURATION 61->60
  f=1097   [npc4  ] STEP_DURATION 54->53
  f=1099   [npc1  ] STEP_DURATION 60->59
  f=1099   [npc4  ] STEP_DURATION 53->52
  f=1101   [npc1  ] STEP_DURATION 59->58
  f=1101   [npc4  ] STEP_DURATION 52->51
  f=1103   [npc1  ] STEP_DURATION 58->57
  f=1103   [npc4  ] STEP_DURATION 51->50
  f=1105   [npc1  ] STEP_DURATION 57->56
  f=1105   [npc4  ] STEP_DURATION 50->49
  f=1107   [npc1  ] STEP_DURATION 56->55
  f=1107   [npc4  ] STEP_DURATION 49->48
  f=1109   [npc1  ] STEP_DURATION 55->54
  f=1109   [npc4  ] STEP_DURATION 48->47
  f=1111   [npc1  ] STEP_DURATION 54->53
  f=1111   [npc4  ] STEP_DURATION 47->46
  f=1113   [npc1  ] STEP_DURATION 53->52
  f=1113   [npc4  ] STEP_DURATION 46->45
  f=1115   [npc1  ] STEP_DURATION 52->51
  f=1115   [npc4  ] STEP_DURATION 45->44
  f=1117   [npc1  ] STEP_DURATION 51->50
  f=1117   [npc4  ] STEP_DURATION 44->43
  f=1119   [npc1  ] STEP_DURATION 50->49
  f=1119   [npc4  ] STEP_DURATION 43->42
  f=1121   [npc1  ] STEP_DURATION 49->48
  f=1121   [npc4  ] STEP_DURATION 42->41
  f=1123   [npc1  ] STEP_DURATION 48->47
  f=1123   [npc4  ] STEP_DURATION 41->40
  f=1125   [npc1  ] STEP_DURATION 47->46
  f=1125   [npc4  ] STEP_DURATION 40->39
  f=1127   [npc1  ] STEP_DURATION 46->45
  f=1127   [npc4  ] STEP_DURATION 39->38
  f=1129   [npc1  ] STEP_DURATION 45->44
  f=1129   [npc4  ] STEP_DURATION 38->37
  f=1131   [npc1  ] STEP_DURATION 44->43
  f=1131   [npc4  ] STEP_DURATION 37->36
  f=1133   [npc1  ] STEP_DURATION 43->42
  f=1133   [npc4  ] STEP_DURATION 36->35
  f=1135   [npc1  ] STEP_DURATION 42->41
  f=1135   [npc4  ] STEP_DURATION 35->34
  f=1137   [npc1  ] STEP_DURATION 41->40
  f=1137   [npc4  ] STEP_DURATION 34->33
  f=1139   [npc1  ] STEP_DURATION 40->39
  f=1139   [npc4  ] STEP_DURATION 33->32
  f=1141   [npc1  ] STEP_DURATION 39->38
  f=1141   [npc4  ] STEP_DURATION 32->31
  f=1143   [npc1  ] STEP_DURATION 38->37
  f=1143   [npc4  ] STEP_DURATION 31->30
  f=1145   [npc1  ] STEP_DURATION 37->36
  f=1145   [npc4  ] STEP_DURATION 30->29
  f=1147   [npc1  ] STEP_DURATION 36->35
  f=1147   [npc4  ] STEP_DURATION 29->28
  f=1149   [npc1  ] STEP_DURATION 35->34
  f=1149   [npc4  ] STEP_DURATION 28->27
  f=1151   [npc1  ] STEP_DURATION 34->33
  f=1151   [npc4  ] STEP_DURATION 27->26
  f=1153   [npc1  ] STEP_DURATION 33->32
  f=1153   [npc4  ] STEP_DURATION 26->25
  f=1155   [npc1  ] STEP_DURATION 32->31
  f=1155   [npc4  ] STEP_DURATION 25->24
  f=1157   [npc1  ] STEP_DURATION 31->30
  f=1157   [npc4  ] STEP_DURATION 24->23
  f=1159   [npc1  ] STEP_DURATION 30->29
  f=1159   [npc4  ] STEP_DURATION 23->22
  f=1161   [npc1  ] STEP_DURATION 29->28
  f=1161   [npc4  ] STEP_DURATION 22->21
  f=1163   [npc1  ] STEP_DURATION 28->27
  f=1163   [npc4  ] STEP_DURATION 21->20
  f=1165   [npc1  ] STEP_DURATION 27->26
  f=1165   [npc4  ] STEP_DURATION 20->19
  f=1167   [npc1  ] STEP_DURATION 26->25
  f=1167   [npc4  ] STEP_DURATION 19->18
  f=1169   [npc1  ] STEP_DURATION 25->24
  f=1169   [npc4  ] STEP_DURATION 18->17
  f=1171   [npc1  ] STEP_DURATION 24->23
  f=1171   [npc4  ] STEP_DURATION 17->16
  f=1173   [npc1  ] STEP_DURATION 23->22
  f=1173   [npc4  ] STEP_DURATION 16->15
  f=1175   [npc1  ] STEP_DURATION 22->21
  f=1175   [npc4  ] STEP_DURATION 15->14
  f=1177   [npc1  ] STEP_DURATION 21->20
  f=1177   [npc4  ] STEP_DURATION 14->13
  f=1179   [npc1  ] STEP_DURATION 20->19
  f=1179   [npc4  ] STEP_DURATION 13->12
  f=1181   [npc1  ] STEP_DURATION 19->18
  f=1181   [npc4  ] STEP_DURATION 12->11
  f=1183   [npc1  ] STEP_DURATION 18->17
  f=1183   [npc4  ] STEP_DURATION 11->10
  f=1185   [npc1  ] STEP_DURATION 17->16
  f=1185   [npc4  ] STEP_DURATION 10->9
  f=1187   [npc1  ] STEP_DURATION 16->15
  f=1187   [npc4  ] STEP_DURATION 9->8
  f=1189   [npc1  ] STEP_DURATION 15->14
  f=1189   [npc4  ] STEP_DURATION 8->7
  f=1191   [npc1  ] STEP_DURATION 14->13
  f=1191   [npc4  ] STEP_DURATION 7->6
  f=1193   [npc1  ] STEP_DURATION 13->12
  f=1193   [npc4  ] STEP_DURATION 6->5
  f=1195   [npc1  ] STEP_DURATION 12->11
  f=1195   [npc4  ] STEP_DURATION 5->4
  f=1197   [npc1  ] STEP_DURATION 11->10
  f=1197   [npc4  ] STEP_DURATION 4->3
  f=1199   [npc1  ] STEP_DURATION 10->9
  f=1199   [npc4  ] STEP_DURATION 3->2
  f=1201   [npc1  ] STEP_DURATION 9->8
  f=1201   [npc4  ] STEP_DURATION 2->1
  f=1203   [npc1  ] STEP_DURATION 8->7
  f=1203   [npc4  ] STEP_TYPE 3->1  STEP_DURATION 1->0
  f=1205   [npc1  ] STEP_DURATION 7->6
  f=1205   [npc4  ] DIRECTION 4->0  STEP_TYPE 1->3  STEP_DURATION 0->27  FACING 4->0
  f=1207   [npc1  ] STEP_DURATION 6->5
  f=1207   [npc4  ] STEP_DURATION 27->26
  f=1209   [npc1  ] STEP_DURATION 5->4
  f=1209   [npc4  ] STEP_DURATION 26->25
  f=1211   [npc1  ] STEP_DURATION 4->3
  f=1211   [npc4  ] STEP_DURATION 25->24
  f=1213   [npc1  ] STEP_DURATION 3->2
  f=1213   [npc4  ] STEP_DURATION 24->23
  f=1215   [npc1  ] STEP_DURATION 2->1
  f=1215   [npc4  ] STEP_DURATION 23->22
  f=1217   [npc1  ] STEP_TYPE 3->1  STEP_DURATION 1->0
  f=1217   [npc4  ] STEP_DURATION 22->21
  f=1219   [npc1  ] DIRECTION 0->12  STEP_TYPE 1->3  STEP_DURATION 0->72  FACING 0->12
  f=1219   [npc4  ] STEP_DURATION 21->20
  f=1221   [npc1  ] STEP_DURATION 72->71
  f=1221   [npc4  ] STEP_DURATION 20->19
  f=1223   [npc1  ] STEP_DURATION 71->70
  f=1223   [npc4  ] STEP_DURATION 19->18
  f=1225   [npc1  ] STEP_DURATION 70->69
  f=1225   [npc4  ] STEP_DURATION 18->17
  f=1227   [npc1  ] STEP_DURATION 69->68
  f=1227   [npc4  ] STEP_DURATION 17->16
  f=1229   [npc1  ] STEP_DURATION 68->67
  f=1229   [npc4  ] STEP_DURATION 16->15
  f=1231   [npc1  ] STEP_DURATION 67->66
  f=1231   [npc4  ] STEP_DURATION 15->14
  f=1233   [npc1  ] STEP_DURATION 66->65
  f=1233   [npc4  ] STEP_DURATION 14->13
  f=1235   [npc1  ] STEP_DURATION 65->64
  f=1235   [npc4  ] STEP_DURATION 13->12
  f=1237   [npc1  ] STEP_DURATION 64->63
  f=1237   [npc4  ] STEP_DURATION 12->11
  f=1239   [npc1  ] STEP_DURATION 63->62
  f=1239   [npc4  ] STEP_DURATION 11->10
  f=1241   [npc1  ] STEP_DURATION 62->61
  f=1241   [npc4  ] STEP_DURATION 10->9
  f=1243   [npc1  ] STEP_DURATION 61->60
  f=1243   [npc4  ] STEP_DURATION 9->8
  f=1245   [npc1  ] STEP_DURATION 60->59
  f=1245   [npc4  ] STEP_DURATION 8->7
  f=1247   [npc1  ] STEP_DURATION 59->58
  f=1247   [npc4  ] STEP_DURATION 7->6
  f=1249   [npc1  ] STEP_DURATION 58->57
  f=1249   [npc4  ] STEP_DURATION 6->5
  f=1251   [npc1  ] STEP_DURATION 57->56
  f=1251   [npc4  ] STEP_DURATION 5->4
  f=1253   [npc1  ] STEP_DURATION 56->55
  f=1253   [npc4  ] STEP_DURATION 4->3
  f=1255   [npc1  ] STEP_DURATION 55->54
  f=1255   [npc4  ] STEP_DURATION 3->2
  f=1257   [npc1  ] STEP_DURATION 54->53
  f=1257   [npc4  ] STEP_DURATION 2->1
  f=1259   [npc1  ] STEP_DURATION 53->52
  f=1259   [npc4  ] STEP_TYPE 3->1  STEP_DURATION 1->0
  f=1261   [npc1  ] STEP_DURATION 52->51
  f=1261   [npc4  ] DIRECTION 0->8  STEP_TYPE 1->3  STEP_DURATION 0->81  FACING 0->8
  f=1263   [npc1  ] STEP_DURATION 51->50
  f=1263   [npc4  ] STEP_DURATION 81->80
  f=1265   [npc1  ] STEP_DURATION 50->49
  f=1265   [npc4  ] STEP_DURATION 80->79
  f=1267   [npc1  ] STEP_DURATION 49->48
  f=1267   [npc4  ] STEP_DURATION 79->78
  f=1269   [npc1  ] STEP_DURATION 48->47
  f=1269   [npc4  ] STEP_DURATION 78->77
  f=1271   [npc1  ] STEP_DURATION 47->46
  f=1271   [npc4  ] STEP_DURATION 77->76
  f=1273   [npc1  ] STEP_DURATION 46->45
  f=1275   [npc1  ] STEP_DURATION 45->44
  f=1278   [npc1  ] STEP_DURATION 44->43
  f=1279   [npc1  ] STEP_DURATION 43->42
  f=1281   [npc1  ] STEP_DURATION 42->41
  f=1283   [npc1  ] STEP_DURATION 41->40
  f=1285   [npc1  ] STEP_DURATION 40->39
  f=1287   [npc1  ] STEP_DURATION 39->38
  f=1289   [npc1  ] STEP_DURATION 38->37
  f=1291   [npc1  ] STEP_DURATION 37->36
  f=1293   [npc1  ] STEP_DURATION 36->35
  f=1295   [npc1  ] STEP_DURATION 35->34
  f=1297   [npc1  ] STEP_DURATION 34->33
  f=1299   [npc1  ] STEP_DURATION 33->32
  f=1301   [npc1  ] STEP_DURATION 32->31
  f=1303   [npc1  ] STEP_DURATION 31->30
  f=1305   [npc1  ] STEP_DURATION 30->29
  f=1307   [npc1  ] STEP_DURATION 29->28
  f=1309   [npc1  ] STEP_DURATION 28->27
  f=1311   [npc1  ] STEP_DURATION 27->26
  f=1313   [npc1  ] STEP_DURATION 26->25
  f=1315   [npc1  ] STEP_DURATION 25->24
  f=1317   [npc1  ] STEP_DURATION 24->23
  f=1319   [npc1  ] STEP_DURATION 23->22
  f=1321   [npc1  ] STEP_DURATION 22->21
  f=1323   [npc1  ] STEP_DURATION 21->20
  f=1325   [npc1  ] STEP_DURATION 20->19
  f=1327   [npc1  ] STEP_DURATION 19->18
  f=1329   [npc1  ] STEP_DURATION 18->17
  f=1331   [npc1  ] STEP_DURATION 17->16
  f=1333   [npc1  ] STEP_DURATION 16->15
  f=1335   [npc1  ] STEP_DURATION 15->14
  f=1337   [npc1  ] STEP_DURATION 14->13
  f=1339   [npc1  ] STEP_DURATION 13->12
  f=1341   [npc1  ] STEP_DURATION 12->11
  f=1343   [npc1  ] STEP_DURATION 11->10
  f=1345   [npc1  ] STEP_DURATION 10->9
  f=1347   [npc1  ] STEP_DURATION 9->8
  f=1349   [npc1  ] STEP_DURATION 8->7
  f=1351   [npc1  ] STEP_DURATION 7->6
  f=1353   [npc1  ] STEP_DURATION 6->5
  f=1355   [npc1  ] STEP_DURATION 5->4
  f=1357   [npc1  ] STEP_DURATION 4->3
  f=1359   [npc1  ] STEP_DURATION 3->2
  f=1361   [npc1  ] STEP_DURATION 2->1
  f=1363   [npc1  ] STEP_TYPE 3->1  STEP_DURATION 1->0
  f=1365   [npc1  ] DIRECTION 12->8  STEP_TYPE 1->3  STEP_DURATION 0->56  FACING 12->8
  f=1367   [npc1  ] STEP_DURATION 56->55
  f=1369   [npc1  ] STEP_DURATION 55->54
  f=1371   [npc1  ] STEP_DURATION 54->53
  f=1373   [npc1  ] STEP_DURATION 53->52
  f=1375   [npc1  ] STEP_DURATION 52->51
  f=1377   [npc1  ] STEP_DURATION 51->50
  f=1379   [npc1  ] STEP_DURATION 50->49
  f=1381   [npc1  ] STEP_DURATION 49->48
  f=1383   [npc1  ] STEP_DURATION 48->47
  f=1385   [npc1  ] STEP_DURATION 47->46
  f=1387   [npc1  ] STEP_DURATION 46->45
  f=1389   [npc1  ] STEP_DURATION 45->44
  f=1391   [npc1  ] STEP_DURATION 44->43
  f=1393   [npc1  ] STEP_DURATION 43->42
  f=1395   [npc1  ] STEP_DURATION 42->41
  f=1397   [npc1  ] STEP_DURATION 41->40
  f=1399   [npc1  ] STEP_DURATION 40->39
  f=1401   [npc1  ] STEP_DURATION 39->38
  f=1403   [npc1  ] STEP_DURATION 38->37
  f=1405   [npc1  ] STEP_DURATION 37->36
  f=1407   [npc1  ] STEP_DURATION 36->35
  f=1409   [npc1  ] STEP_DURATION 35->34
  f=1411   [npc1  ] STEP_DURATION 34->33
  f=1413   [npc1  ] STEP_DURATION 33->32
  f=1415   [npc1  ] STEP_DURATION 32->31
  f=1417   [npc1  ] STEP_DURATION 31->30
  f=1419   [npc1  ] STEP_DURATION 30->29
  f=1421   [npc1  ] STEP_DURATION 29->28
  f=1423   [npc1  ] STEP_DURATION 28->27
  f=1425   [npc1  ] STEP_DURATION 27->26
  f=1427   [npc1  ] STEP_DURATION 26->25
  f=1429   [npc1  ] STEP_DURATION 25->24
  f=1431   [npc1  ] STEP_DURATION 24->23
  f=1433   [npc1  ] STEP_DURATION 23->22
  f=1435   [npc1  ] STEP_DURATION 22->21
  f=1437   [npc1  ] STEP_DURATION 21->20
  f=1439   [npc1  ] STEP_DURATION 20->19
  f=1441   [npc1  ] STEP_DURATION 19->18
  f=1443   [npc1  ] STEP_DURATION 18->17
  f=1445   [npc1  ] STEP_DURATION 17->16
  f=1447   [npc1  ] STEP_DURATION 16->15
  f=1449   [npc1  ] STEP_DURATION 15->14
  f=1451   [npc1  ] STEP_DURATION 14->13
  f=1453   [npc1  ] STEP_DURATION 13->12
  f=1455   [npc1  ] STEP_DURATION 12->11
  f=1457   [npc1  ] STEP_DURATION 11->10
  f=1459   [npc1  ] STEP_DURATION 10->9
  f=1461   [npc1  ] STEP_DURATION 9->8
  f=1463   [npc1  ] STEP_DURATION 8->7
  f=1465   [npc1  ] STEP_DURATION 7->6
  f=1467   [npc1  ] STEP_DURATION 6->5
  f=1469   [npc1  ] STEP_DURATION 5->4
  f=1471   [npc1  ] STEP_DURATION 4->3
  f=1473   [npc1  ] STEP_DURATION 3->2
  f=1475   [npc1  ] STEP_DURATION 2->1
  f=1477   [npc1  ] STEP_TYPE 3->1  STEP_DURATION 1->0
  f=1479   [npc1  ] DIRECTION 8->12  STEP_TYPE 1->3  STEP_DURATION 0->100  FACING 8->12
  f=1481   [npc1  ] STEP_DURATION 100->99
  f=1483   [npc1  ] STEP_DURATION 99->98
  f=1485   [npc1  ] STEP_DURATION 98->97
  f=1487   [npc1  ] STEP_DURATION 97->96
  f=1489   [npc1  ] STEP_DURATION 96->95
  f=1491   [npc1  ] STEP_DURATION 95->94
  f=1493   [npc1  ] STEP_DURATION 94->93
  f=1495   [npc1  ] STEP_DURATION 93->92
  f=1497   [npc1  ] STEP_DURATION 92->91
  f=1499   [npc1  ] STEP_DURATION 91->90
  f=1501   [npc1  ] STEP_DURATION 90->89
  f=1503   [npc1  ] STEP_DURATION 89->88
  f=1505   [npc1  ] STEP_DURATION 88->87
  f=1507   [npc1  ] STEP_DURATION 87->86
  f=1509   [npc1  ] STEP_DURATION 86->85
  f=1511   [npc1  ] STEP_DURATION 85->84
  f=1513   [npc1  ] STEP_DURATION 84->83
  f=1515   [npc1  ] STEP_DURATION 83->82
  f=1517   [npc1  ] STEP_DURATION 82->81
  f=1519   [npc1  ] STEP_DURATION 81->80
  f=1521   [npc1  ] STEP_DURATION 80->79
  f=1523   [npc1  ] STEP_DURATION 79->78
  f=1525   [npc1  ] STEP_DURATION 78->77
  f=1527   [npc1  ] STEP_DURATION 77->76
  f=1529   [npc1  ] STEP_DURATION 76->75
  f=1531   [npc1  ] STEP_DURATION 75->74
  f=1533   [npc1  ] STEP_DURATION 74->73
  f=1535   [npc1  ] STEP_DURATION 73->72
  f=1537   [npc1  ] STEP_DURATION 72->71
  f=1539   [npc1  ] STEP_DURATION 71->70
  f=1541   [npc1  ] STEP_DURATION 70->69
  f=1543   [npc1  ] STEP_DURATION 69->68
  f=1545   [npc1  ] STEP_DURATION 68->67
  f=1547   [npc1  ] STEP_DURATION 67->66
  f=1549   [npc1  ] STEP_DURATION 66->65
  f=1551   [npc1  ] STEP_DURATION 65->64
  f=1553   [npc1  ] STEP_DURATION 64->63
  f=1555   [npc1  ] STEP_DURATION 63->62
  f=1557   [npc1  ] STEP_DURATION 62->61
  f=1559   [npc1  ] STEP_DURATION 61->60
  f=1561   [npc1  ] STEP_DURATION 60->59
  f=1563   [npc1  ] STEP_DURATION 59->58
  f=1565   [npc1  ] STEP_DURATION 58->57
  f=1567   [npc1  ] STEP_DURATION 57->56
  f=1569   [npc1  ] STEP_DURATION 56->55
  f=1571   [npc1  ] STEP_DURATION 55->54
  f=1573   [npc1  ] STEP_DURATION 54->53
  f=1575   [npc1  ] STEP_DURATION 53->52
  f=1577   [npc1  ] STEP_DURATION 52->51
  f=1579   [npc1  ] STEP_DURATION 51->50
  f=1581   [npc1  ] STEP_DURATION 50->49
  f=1583   [npc1  ] STEP_DURATION 49->48
  f=1585   [npc1  ] STEP_DURATION 48->47
  f=1587   [npc1  ] STEP_DURATION 47->46
  f=1589   [npc1  ] STEP_DURATION 46->45
  f=1591   [npc1  ] STEP_DURATION 45->44
  f=1593   [npc1  ] STEP_DURATION 44->43
  f=1595   [npc1  ] STEP_DURATION 43->42
  f=1597   [npc1  ] STEP_DURATION 42->41
  f=1599   [npc1  ] STEP_DURATION 41->40
  f=1601   [npc1  ] STEP_DURATION 40->39
  f=1603   [npc1  ] STEP_DURATION 39->38
  f=1605   [npc1  ] STEP_DURATION 38->37
  f=1607   [npc1  ] STEP_DURATION 37->36
  f=1609   [npc1  ] STEP_DURATION 36->35
  f=1611   [npc1  ] STEP_DURATION 35->34
  f=1613   [npc1  ] STEP_DURATION 34->33
  f=1615   [npc1  ] STEP_DURATION 33->32
  f=1617   [npc1  ] STEP_DURATION 32->31
  f=1619   [npc1  ] STEP_DURATION 31->30
  f=1621   [npc1  ] STEP_DURATION 30->29
  f=1623   [npc1  ] STEP_DURATION 29->28
  f=1625   [npc1  ] STEP_DURATION 28->27
  f=1627   [npc1  ] STEP_DURATION 27->26
  f=1629   [npc1  ] STEP_DURATION 26->25
  f=1631   [npc1  ] STEP_DURATION 25->24
  f=1633   [npc1  ] STEP_DURATION 24->23
  f=1635   [npc1  ] STEP_DURATION 23->22
  f=1637   [npc1  ] STEP_DURATION 22->21
  f=1639   [npc1  ] STEP_DURATION 21->20
  f=1641   [npc1  ] STEP_DURATION 20->19
  f=1643   [npc1  ] STEP_DURATION 19->18
  f=1645   [npc1  ] STEP_DURATION 18->17
  f=1647   [npc1  ] STEP_DURATION 17->16
  f=1649   [npc1  ] STEP_DURATION 16->15
  f=1651   [npc1  ] STEP_DURATION 15->14
  f=1653   [npc1  ] STEP_DURATION 14->13
  f=1655   [npc1  ] STEP_DURATION 13->12
  f=1657   [npc1  ] STEP_DURATION 12->11
  f=1659   [npc1  ] STEP_DURATION 11->10
  f=1661   [npc1  ] STEP_DURATION 10->9
  f=1663   [npc1  ] STEP_DURATION 9->8
  f=1665   [npc1  ] STEP_DURATION 8->7
  f=1667   [npc1  ] STEP_DURATION 7->6
  f=1669   [npc1  ] STEP_DURATION 6->5
  f=1671   [npc1  ] STEP_DURATION 5->4
  f=1673   [npc1  ] STEP_DURATION 4->3
  f=1675   [npc1  ] STEP_DURATION 3->2
  f=1677   [npc1  ] STEP_DURATION 2->1
  f=1679   [npc1  ] STEP_TYPE 3->1  STEP_DURATION 1->0
  f=1681   [npc1  ] DIRECTION 12->8  STEP_TYPE 1->3  STEP_DURATION 0->35  FACING 12->8
  f=1683   [npc1  ] STEP_DURATION 35->34
  f=1685   [npc1  ] STEP_DURATION 34->33
  f=1687   [npc1  ] STEP_DURATION 33->32
  f=1689   [npc1  ] STEP_DURATION 32->31
  f=1691   [npc1  ] STEP_DURATION 31->30
  f=1693   [npc1  ] STEP_DURATION 30->29
  f=1695   [npc1  ] STEP_DURATION 29->28
  f=1697   [npc1  ] STEP_DURATION 28->27
  f=1699   [npc1  ] STEP_DURATION 27->26
  f=1701   [npc1  ] STEP_DURATION 26->25
  f=1703   [npc1  ] STEP_DURATION 25->24
  f=1705   [npc1  ] STEP_DURATION 24->23
  f=1707   [npc1  ] STEP_DURATION 23->22
  f=1709   [npc1  ] STEP_DURATION 22->21
  f=1711   [npc1  ] STEP_DURATION 21->20
  f=1713   [npc1  ] STEP_DURATION 20->19
  f=1715   [npc1  ] STEP_DURATION 19->18
  f=1717   [npc1  ] STEP_DURATION 18->17
  f=1719   [npc1  ] STEP_DURATION 17->16
  f=1721   [npc1  ] STEP_DURATION 16->15
  f=1723   [npc1  ] STEP_DURATION 15->14
  f=1725   [npc1  ] STEP_DURATION 14->13
  f=1727   [npc1  ] STEP_DURATION 13->12
  f=1729   [npc1  ] STEP_DURATION 12->11
  f=1731   [npc1  ] STEP_DURATION 11->10
  f=1733   [npc1  ] STEP_DURATION 10->9
  f=1735   [npc1  ] STEP_DURATION 9->8
  f=1737   [npc1  ] STEP_DURATION 8->7
  f=1739   [npc1  ] STEP_DURATION 7->6
  f=1741   [npc1  ] STEP_DURATION 6->5
  f=1743   [npc1  ] STEP_DURATION 5->4
  f=1745   [npc1  ] STEP_DURATION 4->3
  f=1747   [npc1  ] STEP_DURATION 3->2
  f=1749   [npc1  ] STEP_DURATION 2->1
  f=1751   [npc1  ] STEP_TYPE 3->1  STEP_DURATION 1->0
  f=1753   [npc1  ] STEP_TYPE 1->3  STEP_DURATION 0->59
  f=1755   [npc1  ] STEP_DURATION 59->58
  f=1757   [npc1  ] STEP_DURATION 58->57
  f=1759   [npc1  ] STEP_DURATION 57->56
  f=1761   [npc1  ] STEP_DURATION 56->55
  f=1763   [npc1  ] STEP_DURATION 55->54
  f=1765   [npc1  ] STEP_DURATION 54->53
  f=1767   [npc1  ] STEP_DURATION 53->52
  f=1769   [npc1  ] STEP_DURATION 52->51
  f=1771   [npc1  ] STEP_DURATION 51->50
  f=1773   [npc1  ] STEP_DURATION 50->49
  f=1775   [npc1  ] STEP_DURATION 49->48
  f=1777   [npc1  ] STEP_DURATION 48->47
  f=1779   [npc1  ] STEP_DURATION 47->46
  f=1781   [npc1  ] STEP_DURATION 46->45
  f=1783   [npc1  ] STEP_DURATION 45->44
  f=1785   [npc1  ] STEP_DURATION 44->43
  f=1787   [npc1  ] STEP_DURATION 43->42
  f=1789   [npc1  ] STEP_DURATION 42->41
  f=1791   [npc1  ] STEP_DURATION 41->40
  f=1793   [npc1  ] STEP_DURATION 40->39
  f=1795   [npc1  ] STEP_DURATION 39->38
  f=1797   [npc1  ] STEP_DURATION 38->37
  f=1799   [npc1  ] STEP_DURATION 37->36
  f=1801   [npc1  ] STEP_DURATION 36->35
  f=1803   [npc1  ] STEP_DURATION 35->34
  f=1805   [npc1  ] STEP_DURATION 34->33
  f=1807   [npc1  ] STEP_DURATION 33->32
  f=1809   [npc1  ] STEP_DURATION 32->31
  f=1811   [npc1  ] STEP_DURATION 31->30
  f=1813   [npc1  ] STEP_DURATION 30->29
  f=1815   [npc1  ] STEP_DURATION 29->28
  f=1817   [npc1  ] STEP_DURATION 28->27
  f=1819   [npc1  ] STEP_DURATION 27->26
  f=1821   [npc1  ] STEP_DURATION 26->25
  f=1823   [npc1  ] STEP_DURATION 25->24
  f=1825   [npc1  ] STEP_DURATION 24->23
  f=1827   [npc1  ] STEP_DURATION 23->22
  f=1829   [npc1  ] STEP_DURATION 22->21
  f=1831   [npc1  ] STEP_DURATION 21->20
  f=1833   [npc1  ] STEP_DURATION 20->19
  f=1835   [npc1  ] STEP_DURATION 19->18
  f=1837   [npc1  ] STEP_DURATION 18->17
  f=1839   [npc1  ] STEP_DURATION 17->16
  f=1841   [npc1  ] STEP_DURATION 16->15
  f=1843   [npc1  ] STEP_DURATION 15->14
  f=1845   [npc1  ] STEP_DURATION 14->13
  f=1847   [npc1  ] STEP_DURATION 13->12
  f=1849   [npc1  ] STEP_DURATION 12->11
  f=1851   [npc1  ] STEP_DURATION 11->10
  f=1853   [npc1  ] STEP_DURATION 10->9
  f=1855   [npc1  ] STEP_DURATION 9->8
  f=1857   [npc1  ] STEP_DURATION 8->7
  f=1859   [npc1  ] STEP_DURATION 7->6
  f=1861   [npc1  ] STEP_DURATION 6->5
  f=1863   [npc1  ] STEP_DURATION 5->4
  f=1865   [npc1  ] STEP_DURATION 4->3
  f=1867   [npc1  ] STEP_DURATION 3->2
  f=1869   [npc1  ] STEP_DURATION 2->1
  f=1871   [npc1  ] STEP_TYPE 3->1  STEP_DURATION 1->0
  f=1873   [npc1  ] DIRECTION 8->4  STEP_TYPE 1->3  STEP_DURATION 0->124  FACING 8->4
  f=1875   [npc1  ] STEP_DURATION 124->123
  f=1877   [npc1  ] STEP_DURATION 123->122
  f=1879   [npc1  ] STEP_DURATION 122->121
  f=1881   [npc1  ] STEP_DURATION 121->120
  f=1883   [npc1  ] STEP_DURATION 120->119
  f=1885   [npc1  ] STEP_DURATION 119->118
  f=1887   [npc1  ] STEP_DURATION 118->117
  f=1889   [npc1  ] STEP_DURATION 117->116
  f=1891   [npc1  ] STEP_DURATION 116->115
  f=1893   [npc1  ] STEP_DURATION 115->114
  f=1895   [npc1  ] STEP_DURATION 114->113
  f=1897   [npc1  ] STEP_DURATION 113->112
  f=1899   [npc1  ] STEP_DURATION 112->111
  f=1901   [npc1  ] STEP_DURATION 111->110
  f=1903   [npc1  ] STEP_DURATION 110->109
  f=1905   [npc1  ] STEP_DURATION 109->108
  f=1907   [npc1  ] STEP_DURATION 108->107
  f=1909   [npc1  ] STEP_DURATION 107->106
  f=1911   [npc1  ] STEP_DURATION 106->105
  f=1913   [npc1  ] STEP_DURATION 105->104
  f=1915   [npc1  ] STEP_DURATION 104->103
  f=1917   [npc1  ] STEP_DURATION 103->102
  f=1919   [npc1  ] STEP_DURATION 102->101
  f=1921   [npc1  ] STEP_DURATION 101->100
  f=1923   [npc1  ] STEP_DURATION 100->99
  f=1925   [npc1  ] STEP_DURATION 99->98
  f=1927   [npc1  ] STEP_DURATION 98->97
  f=1929   [npc1  ] STEP_DURATION 97->96
  f=1931   [npc1  ] STEP_DURATION 96->95
  f=1933   [npc1  ] STEP_DURATION 95->94
  f=1935   [npc1  ] STEP_DURATION 94->93
  f=1937   [npc1  ] STEP_DURATION 93->92
  f=1939   [npc1  ] STEP_DURATION 92->91
  f=1941   [npc1  ] STEP_DURATION 91->90
  f=1943   [npc1  ] STEP_DURATION 90->89
  f=1945   [npc1  ] STEP_DURATION 89->88
  f=1947   [npc1  ] STEP_DURATION 88->87
  f=1949   [npc1  ] STEP_DURATION 87->86
  f=1951   [npc1  ] STEP_DURATION 86->85
  f=1953   [npc1  ] STEP_DURATION 85->84
  f=1955   [npc1  ] STEP_DURATION 84->83
  f=1957   [npc1  ] STEP_DURATION 83->82
  f=1959   [npc1  ] STEP_DURATION 82->81
  f=1961   [npc1  ] STEP_DURATION 81->80
  f=1963   [npc1  ] STEP_DURATION 80->79
  f=1963   [PLAYER] STEP_TYPE 1->10  STEP_DURATION 0->1  ACTION 1->2  STEP_FRAME 8->3  STEP_INDEX 0->1
  f=1965   [npc1  ] STEP_DURATION 79->78
  f=1965   [PLAYER] DIRECTION 4->12  STEP_FRAME 3->4  FACING 4->13  STEP_INDEX 1->3
  f=1967   [npc1  ] STEP_DURATION 78->77
  f=1967   [PLAYER] STEP_TYPE 10->1  STEP_DURATION 1->0  STEP_FRAME 4->5
  f=1969   [npc1  ] STEP_DURATION 77->76
  f=1969   [PLAYER] ACTION 2->1  STEP_FRAME 5->6  STEP_INDEX 3->0
  f=1971   [npc1  ] STEP_DURATION 76->75
  f=1971   [PLAYER] STEP_FRAME 6->7
  f=1973   [npc1  ] STEP_DURATION 75->74
  f=1973   [PLAYER] STEP_FRAME 7->8  FACING 13->14
  f=1975   [npc1  ] STEP_DURATION 74->73
  f=1975   [PLAYER] FACING 14->12
  f=1977   [npc1  ] STEP_DURATION 73->72
  f=1979   [npc1  ] STEP_DURATION 72->71
  f=1981   [npc1  ] STEP_DURATION 71->70
  f=1983   [npc1  ] STEP_DURATION 70->69
  f=1985   [npc1  ] STEP_DURATION 69->68
  f=1987   [npc1  ] STEP_DURATION 68->67
  f=1989   [npc1  ] STEP_DURATION 67->66
  f=1991   [npc1  ] STEP_DURATION 66->65
  f=1993   [npc1  ] STEP_DURATION 65->64
  f=1993   [PLAYER] WALKING 255->7  STEP_TYPE 1->6  STEP_DURATION 0->7  ACTION 1->2  STEP_FRAME 8->9  FACING 12->14  MAP_X 9->10  SPRITE_X 48->50  STEP_INDEX 0->1
  ^^^ [PLAYER] MAP COORDS CHANGED — step 6 complete ^^^
  f=1995   [npc1  ] STEP_DURATION 64->63
  f=1995   [PLAYER] STEP_DURATION 7->6  STEP_FRAME 9->10  SPRITE_X 50->52
  f=1997   [npc1  ] STEP_DURATION 63->62
  f=1997   [PLAYER] STEP_DURATION 6->5  STEP_FRAME 10->11  SPRITE_X 52->54
  f=1999   [npc1  ] STEP_DURATION 62->61
  f=1999   [PLAYER] STEP_DURATION 5->4  STEP_FRAME 11->12  FACING 14->15  SPRITE_X 54->56
  f=2001   [npc1  ] STEP_DURATION 61->60
  f=2001   [PLAYER] STEP_DURATION 4->3  STEP_FRAME 12->13  SPRITE_X 56->58
  f=2003   [npc1  ] STEP_DURATION 60->59
  f=2003   [PLAYER] STEP_DURATION 3->2  STEP_FRAME 13->14  SPRITE_X 58->60
  f=2005   [npc1  ] STEP_DURATION 59->58
  f=2005   [PLAYER] STEP_DURATION 2->1  STEP_FRAME 14->15  SPRITE_X 60->62
  f=2007   [npc1  ] STEP_DURATION 58->57
  f=2007   [PLAYER] WALKING 7->255  STEP_TYPE 6->1  STEP_DURATION 1->0  STEP_FRAME 15->0  FACING 15->12  LAST_MAP_X 9->10  SPRITE_X 62->64
  f=2009   [npc1  ] STEP_DURATION 57->56
  f=2009   [PLAYER] ACTION 2->1  STEP_INDEX 1->0
  f=2011   [npc1  ] STEP_DURATION 56->55
  f=2013   [npc1  ] STEP_DURATION 55->54
  f=2015   [npc1  ] STEP_DURATION 54->53
  f=2015   [PLAYER] STEP_TYPE 1->10  STEP_DURATION 0->1  ACTION 1->2  STEP_FRAME 0->3  STEP_INDEX 0->1
  f=2017   [npc1  ] STEP_DURATION 53->52
  f=2017   [PLAYER] DIRECTION 12->8  STEP_FRAME 3->4  FACING 12->9  STEP_INDEX 1->3
  f=2019   [npc1  ] STEP_DURATION 52->51
  f=2019   [PLAYER] STEP_TYPE 10->1  STEP_DURATION 1->0  STEP_FRAME 4->5
  f=2021   [npc1  ] STEP_DURATION 51->50
  f=2021   [PLAYER] ACTION 2->1  STEP_FRAME 5->6  STEP_INDEX 3->0
  f=2023   [npc1  ] STEP_DURATION 50->49
  f=2023   [PLAYER] WALKING 255->6  STEP_TYPE 1->6  STEP_DURATION 0->7  ACTION 1->2  STEP_FRAME 6->7  MAP_X 10->9  SPRITE_X 64->62  STEP_INDEX 0->1
  ^^^ [PLAYER] MAP COORDS CHANGED — step 7 complete ^^^
  f=2025   [npc1  ] STEP_DURATION 49->48
  f=2025   [PLAYER] STEP_DURATION 7->6  STEP_FRAME 7->8  FACING 9->10  SPRITE_X 62->60
  f=2027   [npc1  ] STEP_DURATION 48->47
  f=2027   [PLAYER] STEP_DURATION 6->5  STEP_FRAME 8->9  SPRITE_X 60->58
  f=2029   [npc1  ] STEP_DURATION 47->46
  f=2029   [PLAYER] STEP_DURATION 5->4  STEP_FRAME 9->10  SPRITE_X 58->56
  f=2031   [npc1  ] STEP_DURATION 46->45
  f=2031   [PLAYER] STEP_DURATION 4->3  STEP_FRAME 10->11  SPRITE_X 56->54
  f=2033   [npc1  ] STEP_DURATION 45->44
  f=2033   [PLAYER] STEP_DURATION 3->2  STEP_FRAME 11->12  FACING 10->11  SPRITE_X 54->52
  f=2035   [npc1  ] STEP_DURATION 44->43
  f=2035   [PLAYER] STEP_DURATION 2->1  STEP_FRAME 12->13  SPRITE_X 52->50
  f=2037   [npc1  ] STEP_DURATION 43->42
  f=2037   [PLAYER] WALKING 6->255  STEP_TYPE 6->1  STEP_DURATION 1->0  STEP_FRAME 13->14  LAST_MAP_X 10->9  SPRITE_X 50->48
  f=2039   [PLAYER] ACTION 2->1  STEP_FRAME 14->15  STEP_INDEX 1->0
  f=2040   [npc1  ] STEP_DURATION 42->41
  f=2041   [npc1  ] STEP_DURATION 41->40
  f=2041   [PLAYER] STEP_TYPE 1->10  STEP_DURATION 0->1  ACTION 1->2  STEP_FRAME 15->3  FACING 11->8  STEP_INDEX 0->1
  f=2043   [npc1  ] STEP_DURATION 40->39
  f=2043   [PLAYER] DIRECTION 8->12  STEP_FRAME 3->4  FACING 8->13  STEP_INDEX 1->3
  f=2045   [npc1  ] STEP_DURATION 39->38
  f=2045   [PLAYER] STEP_TYPE 10->1  STEP_DURATION 1->0  STEP_FRAME 4->5
  f=2047   [npc1  ] STEP_DURATION 38->37
  f=2047   [PLAYER] ACTION 2->1  STEP_FRAME 5->6  STEP_INDEX 3->0
  f=2049   [npc1  ] STEP_DURATION 37->36
  f=2049   [PLAYER] STEP_FRAME 6->7
  f=2051   [npc1  ] STEP_DURATION 36->35
  f=2051   [PLAYER] STEP_FRAME 7->8  FACING 13->14
  f=2053   [npc1  ] STEP_DURATION 35->34
  f=2053   [PLAYER] FACING 14->12
  f=2055   [npc1  ] STEP_DURATION 34->33
  f=2057   [npc1  ] STEP_DURATION 33->32
  f=2059   [npc1  ] STEP_DURATION 32->31
  f=2061   [npc1  ] STEP_DURATION 31->30
  f=2063   [npc1  ] STEP_DURATION 30->29
  f=2065   [npc1  ] STEP_DURATION 29->28
  f=2065   [PLAYER] STEP_TYPE 1->10  STEP_DURATION 0->1  ACTION 1->2  STEP_FRAME 8->3  STEP_INDEX 0->1
  f=2067   [npc1  ] STEP_DURATION 28->27
  f=2067   [PLAYER] DIRECTION 12->4  STEP_FRAME 3->4  FACING 12->5  STEP_INDEX 1->3
  f=2069   [npc1  ] STEP_DURATION 27->26
  f=2069   [PLAYER] STEP_TYPE 10->1  STEP_DURATION 1->0  STEP_FRAME 4->5
  f=2071   [npc1  ] STEP_DURATION 26->25
  f=2071   [PLAYER] ACTION 2->1  STEP_FRAME 5->6  STEP_INDEX 3->0
  f=2073   [npc1  ] STEP_DURATION 25->24
  f=2073   [PLAYER] WALKING 255->5  STEP_TYPE 1->6  STEP_DURATION 0->7  ACTION 1->2  STEP_FRAME 6->7  MAP_Y 11->10  SPRITE_Y 64->62  STEP_INDEX 0->1
  ^^^ [PLAYER] MAP COORDS CHANGED — step 8 complete ^^^
  f=2075   [npc1  ] STEP_DURATION 24->23
  f=2075   [PLAYER] STEP_DURATION 7->6  STEP_FRAME 7->8  FACING 5->6  SPRITE_Y 62->60
  f=2077   [npc1  ] STEP_DURATION 23->22
  f=2077   [PLAYER] STEP_DURATION 6->5  STEP_FRAME 8->9  SPRITE_Y 60->58
  f=2079   [npc1  ] STEP_DURATION 22->21
  f=2079   [PLAYER] STEP_DURATION 5->4  STEP_FRAME 9->10  SPRITE_Y 58->56
  f=2081   [npc1  ] STEP_DURATION 21->20
  f=2081   [PLAYER] STEP_DURATION 4->3  STEP_FRAME 10->11  SPRITE_Y 56->54
  f=2083   [npc1  ] STEP_DURATION 20->19
  f=2083   [PLAYER] STEP_DURATION 3->2  STEP_FRAME 11->12  FACING 6->7  SPRITE_Y 54->52
  f=2085   [npc1  ] STEP_DURATION 19->18
  f=2085   [PLAYER] STEP_DURATION 2->1  STEP_FRAME 12->13  SPRITE_Y 52->50
  f=2087   [npc1  ] STEP_DURATION 18->17
  f=2087   [PLAYER] WALKING 5->255  STEP_TYPE 6->1  STEP_DURATION 1->0  STEP_FRAME 13->14  LAST_MAP_Y 11->10  SPRITE_Y 50->48
  f=2089   [npc1  ] STEP_DURATION 17->16
  f=2089   [PLAYER] WALKING 255->7  DIRECTION 4->12  STEP_TYPE 1->6  STEP_DURATION 0->7  STEP_FRAME 14->15  FACING 7->15  MAP_X 9->10  SPRITE_X 48->50
  ^^^ [PLAYER] MAP COORDS CHANGED — step 9 complete ^^^
  f=2091   [npc1  ] STEP_DURATION 16->15
  f=2091   [PLAYER] STEP_DURATION 7->6  STEP_FRAME 15->0  FACING 15->12  SPRITE_X 50->52
  f=2093   [npc1  ] STEP_DURATION 15->14
  f=2093   [PLAYER] STEP_DURATION 6->5  STEP_FRAME 0->1  SPRITE_X 52->54
  f=2095   [npc1  ] STEP_DURATION 14->13
  f=2095   [PLAYER] STEP_DURATION 5->4  STEP_FRAME 1->2  SPRITE_X 54->56
  f=2097   [npc1  ] STEP_DURATION 13->12
  f=2097   [PLAYER] STEP_DURATION 4->3  STEP_FRAME 2->3  SPRITE_X 56->58
  f=2099   [npc1  ] STEP_DURATION 12->11
  f=2099   [PLAYER] STEP_DURATION 3->2  STEP_FRAME 3->4  FACING 12->13  SPRITE_X 58->60
Now watching npc4 (map object 4 -> struct 3, sprite 1).
  f=2101   [npc1  ] STEP_DURATION 11->10
  f=2101   [npc4  ] STEP_DURATION 11->10
  f=2101   [PLAYER] STEP_DURATION 2->1  STEP_FRAME 4->5  SPRITE_X 60->62
  f=2103   [npc1  ] STEP_DURATION 10->9
  f=2103   [npc4  ] STEP_DURATION 10->9
  f=2103   [PLAYER] WALKING 7->255  STEP_TYPE 6->1  STEP_DURATION 1->0  STEP_FRAME 5->6  LAST_MAP_X 9->10  SPRITE_X 62->64
  f=2105   [npc1  ] STEP_DURATION 9->8
  f=2105   [npc4  ] STEP_DURATION 9->8
  f=2105   [PLAYER] ACTION 2->1  STEP_FRAME 6->7  STEP_INDEX 1->0
  f=2107   [npc1  ] STEP_DURATION 8->7
  f=2107   [npc4  ] STEP_DURATION 8->7
  f=2107   [PLAYER] STEP_FRAME 7->8  FACING 13->14
  f=2109   [npc1  ] STEP_DURATION 7->6
  f=2109   [npc4  ] STEP_DURATION 7->6
  f=2109   [PLAYER] FACING 14->12
  f=2111   [npc1  ] STEP_DURATION 6->5
  f=2111   [npc4  ] STEP_DURATION 6->5
  f=2111   [PLAYER] STEP_TYPE 1->10  STEP_DURATION 0->1  ACTION 1->2  STEP_FRAME 8->3  STEP_INDEX 0->1
  f=2113   [npc1  ] STEP_DURATION 5->4
  f=2113   [npc4  ] STEP_DURATION 5->4
  f=2113   [PLAYER] DIRECTION 12->0  STEP_FRAME 3->4  FACING 12->1  STEP_INDEX 1->3
  f=2115   [npc1  ] STEP_DURATION 4->3
  f=2115   [npc4  ] STEP_DURATION 4->3
  f=2115   [PLAYER] STEP_TYPE 10->1  STEP_DURATION 1->0  STEP_FRAME 4->5
  f=2117   [npc1  ] STEP_DURATION 3->2
  f=2117   [npc4  ] STEP_DURATION 3->2
  f=2117   [PLAYER] ACTION 2->1  STEP_FRAME 5->6  STEP_INDEX 3->0
  f=2119   [npc1  ] STEP_DURATION 2->1
  f=2119   [npc4  ] STEP_DURATION 2->1
  f=2119   [PLAYER] STEP_FRAME 6->7
  f=2121   [npc1  ] STEP_TYPE 3->1  STEP_DURATION 1->0
  f=2121   [npc4  ] STEP_TYPE 3->1  STEP_DURATION 1->0
  f=2121   [PLAYER] STEP_FRAME 7->8  FACING 1->2
  f=2122   [npc4  ] WALKING 255->7  DIRECTION 4->12  STEP_TYPE 1->2  STEP_DURATION 0->7  ACTION 1->2  FACING 4->12  MAP_X 11->12
  ^^^ [npc4] MAP COORDS CHANGED — step 10 complete ^^^
  f=2123   [PLAYER] FACING 2->0
  f=2124   [npc1  ] DIRECTION 4->0  STEP_TYPE 1->3  STEP_DURATION 0->67  FACING 4->0
  f=2124   [npc4  ] STEP_DURATION 7->6  STEP_FRAME 1->2  SPRITE_X 80->82
  f=2125   [npc1  ] STEP_DURATION 67->66
  f=2125   [npc4  ] STEP_DURATION 6->5  STEP_FRAME 2->3  SPRITE_X 82->84
  f=2127   [npc1  ] STEP_DURATION 66->65
  f=2127   [npc4  ] STEP_DURATION 5->4  STEP_FRAME 3->4  FACING 12->13  SPRITE_X 84->86
  f=2129   [npc1  ] STEP_DURATION 65->64
  f=2129   [npc4  ] STEP_DURATION 4->3  STEP_FRAME 4->5  SPRITE_X 86->88
  f=2132   [npc1  ] STEP_DURATION 64->63
  f=2132   [npc4  ] STEP_DURATION 3->2  STEP_FRAME 5->6  SPRITE_X 88->90
  f=2133   [npc1  ] STEP_DURATION 63->62
  f=2133   [npc4  ] STEP_DURATION 2->1  STEP_FRAME 6->7  SPRITE_X 90->92
  f=2135   [npc1  ] STEP_DURATION 62->61
  f=2135   [npc4  ] WALKING 7->255  STEP_TYPE 2->1  STEP_DURATION 1->0  STEP_FRAME 7->8  FACING 13->14  LAST_MAP_X 11->12  SPRITE_X 92->94
  f=2137   [npc1  ] STEP_DURATION 61->60
  f=2137   [npc4  ] DIRECTION 12->8  STEP_TYPE 1->3  STEP_DURATION 0->101  ACTION 2->1  FACING 14->8
  f=2140   [npc1  ] STEP_DURATION 60->59
  f=2140   [npc4  ] STEP_DURATION 101->100
  f=2141   [npc1  ] STEP_DURATION 59->58
  f=2141   [npc4  ] STEP_DURATION 100->99
  f=2143   [npc1  ] STEP_DURATION 58->57
  f=2143   [npc4  ] STEP_DURATION 99->98
  f=2145   [npc1  ] STEP_DURATION 57->56
  f=2145   [npc4  ] STEP_DURATION 98->97
  f=2147   [npc1  ] STEP_DURATION 56->55
  f=2147   [npc4  ] STEP_DURATION 97->96
  f=2149   [npc1  ] STEP_DURATION 55->54
  f=2149   [npc4  ] STEP_DURATION 96->95
  f=2151   [npc1  ] STEP_DURATION 54->53
  f=2151   [npc4  ] STEP_DURATION 95->94
  f=2153   [npc1  ] STEP_DURATION 53->52
  f=2153   [npc4  ] STEP_DURATION 94->93
  f=2153   [PLAYER] STEP_TYPE 1->10  STEP_DURATION 0->1  ACTION 1->2  STEP_FRAME 8->3  STEP_INDEX 0->1
  f=2155   [npc1  ] STEP_DURATION 52->51
  f=2155   [npc4  ] STEP_DURATION 93->92
  f=2155   [PLAYER] DIRECTION 0->12  STEP_FRAME 3->4  FACING 0->13  STEP_INDEX 1->3
  f=2157   [npc1  ] STEP_DURATION 51->50
  f=2157   [npc4  ] STEP_DURATION 92->91
  f=2157   [PLAYER] STEP_TYPE 10->1  STEP_DURATION 1->0  STEP_FRAME 4->5
  f=2159   [npc1  ] STEP_DURATION 50->49
  f=2159   [npc4  ] STEP_DURATION 91->90
  f=2159   [PLAYER] ACTION 2->1  STEP_FRAME 5->6  STEP_INDEX 3->0
  f=2161   [npc1  ] STEP_DURATION 49->48
  f=2161   [npc4  ] STEP_DURATION 90->89
  f=2161   [PLAYER] STEP_FRAME 6->7
  f=2163   [npc1  ] STEP_DURATION 48->47
  f=2163   [npc4  ] STEP_DURATION 89->88
  f=2163   [PLAYER] STEP_FRAME 7->8  FACING 13->14
  f=2165   [npc1  ] STEP_DURATION 47->46
  f=2165   [npc4  ] STEP_DURATION 88->87
  f=2165   [PLAYER] FACING 14->12
  f=2167   [npc1  ] STEP_DURATION 46->45
  f=2167   [npc4  ] STEP_DURATION 87->86
  f=2169   [npc1  ] STEP_DURATION 45->44
  f=2169   [npc4  ] STEP_DURATION 86->85
  f=2171   [npc1  ] STEP_DURATION 44->43
  f=2172   [npc4  ] STEP_DURATION 85->84
  f=2173   [npc1  ] STEP_DURATION 43->42
  f=2173   [npc4  ] STEP_DURATION 84->83
  f=2175   [npc1  ] STEP_DURATION 42->41
  f=2175   [npc4  ] STEP_DURATION 83->82
  f=2177   [npc1  ] STEP_DURATION 41->40
  f=2177   [npc4  ] STEP_DURATION 82->81
  f=2179   [npc1  ] STEP_DURATION 40->39
  f=2179   [npc4  ] STEP_DURATION 81->80
  f=2181   [npc1  ] STEP_DURATION 39->38
  f=2181   [npc4  ] STEP_DURATION 80->79
  f=2181   [PLAYER] WALKING 255->7  STEP_TYPE 1->6  STEP_DURATION 0->7  ACTION 1->2  STEP_FRAME 8->9  FACING 12->14  MAP_X 10->11  SPRITE_X 64->66  STEP_INDEX 0->1
  ^^^ [PLAYER] MAP COORDS CHANGED — step 11 complete ^^^
  f=2183   [npc1  ] STEP_DURATION 38->37
  f=2183   [npc4  ] STEP_DURATION 79->78
  f=2183   [PLAYER] STEP_DURATION 7->6  STEP_FRAME 9->10  SPRITE_X 66->68
  f=2185   [npc1  ] STEP_DURATION 37->36
  f=2185   [npc4  ] STEP_DURATION 78->77
  f=2185   [PLAYER] STEP_DURATION 6->5  STEP_FRAME 10->11  SPRITE_X 68->70
  f=2187   [npc1  ] STEP_DURATION 36->35
  f=2187   [npc4  ] STEP_DURATION 77->76
  f=2187   [PLAYER] STEP_DURATION 5->4  STEP_FRAME 11->12  FACING 14->15  SPRITE_X 70->72
  f=2189   [npc1  ] STEP_DURATION 35->34
  f=2189   [npc4  ] STEP_DURATION 76->75
  f=2189   [PLAYER] STEP_DURATION 4->3  STEP_FRAME 12->13  SPRITE_X 72->74
  f=2191   [npc1  ] STEP_DURATION 34->33
  f=2191   [npc4  ] STEP_DURATION 75->74
  f=2191   [PLAYER] STEP_DURATION 3->2  STEP_FRAME 13->14  SPRITE_X 74->76
  f=2193   [npc1  ] STEP_DURATION 33->32
  f=2193   [npc4  ] STEP_DURATION 74->73
  f=2193   [PLAYER] STEP_DURATION 2->1  STEP_FRAME 14->15  SPRITE_X 76->78
  f=2195   [npc1  ] STEP_DURATION 32->31
  f=2195   [npc4  ] STEP_DURATION 73->72
  f=2195   [PLAYER] WALKING 7->255  STEP_TYPE 6->1  STEP_DURATION 1->0  STEP_FRAME 15->0  FACING 15->12  LAST_MAP_X 10->11  SPRITE_X 78->80
  f=2197   [PLAYER] WALKING 255->4  DIRECTION 12->0  STEP_DURATION 0->8  MAP_Y 10->11  STEP_INDEX 1->0
  ^^^ [PLAYER] MAP COORDS CHANGED — step 12 complete ^^^
  f=2198   [npc1  ] STEP_DURATION 31->30
  f=2198   [npc4  ] STEP_DURATION 72->71
  f=2198   [PLAYER] STEP_TYPE 1->6  STEP_DURATION 8->7  STEP_FRAME 0->1  FACING 12->0  SPRITE_Y 48->50  STEP_INDEX 0->1
  f=2199   [npc1  ] STEP_DURATION 30->29
  f=2199   [npc4  ] STEP_DURATION 71->70
  f=2199   [PLAYER] STEP_DURATION 7->6  STEP_FRAME 1->2  SPRITE_Y 50->52
  f=2201   [npc1  ] STEP_DURATION 29->28
  f=2201   [npc4  ] STEP_DURATION 70->69
  f=2201   [PLAYER] STEP_DURATION 6->5  STEP_FRAME 2->3  SPRITE_Y 52->54
  f=2203   [npc1  ] STEP_DURATION 28->27
  f=2203   [npc4  ] STEP_DURATION 69->68
  f=2203   [PLAYER] STEP_DURATION 5->4  STEP_FRAME 3->4  FACING 0->1  SPRITE_Y 54->56
  f=2205   [npc1  ] STEP_DURATION 27->26
  f=2205   [npc4  ] STEP_DURATION 68->67
  f=2205   [PLAYER] STEP_DURATION 4->3  STEP_FRAME 4->5  SPRITE_Y 56->58
  f=2207   [npc1  ] STEP_DURATION 26->25
  f=2207   [npc4  ] STEP_DURATION 67->66
  f=2207   [PLAYER] STEP_DURATION 3->2  STEP_FRAME 5->6  SPRITE_Y 58->60
  f=2209   [npc1  ] STEP_DURATION 25->24
  f=2209   [npc4  ] STEP_DURATION 66->65
  f=2209   [PLAYER] STEP_DURATION 2->1  STEP_FRAME 6->7  SPRITE_Y 60->62
  f=2211   [npc1  ] STEP_DURATION 24->23
  f=2211   [npc4  ] STEP_DURATION 65->64
  f=2211   [PLAYER] WALKING 4->255  STEP_TYPE 6->1  STEP_DURATION 1->0  STEP_FRAME 7->8  FACING 1->2  LAST_MAP_Y 10->11  SPRITE_Y 62->64
  f=2214   [npc1  ] STEP_DURATION 23->22
  f=2214   [npc4  ] STEP_DURATION 64->63
  f=2214   [PLAYER] ACTION 2->1  FACING 2->0  STEP_INDEX 1->0
  f=2215   [npc1  ] STEP_DURATION 22->21
  f=2215   [npc4  ] STEP_DURATION 63->62
  f=2217   [npc1  ] STEP_DURATION 21->20
  f=2217   [npc4  ] STEP_DURATION 62->61
  f=2219   [npc1  ] STEP_DURATION 20->19
  f=2219   [npc4  ] STEP_DURATION 61->60
  f=2221   [npc1  ] STEP_DURATION 19->18
  f=2221   [npc4  ] STEP_DURATION 60->59
  f=2223   [npc1  ] STEP_DURATION 18->17
  f=2223   [npc4  ] STEP_DURATION 59->58
  f=2225   [npc1  ] STEP_DURATION 17->16
  f=2225   [npc4  ] STEP_DURATION 58->57
  f=2227   [npc1  ] STEP_DURATION 16->15
  f=2227   [npc4  ] STEP_DURATION 57->56
  f=2229   [npc1  ] STEP_DURATION 15->14
  f=2229   [npc4  ] STEP_DURATION 56->55
  f=2231   [npc1  ] STEP_DURATION 14->13
  f=2231   [npc4  ] STEP_DURATION 55->54
  f=2231   [PLAYER] STEP_TYPE 1->10  STEP_DURATION 0->1  ACTION 1->2  STEP_FRAME 8->3  STEP_INDEX 0->1
  f=2233   [npc1  ] STEP_DURATION 13->12
  f=2233   [npc4  ] STEP_DURATION 54->53
  f=2233   [PLAYER] DIRECTION 0->4  STEP_FRAME 3->4  FACING 0->5  STEP_INDEX 1->3
  f=2235   [npc1  ] STEP_DURATION 12->11
  f=2235   [npc4  ] STEP_DURATION 53->52
  f=2235   [PLAYER] STEP_TYPE 10->1  STEP_DURATION 1->0  STEP_FRAME 4->5
  f=2237   [npc1  ] STEP_DURATION 11->10
  f=2237   [npc4  ] STEP_DURATION 52->51
  f=2237   [PLAYER] ACTION 2->1  STEP_FRAME 5->6  STEP_INDEX 3->0
  f=2239   [npc1  ] STEP_DURATION 10->9
  f=2239   [PLAYER] WALKING 255->5  STEP_TYPE 1->6  STEP_DURATION 0->7  ACTION 1->2  STEP_FRAME 6->7  MAP_Y 11->10  SPRITE_Y 64->62  STEP_INDEX 0->1
  ^^^ [PLAYER] MAP COORDS CHANGED — step 13 complete ^^^
  f=2240   [npc4  ] STEP_DURATION 51->50
  f=2241   [npc1  ] STEP_DURATION 9->8
  f=2241   [npc4  ] STEP_DURATION 50->49
  f=2241   [PLAYER] STEP_DURATION 7->6  STEP_FRAME 7->8  FACING 5->6  SPRITE_Y 62->60
  f=2243   [npc1  ] STEP_DURATION 8->7
  f=2243   [npc4  ] STEP_DURATION 49->48
  f=2243   [PLAYER] STEP_DURATION 6->5  STEP_FRAME 8->9  SPRITE_Y 60->58
  f=2245   [npc1  ] STEP_DURATION 7->6
  f=2245   [npc4  ] STEP_DURATION 48->47
  f=2245   [PLAYER] STEP_DURATION 5->4  STEP_FRAME 9->10  SPRITE_Y 58->56
  f=2247   [npc1  ] STEP_DURATION 6->5
  f=2247   [npc4  ] STEP_DURATION 47->46
  f=2247   [PLAYER] STEP_DURATION 4->3  STEP_FRAME 10->11  SPRITE_Y 56->54
  f=2249   [npc1  ] STEP_DURATION 5->4
  f=2249   [npc4  ] STEP_DURATION 46->45
  f=2249   [PLAYER] STEP_DURATION 3->2  STEP_FRAME 11->12  FACING 6->7  SPRITE_Y 54->52
  f=2251   [npc1  ] STEP_DURATION 4->3
  f=2251   [npc4  ] STEP_DURATION 45->44
  f=2251   [PLAYER] STEP_DURATION 2->1  STEP_FRAME 12->13  SPRITE_Y 52->50
  f=2253   [npc1  ] STEP_DURATION 3->2
  f=2253   [npc4  ] STEP_DURATION 44->43
  f=2253   [PLAYER] WALKING 5->255  STEP_TYPE 6->1  STEP_DURATION 1->0  STEP_FRAME 13->14  LAST_MAP_Y 11->10  SPRITE_Y 50->48
  f=2255   [npc1  ] STEP_DURATION 2->1
  f=2255   [PLAYER] ACTION 2->1  STEP_FRAME 14->15  STEP_INDEX 1->0
  f=2256   [npc4  ] STEP_DURATION 43->42
  f=2257   [npc1  ] STEP_TYPE 3->1  STEP_DURATION 1->0
  f=2257   [npc4  ] STEP_DURATION 42->41
  f=2257   [PLAYER] STEP_FRAME 15->0  FACING 7->4
  f=2259   [npc1  ] DIRECTION 0->12  STEP_TYPE 1->3  STEP_DURATION 0->115  FACING 0->12
  f=2259   [npc4  ] STEP_DURATION 41->40
  f=2261   [npc1  ] STEP_DURATION 115->114
  f=2261   [npc4  ] STEP_DURATION 40->39
  f=2263   [npc1  ] STEP_DURATION 114->113
  f=2263   [npc4  ] STEP_DURATION 39->38
  f=2263   [PLAYER] STEP_TYPE 1->10  STEP_DURATION 0->1  ACTION 1->2  STEP_FRAME 0->3  STEP_INDEX 0->1
  f=2265   [npc1  ] STEP_DURATION 113->112
  f=2265   [npc4  ] STEP_DURATION 38->37
  f=2265   [PLAYER] DIRECTION 4->0  STEP_FRAME 3->4  FACING 4->1  STEP_INDEX 1->3
  f=2267   [npc1  ] STEP_DURATION 112->111
  f=2267   [npc4  ] STEP_DURATION 37->36
  f=2267   [PLAYER] STEP_TYPE 10->1  STEP_DURATION 1->0  STEP_FRAME 4->5
  f=2269   [npc1  ] STEP_DURATION 111->110
  f=2269   [npc4  ] STEP_DURATION 36->35
  f=2269   [PLAYER] ACTION 2->1  STEP_FRAME 5->6  STEP_INDEX 3->0
  f=2271   [npc1  ] STEP_DURATION 110->109
  f=2271   [npc4  ] STEP_DURATION 35->34
  f=2271   [PLAYER] STEP_FRAME 6->7
  f=2273   [npc1  ] STEP_DURATION 109->108
  f=2273   [npc4  ] STEP_DURATION 34->33
  f=2273   [PLAYER] STEP_FRAME 7->8  FACING 1->2
  f=2275   [npc1  ] STEP_DURATION 108->107
  f=2275   [npc4  ] STEP_DURATION 33->32
  f=2275   [PLAYER] FACING 2->0
  f=2278   [npc1  ] STEP_DURATION 107->106
  f=2278   [npc4  ] STEP_DURATION 32->31
  f=2279   [npc1  ] STEP_DURATION 106->105
  f=2279   [npc4  ] STEP_DURATION 31->30
  f=2281   [npc1  ] STEP_DURATION 105->104
  f=2281   [npc4  ] STEP_DURATION 30->29
  f=2283   [npc1  ] STEP_DURATION 104->103
  f=2283   [npc4  ] STEP_DURATION 29->28
  f=2286   [npc1  ] STEP_DURATION 103->102
  f=2286   [npc4  ] STEP_DURATION 28->27
  f=2287   [npc1  ] STEP_DURATION 102->101
  f=2287   [npc4  ] STEP_DURATION 27->26
  f=2289   [npc1  ] STEP_DURATION 101->100
  f=2289   [npc4  ] STEP_DURATION 26->25
  f=2291   [npc1  ] STEP_DURATION 100->99
  f=2291   [npc4  ] STEP_DURATION 25->24
  f=2293   [npc1  ] STEP_DURATION 99->98
  f=2293   [npc4  ] STEP_DURATION 24->23
  f=2296   [npc1  ] STEP_DURATION 98->97
  f=2296   [npc4  ] STEP_DURATION 23->22
  f=2297   [npc1  ] STEP_DURATION 97->96
  f=2297   [npc4  ] STEP_DURATION 22->21
  f=2299   [npc1  ] STEP_DURATION 96->95
  f=2299   [npc4  ] STEP_DURATION 21->20
  f=2301   [npc1  ] STEP_DURATION 95->94
  f=2301   [npc4  ] STEP_DURATION 20->19
  f=2304   [npc1  ] STEP_DURATION 94->93
  f=2304   [npc4  ] STEP_DURATION 19->18
  f=2305   [npc1  ] STEP_DURATION 93->92
  f=2305   [npc4  ] STEP_DURATION 18->17
  f=2307   [npc1  ] STEP_DURATION 92->91
  f=2307   [npc4  ] STEP_DURATION 17->16
  f=2309   [npc1  ] STEP_DURATION 91->90
  f=2309   [npc4  ] STEP_DURATION 16->15
  f=2312   [npc1  ] STEP_DURATION 90->89
  f=2312   [npc4  ] STEP_DURATION 15->14
  f=2313   [npc1  ] STEP_DURATION 89->88
  f=2313   [npc4  ] STEP_DURATION 14->13
  f=2315   [npc1  ] STEP_DURATION 88->87
  f=2315   [npc4  ] STEP_DURATION 13->12
  f=2317   [npc1  ] STEP_DURATION 87->86
  f=2317   [npc4  ] STEP_DURATION 12->11
  f=2320   [npc1  ] STEP_DURATION 86->85
  f=2320   [npc4  ] STEP_DURATION 11->10
  f=2321   [npc1  ] STEP_DURATION 85->84
  f=2321   [npc4  ] STEP_DURATION 10->9
  f=2323   [npc1  ] STEP_DURATION 84->83
  f=2323   [npc4  ] STEP_DURATION 9->8
  f=2325   [npc1  ] STEP_DURATION 83->82
  f=2325   [npc4  ] STEP_DURATION 8->7
  f=2327   [npc1  ] STEP_DURATION 82->81
  f=2328   [npc4  ] STEP_DURATION 7->6
  f=2329   [npc1  ] STEP_DURATION 81->80
  f=2329   [npc4  ] STEP_DURATION 6->5
  f=2331   [npc1  ] STEP_DURATION 80->79
  f=2331   [npc4  ] STEP_DURATION 5->4
  f=2333   [npc1  ] STEP_DURATION 79->78
  f=2333   [npc4  ] STEP_DURATION 4->3
  f=2335   [npc1  ] STEP_DURATION 78->77
  f=2335   [npc4  ] STEP_DURATION 3->2
  f=2338   [npc1  ] STEP_DURATION 77->76
  f=2338   [npc4  ] STEP_DURATION 2->1
  f=2339   [npc1  ] STEP_DURATION 76->75
  f=2339   [npc4  ] STEP_TYPE 3->1  STEP_DURATION 1->0
  f=2340   [npc4  ] WALKING 255->7  DIRECTION 8->12  STEP_TYPE 1->2  STEP_DURATION 0->7  ACTION 1->2  FACING 8->12  MAP_X 12->13
  ^^^ [npc4] MAP COORDS CHANGED — step 14 complete ^^^
  f=2341   [npc1  ] STEP_DURATION 75->74
  f=2341   [npc4  ] STEP_DURATION 7->6  STEP_FRAME 8->9  FACING 12->14  SPRITE_X 94->96
  f=2343   [npc1  ] STEP_DURATION 74->73
  f=2343   [npc4  ] STEP_DURATION 6->5  STEP_FRAME 9->10  SPRITE_X 96->98
  f=2347   [npc1  ] STEP_DURATION 73->72
  f=2347   [npc4  ] STEP_DURATION 5->4  STEP_FRAME 10->11  SPRITE_X 98->100
  f=2348   [npc1  ] STEP_DURATION 72->71
  f=2348   [npc4  ] STEP_DURATION 4->3  STEP_FRAME 11->12  FACING 14->15  SPRITE_X 100->102
  f=2350   [npc1  ] STEP_DURATION 71->70
  f=2350   [npc4  ] STEP_DURATION 3->2  STEP_FRAME 12->13  SPRITE_X 102->104
  f=2352   [npc1  ] STEP_DURATION 70->69
  f=2352   [npc4  ] STEP_DURATION 2->1  STEP_FRAME 13->14  SPRITE_X 104->106
  f=2355   [npc1  ] STEP_DURATION 69->68
  f=2355   [npc4  ] WALKING 7->255  STEP_TYPE 2->1  STEP_DURATION 1->0  STEP_FRAME 14->15  LAST_MAP_X 12->13  SPRITE_X 106->108
  f=2356   [npc1  ] STEP_DURATION 68->67
  f=2356   [npc4  ] DIRECTION 12->4  STEP_TYPE 1->3  STEP_DURATION 0->29  ACTION 2->1  STEP_FRAME 15->0  FACING 15->4
  f=2358   [npc1  ] STEP_DURATION 67->66
  f=2358   [npc4  ] STEP_DURATION 29->28
  f=2360   [npc1  ] STEP_DURATION 66->65
  f=2360   [npc4  ] STEP_DURATION 28->27
  f=2362   [npc1  ] STEP_DURATION 65->64
  f=2362   [npc4  ] STEP_DURATION 27->26
  f=2364   [npc1  ] STEP_DURATION 64->63
  f=2364   [npc4  ] STEP_DURATION 26->25
  f=2366   [npc1  ] STEP_DURATION 63->62
  f=2366   [npc4  ] STEP_DURATION 25->24
  f=2368   [npc1  ] STEP_DURATION 62->61
  f=2368   [npc4  ] STEP_DURATION 24->23
  f=2370   [npc1  ] STEP_DURATION 61->60
  f=2370   [npc4  ] STEP_DURATION 23->22
  f=2372   [npc1  ] STEP_DURATION 60->59
  f=2372   [npc4  ] STEP_DURATION 22->21
  f=2374   [npc1  ] STEP_DURATION 59->58
  f=2374   [npc4  ] STEP_DURATION 21->20
  f=2376   [npc1  ] STEP_DURATION 58->57
  f=2376   [npc4  ] STEP_DURATION 20->19
  f=2378   [npc1  ] STEP_DURATION 57->56
  f=2378   [npc4  ] STEP_DURATION 19->18
  f=2378   [PLAYER] STEP_TYPE 1->10  STEP_DURATION 0->1  ACTION 1->2  STEP_FRAME 8->3  STEP_INDEX 0->1
  f=2380   [npc1  ] STEP_DURATION 56->55
  f=2380   [npc4  ] STEP_DURATION 18->17
  f=2380   [PLAYER] DIRECTION 0->12  STEP_FRAME 3->4  FACING 0->13  STEP_INDEX 1->3
  f=2382   [npc1  ] STEP_DURATION 55->54
  f=2382   [npc4  ] STEP_DURATION 17->16
  f=2382   [PLAYER] STEP_TYPE 10->1  STEP_DURATION 1->0  STEP_FRAME 4->5
  f=2384   [npc1  ] STEP_DURATION 54->53
  f=2384   [npc4  ] STEP_DURATION 16->15
  f=2384   [PLAYER] ACTION 2->1  STEP_FRAME 5->6  STEP_INDEX 3->0
  f=2386   [npc1  ] STEP_DURATION 53->52
  f=2386   [npc4  ] STEP_DURATION 15->14
  f=2386   [PLAYER] STEP_FRAME 6->7
  f=2388   [npc1  ] STEP_DURATION 52->51
  f=2388   [npc4  ] STEP_DURATION 14->13
  f=2388   [PLAYER] STEP_FRAME 7->8  FACING 13->14
  f=2390   [npc1  ] STEP_DURATION 51->50
  f=2390   [npc4  ] STEP_DURATION 13->12
  f=2390   [PLAYER] FACING 14->12
  f=2392   [npc1  ] STEP_DURATION 50->49
  f=2392   [npc4  ] STEP_DURATION 12->11
  f=2394   [npc1  ] STEP_DURATION 49->48
  f=2394   [npc4  ] STEP_DURATION 11->10
  f=2396   [npc1  ] STEP_DURATION 48->47
  f=2396   [npc4  ] STEP_DURATION 10->9
  f=2398   [npc1  ] STEP_DURATION 47->46
  f=2398   [npc4  ] STEP_DURATION 9->8
Now watching npc2 (map object 2 -> struct 4, sprite 58).
  f=2401   [npc1  ] STEP_DURATION 46->45
  f=2401   [npc4  ] STEP_DURATION 8->7
  f=2402   [npc1  ] STEP_DURATION 45->44
  f=2402   [npc4  ] STEP_DURATION 7->6
  f=2402   [npc2  ] STEP_DURATION 11->10
  f=2404   [npc1  ] STEP_DURATION 44->43
  f=2404   [npc4  ] STEP_DURATION 6->5
  f=2404   [npc2  ] STEP_DURATION 10->9
  f=2406   [npc1  ] STEP_DURATION 43->42
  f=2406   [npc4  ] STEP_DURATION 5->4
  f=2406   [npc2  ] STEP_DURATION 9->8
  f=2406   [PLAYER] WALKING 255->7  STEP_TYPE 1->6  STEP_DURATION 0->7  ACTION 1->2  STEP_FRAME 8->9  FACING 12->14  MAP_X 11->12  SPRITE_X 80->82  STEP_INDEX 0->1
  ^^^ [PLAYER] MAP COORDS CHANGED — step 15 complete ^^^
  f=2408   [npc1  ] STEP_DURATION 42->41
  f=2408   [npc4  ] STEP_DURATION 4->3
  f=2408   [npc2  ] STEP_DURATION 8->7
  f=2408   [PLAYER] STEP_DURATION 7->6  STEP_FRAME 9->10  SPRITE_X 82->84
  f=2410   [npc1  ] STEP_DURATION 41->40
  f=2410   [npc4  ] STEP_DURATION 3->2
  f=2410   [npc2  ] STEP_DURATION 7->6
  f=2410   [PLAYER] STEP_DURATION 6->5  STEP_FRAME 10->11  SPRITE_X 84->86
  f=2412   [npc1  ] STEP_DURATION 40->39
  f=2412   [npc4  ] STEP_DURATION 2->1
  f=2412   [npc2  ] STEP_DURATION 6->5
  f=2412   [PLAYER] STEP_DURATION 5->4  STEP_FRAME 11->12  FACING 14->15  SPRITE_X 86->88
  f=2414   [npc1  ] STEP_DURATION 39->38
  f=2414   [npc4  ] STEP_TYPE 3->1  STEP_DURATION 1->0
  f=2414   [npc2  ] STEP_DURATION 5->4
  f=2414   [PLAYER] STEP_DURATION 4->3  STEP_FRAME 12->13  SPRITE_X 88->90
  f=2415   [npc4  ] WALKING 255->7  DIRECTION 4->12  STEP_TYPE 1->2  STEP_DURATION 0->7  ACTION 1->2  FACING 4->12  MAP_X 13->14
  ^^^ [npc4] MAP COORDS CHANGED — step 16 complete ^^^
  f=2416   [npc1  ] STEP_DURATION 38->37
  f=2416   [npc4  ] STEP_DURATION 7->6  STEP_FRAME 0->1  SPRITE_X 108->110
  f=2416   [npc2  ] STEP_DURATION 4->3
  f=2416   [PLAYER] STEP_DURATION 3->2  STEP_FRAME 13->14  SPRITE_X 90->92
  f=2418   [npc1  ] STEP_DURATION 37->36
  f=2418   [npc4  ] STEP_DURATION 6->5  STEP_FRAME 1->2  SPRITE_X 110->112
  f=2418   [npc2  ] STEP_DURATION 3->2
  f=2418   [PLAYER] STEP_DURATION 2->1  STEP_FRAME 14->15  SPRITE_X 92->94
  f=2420   [npc1  ] STEP_DURATION 36->35
  f=2420   [npc4  ] STEP_DURATION 5->4  STEP_FRAME 2->3  SPRITE_X 112->114
  f=2420   [npc2  ] STEP_DURATION 2->1
  f=2420   [PLAYER] WALKING 7->255  STEP_TYPE 6->1  STEP_DURATION 1->0  STEP_FRAME 15->0  FACING 15->12  LAST_MAP_X 11->12  SPRITE_X 94->96
  f=2422   [npc1  ] STEP_DURATION 35->34
  f=2422   [PLAYER] ACTION 2->1  STEP_INDEX 1->0
  f=2423   [npc4  ] STEP_DURATION 4->3  STEP_FRAME 3->4  FACING 12->13  SPRITE_X 114->116
  f=2423   [npc2  ] STEP_TYPE 3->1  STEP_DURATION 1->0
  f=2424   [npc1  ] STEP_DURATION 34->33
  f=2424   [npc4  ] STEP_DURATION 3->2  STEP_FRAME 4->5  SPRITE_X 116->118
  f=2424   [npc2  ] WALKING 255->1  DIRECTION 0->4  STEP_DURATION 0->16  MAP_Y 14->13
  ^^^ [npc2] MAP COORDS CHANGED — step 17 complete ^^^
  f=2424   [PLAYER] STEP_TYPE 1->10  STEP_DURATION 0->1  ACTION 1->2  STEP_FRAME 0->3  STEP_INDEX 0->1
  f=2425   [npc2  ] STEP_TYPE 1->7  STEP_DURATION 16->15  ACTION 1->2  STEP_FRAME 0->1  FACING 0->4  SPRITE_Y 112->111
  f=2426   [npc1  ] STEP_DURATION 33->32
  f=2426   [npc4  ] STEP_DURATION 2->1  STEP_FRAME 5->6  SPRITE_X 118->120
  f=2426   [npc2  ] STEP_DURATION 15->14  STEP_FRAME 1->2  SPRITE_Y 111->110
  f=2426   [PLAYER] DIRECTION 12->0  STEP_FRAME 3->4  FACING 12->1  STEP_INDEX 1->3
  f=2428   [npc1  ] STEP_DURATION 32->31
  f=2428   [npc4  ] WALKING 7->255  STEP_TYPE 2->1  STEP_DURATION 1->0  STEP_FRAME 6->7  LAST_MAP_X 13->14  SPRITE_X 120->122
  f=2428   [npc2  ] STEP_DURATION 14->13  STEP_FRAME 2->3  SPRITE_Y 110->109
  f=2428   [PLAYER] STEP_TYPE 10->1  STEP_DURATION 1->0  STEP_FRAME 4->5
  f=2430   [npc1  ] STEP_DURATION 31->30
  f=2430   [npc4  ] STEP_TYPE 1->3  STEP_DURATION 0->58  ACTION 2->1  STEP_FRAME 7->8  FACING 13->14
  f=2430   [npc2  ] STEP_DURATION 13->12  STEP_FRAME 3->4  FACING 4->5  SPRITE_Y 109->108
  f=2430   [PLAYER] ACTION 2->1  STEP_FRAME 5->6  STEP_INDEX 3->0
  f=2432   [npc1  ] STEP_DURATION 30->29
  f=2432   [npc4  ] STEP_DURATION 58->57  FACING 14->12
  f=2432   [npc2  ] STEP_DURATION 12->11  STEP_FRAME 4->5  SPRITE_Y 108->107
  f=2432   [PLAYER] STEP_FRAME 6->7
  f=2434   [npc1  ] STEP_DURATION 29->28
  f=2434   [npc4  ] STEP_DURATION 57->56
  f=2434   [npc2  ] STEP_DURATION 11->10  STEP_FRAME 5->6  SPRITE_Y 107->106
  f=2434   [PLAYER] STEP_FRAME 7->8  FACING 1->2
  f=2436   [npc1  ] STEP_DURATION 28->27
  f=2436   [npc4  ] STEP_DURATION 56->55
  f=2436   [npc2  ] STEP_DURATION 10->9  STEP_FRAME 6->7  SPRITE_Y 106->105
  f=2436   [PLAYER] FACING 2->0
  f=2438   [npc1  ] STEP_DURATION 27->26
  f=2438   [npc4  ] STEP_DURATION 55->54
  f=2438   [npc2  ] STEP_DURATION 9->8  STEP_FRAME 7->8  FACING 5->6  SPRITE_Y 105->104
  f=2441   [npc1  ] STEP_DURATION 26->25
  f=2441   [npc4  ] STEP_DURATION 54->53
  f=2441   [npc2  ] STEP_DURATION 8->7  STEP_FRAME 8->9  SPRITE_Y 104->103
  f=2442   [npc1  ] STEP_DURATION 25->24
  f=2442   [npc4  ] STEP_DURATION 53->52
  f=2442   [npc2  ] STEP_DURATION 7->6  STEP_FRAME 9->10  SPRITE_Y 103->102
  f=2444   [npc1  ] STEP_DURATION 24->23
  f=2444   [npc4  ] STEP_DURATION 52->51
  f=2444   [npc2  ] STEP_DURATION 6->5  STEP_FRAME 10->11  SPRITE_Y 102->101
  f=2446   [npc1  ] STEP_DURATION 23->22
  f=2446   [npc4  ] STEP_DURATION 51->50
  f=2446   [npc2  ] STEP_DURATION 5->4  STEP_FRAME 11->12  FACING 6->7  SPRITE_Y 101->100
  f=2449   [npc1  ] STEP_DURATION 22->21
  f=2449   [npc4  ] STEP_DURATION 50->49
  f=2449   [npc2  ] STEP_DURATION 4->3  STEP_FRAME 12->13  SPRITE_Y 100->99
  f=2450   [npc1  ] STEP_DURATION 21->20
  f=2450   [npc4  ] STEP_DURATION 49->48
  f=2450   [npc2  ] STEP_DURATION 3->2  STEP_FRAME 13->14  SPRITE_Y 99->98
  f=2453   [npc1  ] STEP_DURATION 20->19
  f=2453   [npc4  ] STEP_DURATION 48->47
  f=2453   [npc2  ] STEP_DURATION 2->1  STEP_FRAME 14->15  SPRITE_Y 98->97
  f=2455   [npc1  ] STEP_DURATION 19->18
  f=2455   [npc4  ] STEP_DURATION 47->46
  f=2455   [npc2  ] WALKING 1->255  STEP_TYPE 7->3  STEP_DURATION 1->116  ACTION 2->1  STEP_FRAME 15->0  FACING 7->4  LAST_MAP_Y 14->13  SPRITE_Y 97->96
  f=2458   [npc1  ] STEP_DURATION 18->17
  f=2458   [npc4  ] STEP_DURATION 46->45
  f=2458   [npc2  ] STEP_DURATION 116->115
  f=2459   [npc1  ] STEP_DURATION 17->16
  f=2459   [npc4  ] STEP_DURATION 45->44
  f=2459   [npc2  ] STEP_DURATION 115->114
  f=2461   [npc1  ] STEP_DURATION 16->15
  f=2461   [npc4  ] STEP_DURATION 44->43
  f=2461   [npc2  ] STEP_DURATION 114->113
  f=2463   [npc1  ] STEP_DURATION 15->14
  f=2463   [npc4  ] STEP_DURATION 43->42
  f=2463   [npc2  ] STEP_DURATION 113->112
  f=2465   [npc1  ] STEP_DURATION 14->13
  f=2465   [npc4  ] STEP_DURATION 42->41
  f=2465   [npc2  ] STEP_DURATION 112->111
  f=2468   [npc1  ] STEP_DURATION 13->12
  f=2468   [npc4  ] STEP_DURATION 41->40
  f=2468   [npc2  ] STEP_DURATION 111->110
  f=2469   [npc1  ] STEP_DURATION 12->11
  f=2469   [npc4  ] STEP_DURATION 40->39
  f=2469   [npc2  ] STEP_DURATION 110->109
  f=2471   [npc1  ] STEP_DURATION 11->10
  f=2471   [npc4  ] STEP_DURATION 39->38
  f=2471   [npc2  ] STEP_DURATION 109->108
  f=2473   [npc1  ] STEP_DURATION 10->9
  f=2473   [npc4  ] STEP_DURATION 38->37
  f=2473   [npc2  ] STEP_DURATION 108->107
  f=2475   [npc1  ] STEP_DURATION 9->8
  f=2475   [npc4  ] STEP_DURATION 37->36
  f=2475   [npc2  ] STEP_DURATION 107->106
  f=2477   [npc1  ] STEP_DURATION 8->7
  f=2477   [npc4  ] STEP_DURATION 36->35
  f=2477   [npc2  ] STEP_DURATION 106->105
  f=2479   [npc1  ] STEP_DURATION 7->6
  f=2479   [npc4  ] STEP_DURATION 35->34
  f=2479   [npc2  ] STEP_DURATION 105->104
  f=2481   [npc1  ] STEP_DURATION 6->5
  f=2481   [npc4  ] STEP_DURATION 34->33
  f=2481   [npc2  ] STEP_DURATION 104->103
  f=2483   [npc1  ] STEP_DURATION 5->4
  f=2483   [npc4  ] STEP_DURATION 33->32
  f=2483   [npc2  ] STEP_DURATION 103->102
  f=2485   [npc1  ] STEP_DURATION 4->3
  f=2485   [npc4  ] STEP_DURATION 32->31
  f=2485   [npc2  ] STEP_DURATION 102->101
  f=2487   [npc1  ] STEP_DURATION 3->2
  f=2487   [npc4  ] STEP_DURATION 31->30
  f=2487   [npc2  ] STEP_DURATION 101->100
  f=2489   [npc1  ] STEP_DURATION 2->1
  f=2489   [npc4  ] STEP_DURATION 30->29
  f=2489   [npc2  ] STEP_DURATION 100->99
  f=2491   [npc1  ] STEP_TYPE 3->1  STEP_DURATION 1->0
  f=2491   [npc4  ] STEP_DURATION 29->28
  f=2491   [npc2  ] STEP_DURATION 99->98
  f=2493   [npc1  ] STEP_TYPE 1->3  STEP_DURATION 0->83
  f=2493   [npc4  ] STEP_DURATION 28->27
  f=2493   [npc2  ] STEP_DURATION 98->97
  f=2496   [npc1  ] STEP_DURATION 83->82
  f=2496   [npc4  ] STEP_DURATION 27->26
  f=2496   [npc2  ] STEP_DURATION 97->96
  f=2497   [npc1  ] STEP_DURATION 82->81
  f=2497   [npc4  ] STEP_DURATION 26->25
  f=2497   [npc2  ] STEP_DURATION 96->95
  f=2499   [npc1  ] STEP_DURATION 81->80
  f=2499   [npc4  ] STEP_DURATION 25->24
  f=2499   [npc2  ] STEP_DURATION 95->94
  f=2503   [npc1  ] STEP_DURATION 80->79
  f=2503   [npc4  ] STEP_DURATION 24->23
  f=2503   [npc2  ] STEP_DURATION 94->93
  f=2504   [npc1  ] STEP_DURATION 79->78
  f=2504   [npc4  ] STEP_DURATION 23->22
  f=2504   [npc2  ] STEP_DURATION 93->92
  f=2506   [npc1  ] STEP_DURATION 78->77
  f=2506   [npc4  ] STEP_DURATION 22->21
  f=2506   [npc2  ] STEP_DURATION 92->91
  f=2508   [npc1  ] STEP_DURATION 77->76
  f=2508   [npc4  ] STEP_DURATION 21->20
  f=2508   [npc2  ] STEP_DURATION 91->90
  f=2511   [npc1  ] STEP_DURATION 76->75
  f=2511   [npc4  ] STEP_DURATION 20->19
  f=2511   [npc2  ] STEP_DURATION 90->89
  f=2512   [npc1  ] STEP_DURATION 75->74
  f=2512   [npc4  ] STEP_DURATION 19->18
  f=2512   [npc2  ] STEP_DURATION 89->88
  f=2514   [npc1  ] STEP_DURATION 74->73
  f=2514   [npc4  ] STEP_DURATION 18->17
  f=2514   [npc2  ] STEP_DURATION 88->87
  f=2517   [npc1  ] STEP_DURATION 73->72
  f=2517   [npc4  ] STEP_DURATION 17->16
  f=2517   [npc2  ] STEP_DURATION 87->86
  f=2518   [npc1  ] STEP_DURATION 72->71
  f=2518   [npc4  ] STEP_DURATION 16->15
  f=2518   [npc2  ] STEP_DURATION 86->85
  f=2520   [npc1  ] STEP_DURATION 71->70
  f=2520   [npc4  ] STEP_DURATION 15->14
  f=2520   [npc2  ] STEP_DURATION 85->84
  f=2522   [npc1  ] STEP_DURATION 70->69
  f=2522   [npc4  ] STEP_DURATION 14->13
  f=2522   [npc2  ] STEP_DURATION 84->83
  f=2524   [npc1  ] STEP_DURATION 69->68
  f=2524   [npc4  ] STEP_DURATION 13->12
  f=2524   [npc2  ] STEP_DURATION 83->82
  f=2527   [npc1  ] STEP_DURATION 68->67
  f=2527   [npc4  ] STEP_DURATION 12->11
  f=2527   [npc2  ] STEP_DURATION 82->81
  f=2528   [npc1  ] STEP_DURATION 67->66
  f=2528   [npc4  ] STEP_DURATION 11->10
  f=2528   [npc2  ] STEP_DURATION 81->80
  f=2530   [npc1  ] STEP_DURATION 66->65
  f=2530   [npc4  ] STEP_DURATION 10->9
  f=2530   [npc2  ] STEP_DURATION 80->79
  f=2532   [npc1  ] STEP_DURATION 65->64
  f=2532   [npc4  ] STEP_DURATION 9->8
  f=2532   [npc2  ] STEP_DURATION 79->78
  f=2535   [npc1  ] STEP_DURATION 64->63
  f=2535   [npc4  ] STEP_DURATION 8->7
  f=2535   [npc2  ] STEP_DURATION 78->77
  f=2536   [npc1  ] STEP_DURATION 63->62
  f=2536   [npc4  ] STEP_DURATION 7->6
  f=2536   [npc2  ] STEP_DURATION 77->76
  f=2538   [npc1  ] STEP_DURATION 62->61
  f=2538   [npc4  ] STEP_DURATION 6->5
  f=2538   [npc2  ] STEP_DURATION 76->75
  f=2540   [npc1  ] STEP_DURATION 61->60
  f=2540   [npc4  ] STEP_DURATION 5->4
  f=2540   [npc2  ] STEP_DURATION 75->74
  f=2542   [npc1  ] STEP_DURATION 60->59
  f=2543   [npc4  ] STEP_DURATION 4->3
  f=2543   [npc2  ] STEP_DURATION 74->73
  f=2544   [npc1  ] STEP_DURATION 59->58
  f=2544   [npc4  ] STEP_DURATION 3->2
  f=2544   [npc2  ] STEP_DURATION 73->72
  f=2546   [npc1  ] STEP_DURATION 58->57
  f=2546   [npc4  ] STEP_DURATION 2->1
  f=2546   [npc2  ] STEP_DURATION 72->71
  f=2548   [npc1  ] STEP_DURATION 57->56
  f=2548   [npc4  ] STEP_TYPE 3->1  STEP_DURATION 1->0
  f=2548   [npc2  ] STEP_DURATION 71->70
  f=2549   [npc4  ] WALKING 255->6  DIRECTION 12->8  STEP_TYPE 1->2  STEP_DURATION 0->7  ACTION 1->2  FACING 12->8  MAP_X 14->13
  ^^^ [npc4] MAP COORDS CHANGED — step 18 complete ^^^
  f=2551   [npc1  ] STEP_DURATION 56->55
  f=2551   [npc4  ] STEP_DURATION 7->6  STEP_FRAME 8->9  FACING 8->10  SPRITE_X 122->120
  f=2551   [npc2  ] STEP_DURATION 70->69
  f=2552   [npc1  ] STEP_DURATION 55->54
  f=2552   [npc4  ] STEP_DURATION 6->5  STEP_FRAME 9->10  SPRITE_X 120->118
  f=2552   [npc2  ] STEP_DURATION 69->68
  f=2555   [npc1  ] STEP_DURATION 54->53
  f=2555   [npc4  ] STEP_DURATION 5->4  STEP_FRAME 10->11  SPRITE_X 118->116
  f=2555   [npc2  ] STEP_DURATION 68->67
  f=2557   [npc1  ] STEP_DURATION 53->52
  f=2557   [npc4  ] STEP_DURATION 4->3  STEP_FRAME 11->12  FACING 10->11  SPRITE_X 116->114
  f=2557   [npc2  ] STEP_DURATION 67->66
  f=2560   [npc1  ] STEP_DURATION 52->51
  f=2560   [npc4  ] STEP_DURATION 3->2  STEP_FRAME 12->13  SPRITE_X 114->112
  f=2560   [npc2  ] STEP_DURATION 66->65
  f=2561   [npc1  ] STEP_DURATION 51->50
  f=2561   [npc4  ] STEP_DURATION 2->1  STEP_FRAME 13->14  SPRITE_X 112->110
  f=2561   [npc2  ] STEP_DURATION 65->64
  f=2563   [npc1  ] STEP_DURATION 50->49
  f=2563   [npc4  ] WALKING 6->255  STEP_TYPE 2->1  STEP_DURATION 1->0  STEP_FRAME 14->15  LAST_MAP_X 14->13  SPRITE_X 110->108
  f=2563   [npc2  ] STEP_DURATION 64->63
  f=2565   [npc1  ] STEP_DURATION 49->48
  f=2565   [npc4  ] DIRECTION 8->0  STEP_TYPE 1->3  STEP_DURATION 0->125  ACTION 2->1  STEP_FRAME 15->0  FACING 11->0
  f=2565   [npc2  ] STEP_DURATION 63->62
  f=2568   [npc1  ] STEP_DURATION 48->47
  f=2568   [npc4  ] STEP_DURATION 125->124
  f=2568   [npc2  ] STEP_DURATION 62->61
  f=2569   [npc1  ] STEP_DURATION 47->46
  f=2569   [npc4  ] STEP_DURATION 124->123
  f=2569   [npc2  ] STEP_DURATION 61->60
  f=2571   [npc1  ] STEP_DURATION 46->45
  f=2571   [npc4  ] STEP_DURATION 123->122
  f=2571   [npc2  ] STEP_DURATION 60->59
  f=2574   [npc1  ] STEP_DURATION 45->44
  f=2574   [npc4  ] STEP_DURATION 122->121
  f=2574   [npc2  ] STEP_DURATION 59->58
  f=2575   [npc1  ] STEP_DURATION 44->43
  f=2575   [npc4  ] STEP_DURATION 121->120
  f=2575   [npc2  ] STEP_DURATION 58->57
  f=2577   [npc1  ] STEP_DURATION 43->42
  f=2577   [npc4  ] STEP_DURATION 120->119
  f=2577   [npc2  ] STEP_DURATION 57->56
  f=2579   [npc1  ] STEP_DURATION 42->41
  f=2579   [npc4  ] STEP_DURATION 119->118
  f=2579   [npc2  ] STEP_DURATION 56->55
  f=2582   [npc1  ] STEP_DURATION 41->40
  f=2582   [npc4  ] STEP_DURATION 118->117
  f=2582   [npc2  ] STEP_DURATION 55->54
  f=2583   [npc1  ] STEP_DURATION 40->39
  f=2583   [npc4  ] STEP_DURATION 117->116
  f=2583   [npc2  ] STEP_DURATION 54->53
  f=2585   [npc1  ] STEP_DURATION 39->38
  f=2585   [npc4  ] STEP_DURATION 116->115
  f=2585   [npc2  ] STEP_DURATION 53->52
  f=2587   [npc1  ] STEP_DURATION 38->37
  f=2587   [npc4  ] STEP_DURATION 115->114
  f=2587   [npc2  ] STEP_DURATION 52->51
  f=2590   [npc1  ] STEP_DURATION 37->36
  f=2590   [npc4  ] STEP_DURATION 114->113
  f=2590   [npc2  ] STEP_DURATION 51->50
  f=2591   [npc1  ] STEP_DURATION 36->35
  f=2591   [npc4  ] STEP_DURATION 113->112
  f=2591   [npc2  ] STEP_DURATION 50->49
  f=2593   [npc1  ] STEP_DURATION 35->34
  f=2593   [npc4  ] STEP_DURATION 112->111
  f=2593   [npc2  ] STEP_DURATION 49->48
  f=2595   [npc1  ] STEP_DURATION 34->33
  f=2595   [npc4  ] STEP_DURATION 111->110
  f=2595   [npc2  ] STEP_DURATION 48->47
  f=2598   [npc1  ] STEP_DURATION 33->32
  f=2598   [npc4  ] STEP_DURATION 110->109
  f=2598   [npc2  ] STEP_DURATION 47->46
  f=2599   [npc1  ] STEP_DURATION 32->31
  f=2599   [npc4  ] STEP_DURATION 109->108
  f=2599   [npc2  ] STEP_DURATION 46->45
  f=2601   [npc1  ] STEP_DURATION 31->30
  f=2601   [npc4  ] STEP_DURATION 108->107
  f=2601   [npc2  ] STEP_DURATION 45->44
  f=2604   [npc1  ] STEP_DURATION 30->29
  f=2604   [npc4  ] STEP_DURATION 107->106
  f=2604   [npc2  ] STEP_DURATION 44->43
  f=2605   [npc1  ] STEP_DURATION 29->28
  f=2605   [npc4  ] STEP_DURATION 106->105
  f=2605   [npc2  ] STEP_DURATION 43->42
  f=2607   [npc1  ] STEP_DURATION 28->27
  f=2607   [npc4  ] STEP_DURATION 105->104
  f=2607   [npc2  ] STEP_DURATION 42->41
  f=2610   [npc1  ] STEP_DURATION 27->26
  f=2610   [npc4  ] STEP_DURATION 104->103
  f=2610   [npc2  ] STEP_DURATION 41->40
  f=2611   [npc1  ] STEP_DURATION 26->25
  f=2611   [npc4  ] STEP_DURATION 103->102
  f=2611   [npc2  ] STEP_DURATION 40->39
  f=2613   [npc1  ] STEP_DURATION 25->24
  f=2613   [npc4  ] STEP_DURATION 102->101
  f=2613   [npc2  ] STEP_DURATION 39->38
  f=2616   [npc1  ] STEP_DURATION 24->23
  f=2616   [npc4  ] STEP_DURATION 101->100
  f=2616   [npc2  ] STEP_DURATION 38->37
  f=2617   [npc1  ] STEP_DURATION 23->22
  f=2617   [npc4  ] STEP_DURATION 100->99
  f=2617   [npc2  ] STEP_DURATION 37->36
  f=2619   [npc1  ] STEP_DURATION 22->21
  f=2619   [npc4  ] STEP_DURATION 99->98
  f=2619   [npc2  ] STEP_DURATION 36->35
  f=2622   [npc1  ] STEP_DURATION 21->20
  f=2622   [npc4  ] STEP_DURATION 98->97
  f=2622   [npc2  ] STEP_DURATION 35->34
  f=2623   [npc1  ] STEP_DURATION 20->19
  f=2623   [npc4  ] STEP_DURATION 97->96
  f=2623   [npc2  ] STEP_DURATION 34->33
  f=2625   [npc1  ] STEP_DURATION 19->18
  f=2625   [npc4  ] STEP_DURATION 96->95
  f=2625   [npc2  ] STEP_DURATION 33->32
  f=2627   [npc1  ] STEP_DURATION 18->17
  f=2627   [npc4  ] STEP_DURATION 95->94
  f=2627   [npc2  ] STEP_DURATION 32->31
  f=2630   [npc1  ] STEP_DURATION 17->16
  f=2630   [npc4  ] STEP_DURATION 94->93
  f=2630   [npc2  ] STEP_DURATION 31->30
  f=2631   [npc1  ] STEP_DURATION 16->15
  f=2631   [npc4  ] STEP_DURATION 93->92
  f=2631   [npc2  ] STEP_DURATION 30->29
  f=2633   [npc1  ] STEP_DURATION 15->14
  f=2633   [npc4  ] STEP_DURATION 92->91
  f=2633   [npc2  ] STEP_DURATION 29->28
  f=2636   [npc1  ] STEP_DURATION 14->13
  f=2636   [npc4  ] STEP_DURATION 91->90
  f=2636   [npc2  ] STEP_DURATION 28->27
  f=2637   [npc1  ] STEP_DURATION 13->12
  f=2637   [npc4  ] STEP_DURATION 90->89
  f=2637   [npc2  ] STEP_DURATION 27->26
  f=2639   [npc1  ] STEP_DURATION 12->11
  f=2639   [npc4  ] STEP_DURATION 89->88
  f=2639   [npc2  ] STEP_DURATION 26->25
  f=2641   [npc1  ] STEP_DURATION 11->10
  f=2641   [npc4  ] STEP_DURATION 88->87
  f=2641   [npc2  ] STEP_DURATION 25->24
  f=2644   [npc1  ] STEP_DURATION 10->9
  f=2644   [npc4  ] STEP_DURATION 87->86
  f=2644   [npc2  ] STEP_DURATION 24->23
  f=2645   [npc1  ] STEP_DURATION 9->8
  f=2645   [npc4  ] STEP_DURATION 86->85
  f=2645   [npc2  ] STEP_DURATION 23->22
  f=2647   [npc1  ] STEP_DURATION 8->7
  f=2647   [npc4  ] STEP_DURATION 85->84
  f=2647   [npc2  ] STEP_DURATION 22->21
  f=2649   [npc1  ] STEP_DURATION 7->6
  f=2649   [npc4  ] STEP_DURATION 84->83
  f=2649   [npc2  ] STEP_DURATION 21->20
  f=2653   [npc1  ] STEP_DURATION 6->5
  f=2653   [npc4  ] STEP_DURATION 83->82
  f=2653   [npc2  ] STEP_DURATION 20->19
  f=2654   [npc1  ] STEP_DURATION 5->4
  f=2654   [npc4  ] STEP_DURATION 82->81
  f=2654   [npc2  ] STEP_DURATION 19->18
  f=2656   [npc1  ] STEP_DURATION 4->3
  f=2656   [npc4  ] STEP_DURATION 81->80
  f=2656   [npc2  ] STEP_DURATION 18->17
  f=2659   [npc1  ] STEP_DURATION 3->2
  f=2659   [npc4  ] STEP_DURATION 80->79
  f=2659   [npc2  ] STEP_DURATION 17->16
  f=2660   [npc1  ] STEP_DURATION 2->1
  f=2660   [npc4  ] STEP_DURATION 79->78
  f=2660   [npc2  ] STEP_DURATION 16->15
  f=2662   [npc1  ] STEP_TYPE 3->1  STEP_DURATION 1->0
  f=2662   [npc4  ] STEP_DURATION 78->77
  f=2662   [npc2  ] STEP_DURATION 15->14
  f=2664   [npc1  ] STEP_TYPE 1->3  STEP_DURATION 0->79
  f=2664   [npc4  ] STEP_DURATION 77->76
  f=2664   [npc2  ] STEP_DURATION 14->13
  f=2667   [npc1  ] STEP_DURATION 79->78
  f=2667   [npc4  ] STEP_DURATION 76->75
  f=2667   [npc2  ] STEP_DURATION 13->12
  f=2668   [npc1  ] STEP_DURATION 78->77
  f=2668   [npc4  ] STEP_DURATION 75->74
  f=2668   [npc2  ] STEP_DURATION 12->11
  f=2670   [npc1  ] STEP_DURATION 77->76
  f=2670   [npc4  ] STEP_DURATION 74->73
  f=2670   [npc2  ] STEP_DURATION 11->10
  f=2672   [npc1  ] STEP_DURATION 76->75
  f=2672   [npc4  ] STEP_DURATION 73->72
  f=2672   [npc2  ] STEP_DURATION 10->9
  f=2675   [npc1  ] STEP_DURATION 75->74
  f=2675   [npc4  ] STEP_DURATION 72->71
  f=2675   [npc2  ] STEP_DURATION 9->8
  f=2676   [npc1  ] STEP_DURATION 74->73
  f=2676   [npc4  ] STEP_DURATION 71->70
  f=2676   [npc2  ] STEP_DURATION 8->7
  f=2678   [npc1  ] STEP_DURATION 73->72
  f=2678   [npc4  ] STEP_DURATION 70->69
  f=2678   [npc2  ] STEP_DURATION 7->6
  f=2681   [npc1  ] STEP_DURATION 72->71
  f=2681   [npc4  ] STEP_DURATION 69->68
  f=2681   [npc2  ] STEP_DURATION 6->5
  f=2682   [npc1  ] STEP_DURATION 71->70
  f=2682   [npc4  ] STEP_DURATION 68->67
  f=2682   [npc2  ] STEP_DURATION 5->4
  f=2684   [npc1  ] STEP_DURATION 70->69
  f=2684   [npc4  ] STEP_DURATION 67->66
  f=2684   [npc2  ] STEP_DURATION 4->3
  f=2687   [npc1  ] STEP_DURATION 69->68
  f=2687   [npc4  ] STEP_DURATION 66->65
  f=2687   [npc2  ] STEP_DURATION 3->2
  f=2688   [npc1  ] STEP_DURATION 68->67
  f=2688   [npc4  ] STEP_DURATION 65->64
  f=2688   [npc2  ] STEP_DURATION 2->1
  f=2690   [npc1  ] STEP_DURATION 67->66
  f=2690   [npc4  ] STEP_DURATION 64->63
  f=2690   [npc2  ] STEP_TYPE 3->1  STEP_DURATION 1->0
  f=2692   [npc1  ] STEP_DURATION 66->65
  f=2693   [npc4  ] STEP_DURATION 63->62
  f=2693   [npc2  ] WALKING 255->1  STEP_TYPE 1->7  STEP_DURATION 0->15  ACTION 1->2  STEP_FRAME 0->1  MAP_Y 13->12  SPRITE_Y 96->95
  ^^^ [npc2] MAP COORDS CHANGED — step 19 complete ^^^
  f=2694   [npc1  ] STEP_DURATION 65->64
  f=2694   [npc4  ] STEP_DURATION 62->61
  f=2694   [npc2  ] STEP_DURATION 15->14  STEP_FRAME 1->2  SPRITE_Y 95->94
  f=2696   [npc1  ] STEP_DURATION 64->63
  f=2696   [npc4  ] STEP_DURATION 61->60
  f=2696   [npc2  ] STEP_DURATION 14->13  STEP_FRAME 2->3  SPRITE_Y 94->93
  f=2698   [npc1  ] STEP_DURATION 63->62
  f=2698   [npc4  ] STEP_DURATION 60->59
  f=2698   [npc2  ] STEP_DURATION 13->12  STEP_FRAME 3->4  FACING 4->5  SPRITE_Y 93->92
  f=2701   [npc1  ] STEP_DURATION 62->61
  f=2701   [npc4  ] STEP_DURATION 59->58
  f=2701   [npc2  ] STEP_DURATION 12->11  STEP_FRAME 4->5  SPRITE_Y 92->91
  f=2703   [npc1  ] STEP_DURATION 61->60
  f=2703   [npc4  ] STEP_DURATION 58->57
  f=2703   [npc2  ] STEP_DURATION 11->10  STEP_FRAME 5->6  SPRITE_Y 91->90
  f=2704   [npc1  ] STEP_DURATION 60->59
  f=2704   [npc4  ] STEP_DURATION 57->56
  f=2704   [npc2  ] STEP_DURATION 10->9  STEP_FRAME 6->7  SPRITE_Y 90->89
  f=2706   [npc1  ] STEP_DURATION 59->58
  f=2706   [npc4  ] STEP_DURATION 56->55
  f=2706   [npc2  ] STEP_DURATION 9->8  STEP_FRAME 7->8  FACING 5->6  SPRITE_Y 89->88
  f=2708   [npc1  ] STEP_DURATION 58->57
  f=2708   [npc4  ] STEP_DURATION 55->54
  f=2708   [npc2  ] STEP_DURATION 8->7  STEP_FRAME 8->9  SPRITE_Y 88->87
  f=2710   [npc1  ] STEP_DURATION 57->56
  f=2710   [npc4  ] STEP_DURATION 54->53
  f=2710   [npc2  ] STEP_DURATION 7->6  STEP_FRAME 9->10  SPRITE_Y 87->86
  f=2714   [npc1  ] STEP_DURATION 56->55
  f=2714   [npc4  ] STEP_DURATION 53->52
  f=2714   [npc2  ] STEP_DURATION 6->5  STEP_FRAME 10->11  SPRITE_Y 86->85
  f=2715   [npc1  ] STEP_DURATION 55->54
  f=2715   [npc4  ] STEP_DURATION 52->51
  f=2715   [npc2  ] STEP_DURATION 5->4  STEP_FRAME 11->12  FACING 6->7  SPRITE_Y 85->84
  f=2717   [npc1  ] STEP_DURATION 54->53
  f=2717   [npc4  ] STEP_DURATION 51->50
  f=2717   [npc2  ] STEP_DURATION 4->3  STEP_FRAME 12->13  SPRITE_Y 84->83
  f=2721   [npc1  ] STEP_DURATION 53->52
  f=2721   [npc4  ] STEP_DURATION 50->49
  f=2721   [npc2  ] STEP_DURATION 3->2  STEP_FRAME 13->14  SPRITE_Y 83->82
  f=2722   [npc1  ] STEP_DURATION 52->51
  f=2722   [npc4  ] STEP_DURATION 49->48
  f=2722   [npc2  ] STEP_DURATION 2->1  STEP_FRAME 14->15  SPRITE_Y 82->81
  f=2725   [npc1  ] STEP_DURATION 51->50
  f=2725   [npc4  ] STEP_DURATION 48->47
  f=2725   [npc2  ] WALKING 1->255  STEP_TYPE 7->3  STEP_DURATION 1->41  ACTION 2->1  STEP_FRAME 15->0  FACING 7->4  LAST_MAP_Y 13->12  SPRITE_Y 81->80
  f=2728   [npc1  ] STEP_DURATION 50->49
  f=2728   [npc4  ] STEP_DURATION 47->46
  f=2728   [npc2  ] STEP_DURATION 41->40
  f=2729   [npc1  ] STEP_DURATION 49->48
  f=2729   [npc4  ] STEP_DURATION 46->45
  f=2729   [npc2  ] STEP_DURATION 40->39
  f=2731   [npc1  ] STEP_DURATION 48->47
  f=2731   [npc4  ] STEP_DURATION 45->44
  f=2731   [npc2  ] STEP_DURATION 39->38
  f=2733   [npc1  ] STEP_DURATION 47->46
  f=2733   [npc4  ] STEP_DURATION 44->43
  f=2733   [npc2  ] STEP_DURATION 38->37
  f=2735   [npc1  ] STEP_DURATION 46->45
  f=2735   [npc4  ] STEP_DURATION 43->42
  f=2735   [npc2  ] STEP_DURATION 37->36
  f=2737   [npc1  ] STEP_DURATION 45->44
  f=2738   [npc4  ] STEP_DURATION 42->41
  f=2738   [npc2  ] STEP_DURATION 36->35
  f=2739   [npc1  ] STEP_DURATION 44->43
  f=2739   [npc4  ] STEP_DURATION 41->40
  f=2739   [npc2  ] STEP_DURATION 35->34
  f=2741   [npc1  ] STEP_DURATION 43->42
  f=2741   [npc4  ] STEP_DURATION 40->39
  f=2741   [npc2  ] STEP_DURATION 34->33
  f=2743   [npc1  ] STEP_DURATION 42->41
  f=2743   [npc4  ] STEP_DURATION 39->38
  f=2743   [npc2  ] STEP_DURATION 33->32
  f=2746   [npc1  ] STEP_DURATION 41->40
  f=2746   [npc4  ] STEP_DURATION 38->37
  f=2746   [npc2  ] STEP_DURATION 32->31
  f=2747   [npc1  ] STEP_DURATION 40->39
  f=2747   [npc4  ] STEP_DURATION 37->36
  f=2747   [npc2  ] STEP_DURATION 31->30
  f=2749   [npc1  ] STEP_DURATION 39->38
  f=2749   [npc4  ] STEP_DURATION 36->35
  f=2749   [npc2  ] STEP_DURATION 30->29
  f=2751   [npc1  ] STEP_DURATION 38->37
  f=2751   [npc4  ] STEP_DURATION 35->34
  f=2751   [npc2  ] STEP_DURATION 29->28
  f=2754   [npc1  ] STEP_DURATION 37->36
  f=2754   [npc4  ] STEP_DURATION 34->33
  f=2754   [npc2  ] STEP_DURATION 28->27
  f=2755   [npc1  ] STEP_DURATION 36->35
  f=2755   [npc4  ] STEP_DURATION 33->32
  f=2755   [npc2  ] STEP_DURATION 27->26
  f=2757   [npc1  ] STEP_DURATION 35->34
  f=2757   [npc4  ] STEP_DURATION 32->31
  f=2757   [npc2  ] STEP_DURATION 26->25
  f=2759   [npc1  ] STEP_DURATION 34->33
  f=2759   [npc4  ] STEP_DURATION 31->30
  f=2759   [npc2  ] STEP_DURATION 25->24
  f=2762   [npc1  ] STEP_DURATION 33->32
  f=2762   [npc4  ] STEP_DURATION 30->29
  f=2762   [npc2  ] STEP_DURATION 24->23
  f=2763   [npc1  ] STEP_DURATION 32->31
  f=2763   [npc4  ] STEP_DURATION 29->28
  f=2763   [npc2  ] STEP_DURATION 23->22
  f=2765   [npc1  ] STEP_DURATION 31->30
  f=2765   [npc4  ] STEP_DURATION 28->27
  f=2765   [npc2  ] STEP_DURATION 22->21
  f=2767   [npc1  ] STEP_DURATION 30->29
  f=2767   [npc4  ] STEP_DURATION 27->26
  f=2767   [npc2  ] STEP_DURATION 21->20
  f=2770   [npc1  ] STEP_DURATION 29->28
  f=2770   [npc4  ] STEP_DURATION 26->25
  f=2770   [npc2  ] STEP_DURATION 20->19
  f=2771   [npc1  ] STEP_DURATION 28->27
  f=2771   [npc4  ] STEP_DURATION 25->24
  f=2771   [npc2  ] STEP_DURATION 19->18
  f=2773   [npc1  ] STEP_DURATION 27->26
  f=2773   [npc4  ] STEP_DURATION 24->23
  f=2773   [npc2  ] STEP_DURATION 18->17
  f=2775   [npc1  ] STEP_DURATION 26->25
  f=2775   [npc4  ] STEP_DURATION 23->22
  f=2775   [npc2  ] STEP_DURATION 17->16
  f=2778   [npc1  ] STEP_DURATION 25->24
  f=2778   [npc4  ] STEP_DURATION 22->21
  f=2778   [npc2  ] STEP_DURATION 16->15
  f=2779   [npc1  ] STEP_DURATION 24->23
  f=2779   [npc4  ] STEP_DURATION 21->20
  f=2779   [npc2  ] STEP_DURATION 15->14
  f=2781   [npc1  ] STEP_DURATION 23->22
  f=2781   [npc4  ] STEP_DURATION 20->19
  f=2781   [npc2  ] STEP_DURATION 14->13
  f=2783   [npc1  ] STEP_DURATION 22->21
  f=2783   [npc4  ] STEP_DURATION 19->18
  f=2783   [npc2  ] STEP_DURATION 13->12
  f=2786   [npc1  ] STEP_DURATION 21->20
  f=2786   [npc4  ] STEP_DURATION 18->17
  f=2786   [npc2  ] STEP_DURATION 12->11
  f=2787   [npc1  ] STEP_DURATION 20->19
  f=2787   [npc4  ] STEP_DURATION 17->16
  f=2787   [npc2  ] STEP_DURATION 11->10
  f=2790   [npc1  ] STEP_DURATION 19->18
  f=2790   [npc4  ] STEP_DURATION 16->15
  f=2790   [npc2  ] STEP_DURATION 10->9
  f=2792   [npc1  ] STEP_DURATION 18->17
  f=2792   [npc4  ] STEP_DURATION 15->14
  f=2792   [npc2  ] STEP_DURATION 9->8
  f=2795   [npc1  ] STEP_DURATION 17->16
  f=2795   [npc4  ] STEP_DURATION 14->13
  f=2795   [npc2  ] STEP_DURATION 8->7
  f=2796   [npc1  ] STEP_DURATION 16->15
  f=2796   [npc4  ] STEP_DURATION 13->12
  f=2796   [npc2  ] STEP_DURATION 7->6
  f=2798   [npc1  ] STEP_DURATION 15->14
  f=2798   [npc4  ] STEP_DURATION 12->11
  f=2798   [npc2  ] STEP_DURATION 6->5
  f=2800   [npc1  ] STEP_DURATION 14->13
  f=2800   [npc4  ] STEP_DURATION 11->10
  f=2800   [npc2  ] STEP_DURATION 5->4
  f=2803   [npc1  ] STEP_DURATION 13->12
  f=2803   [npc4  ] STEP_DURATION 10->9
  f=2803   [npc2  ] STEP_DURATION 4->3
  f=2804   [npc1  ] STEP_DURATION 12->11
  f=2804   [npc4  ] STEP_DURATION 9->8
  f=2804   [npc2  ] STEP_DURATION 3->2
  f=2806   [npc1  ] STEP_DURATION 11->10
  f=2806   [npc4  ] STEP_DURATION 8->7
  f=2806   [npc2  ] STEP_DURATION 2->1
  f=2808   [npc1  ] STEP_DURATION 10->9
  f=2808   [npc4  ] STEP_DURATION 7->6
  f=2808   [npc2  ] STEP_TYPE 3->1  STEP_DURATION 1->0
  f=2811   [npc1  ] STEP_DURATION 9->8
  f=2811   [npc4  ] STEP_DURATION 6->5
  f=2811   [npc2  ] STEP_TYPE 1->3  STEP_DURATION 0->104
  f=2812   [npc1  ] STEP_DURATION 8->7
  f=2812   [npc4  ] STEP_DURATION 5->4
  f=2812   [npc2  ] STEP_DURATION 104->103
  f=2814   [npc1  ] STEP_DURATION 7->6
  f=2814   [npc4  ] STEP_DURATION 4->3
  f=2814   [npc2  ] STEP_DURATION 103->102
  f=2816   [npc1  ] STEP_DURATION 6->5
  f=2816   [npc4  ] STEP_DURATION 3->2
  f=2816   [npc2  ] STEP_DURATION 102->101
  f=2819   [npc1  ] STEP_DURATION 5->4
  f=2819   [npc4  ] STEP_DURATION 2->1
  f=2819   [npc2  ] STEP_DURATION 101->100
  f=2820   [npc1  ] STEP_DURATION 4->3
  f=2820   [npc4  ] STEP_TYPE 3->1  STEP_DURATION 1->0
  f=2820   [npc2  ] STEP_DURATION 100->99
  f=2821   [npc4  ] WALKING 255->6  DIRECTION 0->8  STEP_TYPE 1->2  STEP_DURATION 0->7  ACTION 1->2  FACING 0->8  MAP_X 13->12
  ^^^ [npc4] MAP COORDS CHANGED — step 20 complete ^^^
  f=2822   [npc1  ] STEP_DURATION 3->2
  f=2822   [npc4  ] STEP_DURATION 7->6  STEP_FRAME 0->1  SPRITE_X 108->106
  f=2822   [npc2  ] STEP_DURATION 99->98
  f=2824   [npc1  ] STEP_DURATION 2->1
  f=2825   [npc4  ] STEP_DURATION 6->5  STEP_FRAME 1->2  SPRITE_X 106->104
  f=2825   [npc2  ] STEP_DURATION 98->97
  f=2826   [npc1  ] STEP_TYPE 3->1  STEP_DURATION 1->0
  f=2826   [npc4  ] STEP_DURATION 5->4  STEP_FRAME 2->3  SPRITE_X 104->102
  f=2826   [npc2  ] STEP_DURATION 97->96
  f=2828   [npc1  ] DIRECTION 12->8  STEP_TYPE 1->3  STEP_DURATION 0->53  FACING 12->8
  f=2828   [npc4  ] STEP_DURATION 4->3  STEP_FRAME 3->4  FACING 8->9  SPRITE_X 102->100
  f=2828   [npc2  ] STEP_DURATION 96->95
  f=2830   [npc1  ] STEP_DURATION 53->52
  f=2830   [npc4  ] STEP_DURATION 3->2  STEP_FRAME 4->5  SPRITE_X 100->98
  f=2830   [npc2  ] STEP_DURATION 95->94
  f=2832   [npc1  ] STEP_DURATION 52->51
  f=2832   [npc4  ] STEP_DURATION 2->1  STEP_FRAME 5->6  SPRITE_X 98->96
  f=2832   [npc2  ] STEP_DURATION 94->93
  f=2834   [npc1  ] STEP_DURATION 51->50
  f=2835   [npc4  ] WALKING 6->255  STEP_TYPE 2->1  STEP_DURATION 1->0  STEP_FRAME 6->7  LAST_MAP_X 13->12  SPRITE_X 96->94
  f=2835   [npc2  ] STEP_DURATION 93->92
  f=2836   [npc1  ] STEP_DURATION 50->49
  f=2836   [npc4  ] DIRECTION 8->12  STEP_TYPE 1->3  STEP_DURATION 0->93  ACTION 2->1  STEP_FRAME 7->8  FACING 9->14
  f=2836   [npc2  ] STEP_DURATION 92->91
  f=2838   [npc1  ] STEP_DURATION 49->48
  f=2838   [npc4  ] STEP_DURATION 93->92  FACING 14->12
  f=2838   [npc2  ] STEP_DURATION 91->90
  f=2840   [npc1  ] STEP_DURATION 48->47
  f=2840   [npc4  ] STEP_DURATION 92->91
  f=2840   [npc2  ] STEP_DURATION 90->89
  f=4941   [npc1  ] DIRECTION 8->0  STEP_DURATION 47->57  STEP_FRAME 1->0  FACING 8->0  SPRITE_X 64->128  SPRITE_Y 80->160
  f=4941   [npc3  ] STEP_FRAME 1->0  SPRITE_X 16->80  SPRITE_Y 240->64
  f=4941   [npc4  ] MOVEMENT_TYPE 3->0  FLAGS1 2->0  WALKING 255->0  DIRECTION 12->0  STEP_TYPE 3->0  STEP_DURATION 91->0  ACTION 1->0  STEP_FRAME 8->0  FACING 12->255  MAP_X 12->0  MAP_Y 11->0  LAST_MAP_X 12->0  LAST_MAP_Y 11->0  SPRITE_X 94->0  SPRITE_Y 64->0
  ^^^ [npc4] MAP COORDS CHANGED — step 21 complete ^^^
  f=4941   [npc2  ] MOVEMENT_TYPE 4->0  WALKING 255->0  DIRECTION 4->0  STEP_TYPE 3->0  STEP_DURATION 89->0  ACTION 1->0  FACING 4->0  MAP_X 16->0  MAP_Y 12->0  LAST_MAP_X 16->0  LAST_MAP_Y 12->0  SPRITE_X 160->0  SPRITE_Y 80->0
  ^^^ [npc2] MAP COORDS CHANGED — step 22 complete ^^^
  f=4941   [PLAYER] DIRECTION 0->4  STEP_FRAME 8->1  FACING 0->4  MAP_X 12->6  MAP_Y 10->9  LAST_MAP_X 12->6  LAST_MAP_Y 10->9  SPRITE_X 96->64  SPRITE_Y 48->112
  ^^^ [PLAYER] MAP COORDS CHANGED — step 23 complete ^^^
  f=4942   [npc4  ] WALKING 0->6  DIRECTION 0->8  STEP_TYPE 0->2  STEP_DURATION 0->7  ACTION 0->2  FACING 255->8  MAP_X 0->255
  ^^^ [npc4] MAP COORDS CHANGED — step 24 complete ^^^
  f=4943   [npc1  ] STEP_DURATION 57->56
  f=4945   [npc1  ] STEP_DURATION 56->55
  f=4947   [npc1  ] STEP_DURATION 55->54
  f=4949   [npc1  ] STEP_DURATION 54->53
  f=4951   [npc1  ] STEP_DURATION 53->52
  f=4953   [npc1  ] STEP_DURATION 52->51
  f=4955   [npc1  ] STEP_DURATION 51->50
  f=4957   [npc1  ] STEP_DURATION 50->49
  f=4959   [npc1  ] STEP_DURATION 49->48
  f=4961   [npc1  ] STEP_DURATION 48->47
  f=4963   [npc1  ] STEP_DURATION 47->46
  f=4965   [npc1  ] STEP_DURATION 46->45
  f=4967   [npc1  ] STEP_DURATION 45->44
  f=4969   [npc1  ] STEP_DURATION 44->43
  f=4971   [npc1  ] STEP_DURATION 43->42
  f=4973   [npc1  ] STEP_DURATION 42->41
  f=4975   [npc1  ] STEP_DURATION 41->40
  f=4977   [npc1  ] STEP_DURATION 40->39
  f=4979   [npc1  ] STEP_DURATION 39->38
  f=4981   [npc1  ] STEP_DURATION 38->37
  f=4983   [npc1  ] STEP_DURATION 37->36
  f=4985   [npc1  ] STEP_DURATION 36->35
  f=4987   [npc1  ] STEP_DURATION 35->34
  f=4989   [npc1  ] STEP_DURATION 34->33
  f=4991   [npc1  ] STEP_DURATION 33->32
  f=4993   [npc1  ] STEP_DURATION 32->31
  f=4995   [npc1  ] STEP_DURATION 31->30
  f=4997   [npc1  ] STEP_DURATION 30->29
  f=4999   [npc1  ] STEP_DURATION 29->28
  f=5001   [npc1  ] STEP_DURATION 28->27
  f=5003   [npc1  ] STEP_DURATION 27->26
  f=5005   [npc1  ] STEP_DURATION 26->25
  f=5007   [npc1  ] STEP_DURATION 25->24
  f=5009   [npc1  ] STEP_DURATION 24->23
  f=5009   [PLAYER] STEP_TYPE 1->10  STEP_DURATION 0->1  ACTION 1->2  STEP_FRAME 1->3  STEP_INDEX 0->1
  f=5011   [npc1  ] STEP_DURATION 23->22
  f=5011   [PLAYER] DIRECTION 4->12  STEP_FRAME 3->4  FACING 4->13  STEP_INDEX 1->3
  f=5013   [npc1  ] STEP_DURATION 22->21
  f=5013   [PLAYER] STEP_TYPE 10->1  STEP_DURATION 1->0  STEP_FRAME 4->5
  f=5015   [npc1  ] STEP_DURATION 21->20
  f=5015   [PLAYER] ACTION 2->1  STEP_FRAME 5->6  STEP_INDEX 3->0
  f=5017   [npc1  ] STEP_DURATION 20->19
  f=5017   [PLAYER] WALKING 255->7  STEP_TYPE 1->6  STEP_DURATION 0->7  ACTION 1->2  STEP_FRAME 6->7  MAP_X 6->7  SPRITE_X 64->66  STEP_INDEX 0->1
  ^^^ [PLAYER] MAP COORDS CHANGED — step 25 complete ^^^
  f=5019   [npc1  ] STEP_DURATION 19->18
  f=5019   [PLAYER] STEP_DURATION 7->6  STEP_FRAME 7->8  FACING 13->14  SPRITE_X 66->68
  f=5021   [npc1  ] STEP_DURATION 18->17
  f=5021   [PLAYER] STEP_DURATION 6->5  STEP_FRAME 8->9  SPRITE_X 68->70
  f=5023   [npc1  ] STEP_DURATION 17->16
  f=5023   [PLAYER] STEP_DURATION 5->4  STEP_FRAME 9->10  SPRITE_X 70->72
  f=5025   [npc1  ] STEP_DURATION 16->15
  f=5025   [PLAYER] STEP_DURATION 4->3  STEP_FRAME 10->11  SPRITE_X 72->74
  f=5027   [npc1  ] STEP_DURATION 15->14
  f=5027   [PLAYER] STEP_DURATION 3->2  STEP_FRAME 11->12  FACING 14->15  SPRITE_X 74->76
  f=5029   [npc1  ] STEP_DURATION 14->13
  f=5029   [PLAYER] STEP_DURATION 2->1  STEP_FRAME 12->13  SPRITE_X 76->78
  f=5031   [npc1  ] STEP_DURATION 13->12
  f=5031   [PLAYER] WALKING 7->255  STEP_TYPE 6->1  STEP_DURATION 1->0  STEP_FRAME 13->14  LAST_MAP_X 6->7  SPRITE_X 78->80
  f=5033   [npc1  ] STEP_DURATION 12->11
  f=5033   [PLAYER] WALKING 255->7  STEP_TYPE 1->6  STEP_DURATION 0->7  STEP_FRAME 14->15  MAP_X 7->8  SPRITE_X 80->82
  ^^^ [PLAYER] MAP COORDS CHANGED — step 26 complete ^^^
  f=5035   [npc1  ] STEP_DURATION 11->10
  f=5035   [PLAYER] STEP_DURATION 7->6  STEP_FRAME 15->0  FACING 15->12  SPRITE_X 82->84
  f=5037   [npc1  ] STEP_DURATION 10->9
  f=5037   [PLAYER] STEP_DURATION 6->5  STEP_FRAME 0->1  SPRITE_X 84->86
  f=5039   [npc1  ] STEP_DURATION 9->8
  f=5039   [PLAYER] STEP_DURATION 5->4  STEP_FRAME 1->2  SPRITE_X 86->88
  f=5041   [npc1  ] STEP_DURATION 8->7
  f=5041   [PLAYER] STEP_DURATION 4->3  STEP_FRAME 2->3  SPRITE_X 88->90
  f=5043   [npc1  ] STEP_DURATION 7->6
  f=5043   [PLAYER] STEP_DURATION 3->2  STEP_FRAME 3->4  FACING 12->13  SPRITE_X 90->92
  f=5045   [npc1  ] STEP_DURATION 6->5
  f=5045   [PLAYER] STEP_DURATION 2->1  STEP_FRAME 4->5  SPRITE_X 92->94
  f=5047   [npc1  ] STEP_DURATION 5->4
  f=5047   [PLAYER] WALKING 7->255  STEP_TYPE 6->1  STEP_DURATION 1->0  STEP_FRAME 5->6  LAST_MAP_X 7->8  SPRITE_X 94->96
  f=5049   [npc1  ] STEP_DURATION 4->3
  f=5049   [PLAYER] WALKING 255->7  STEP_TYPE 1->6  STEP_DURATION 0->7  STEP_FRAME 6->7  MAP_X 8->9  SPRITE_X 96->98
  ^^^ [PLAYER] MAP COORDS CHANGED — step 27 complete ^^^
  f=5051   [npc1  ] STEP_DURATION 3->2
  f=5051   [PLAYER] STEP_DURATION 7->6  STEP_FRAME 7->8  FACING 13->14  SPRITE_X 98->100
  f=5053   [npc1  ] STEP_DURATION 2->1
  f=5053   [PLAYER] STEP_DURATION 6->5  STEP_FRAME 8->9  SPRITE_X 100->102
  f=5055   [npc1  ] STEP_TYPE 3->1  STEP_DURATION 1->0
  f=5055   [PLAYER] STEP_DURATION 5->4  STEP_FRAME 9->10  SPRITE_X 102->104
  f=5057   [npc1  ] DIRECTION 0->4  STEP_TYPE 1->3  STEP_DURATION 0->122  FACING 0->4
  f=5057   [PLAYER] STEP_DURATION 4->3  STEP_FRAME 10->11  SPRITE_X 104->106
  f=5059   [npc1  ] STEP_DURATION 122->121
  f=5059   [PLAYER] STEP_DURATION 3->2  STEP_FRAME 11->12  FACING 14->15  SPRITE_X 106->108
  f=5061   [npc1  ] STEP_DURATION 121->120
  f=5061   [PLAYER] STEP_DURATION 2->1  STEP_FRAME 12->13  SPRITE_X 108->110
  f=5063   [npc1  ] STEP_DURATION 120->119
  f=5063   [PLAYER] WALKING 7->255  STEP_TYPE 6->1  STEP_DURATION 1->0  STEP_FRAME 13->14  LAST_MAP_X 8->9  SPRITE_X 110->112
  f=5065   [npc1  ] STEP_DURATION 119->118
  f=5065   [PLAYER] WALKING 255->7  STEP_TYPE 1->6  STEP_DURATION 0->7  STEP_FRAME 14->15  MAP_X 9->10  SPRITE_X 112->114
  ^^^ [PLAYER] MAP COORDS CHANGED — step 28 complete ^^^
  f=5067   [npc1  ] STEP_DURATION 118->117
  f=5067   [PLAYER] STEP_DURATION 7->6  STEP_FRAME 15->0  FACING 15->12  SPRITE_X 114->116
  f=5069   [npc1  ] STEP_DURATION 117->116
  f=5069   [PLAYER] STEP_DURATION 6->5  STEP_FRAME 0->1  SPRITE_X 116->118
  f=5071   [npc1  ] STEP_DURATION 116->115
  f=5071   [PLAYER] STEP_DURATION 5->4  STEP_FRAME 1->2  SPRITE_X 118->120
  f=5073   [npc1  ] STEP_DURATION 115->114
  f=5073   [PLAYER] STEP_DURATION 4->3  STEP_FRAME 2->3  SPRITE_X 120->122
  f=5075   [npc1  ] STEP_DURATION 114->113
  f=5075   [PLAYER] STEP_DURATION 3->2  STEP_FRAME 3->4  FACING 12->13  SPRITE_X 122->124
  f=5077   [npc1  ] STEP_DURATION 113->112
  f=5077   [PLAYER] STEP_DURATION 2->1  STEP_FRAME 4->5  SPRITE_X 124->126
  f=5079   [npc1  ] STEP_DURATION 112->111
  f=5079   [npc4  ] MOVEMENT_TYPE 0->4  DIRECTION 8->0  STEP_TYPE 2->0  ACTION 2->1  FACING 8->255  MAP_X 255->16  MAP_Y 0->13  SPRITE_X 0->224  SPRITE_Y 0->176
  ^^^ [npc4] MAP COORDS CHANGED — step 29 complete ^^^
  f=5079   [PLAYER] WALKING 7->255  STEP_TYPE 6->1  STEP_DURATION 1->0  STEP_FRAME 5->6  LAST_MAP_X 9->10  SPRITE_X 126->128
  f=5081   [npc1  ] STEP_DURATION 111->110
  f=5081   [npc4  ] LAST_MAP_X 0->16  LAST_MAP_Y 0->13
  f=5081   [PLAYER] WALKING 255->4  DIRECTION 12->0  STEP_TYPE 1->6  STEP_DURATION 0->7  STEP_FRAME 6->7  FACING 13->1  MAP_Y 9->10  SPRITE_Y 112->114
  ^^^ [PLAYER] MAP COORDS CHANGED — step 30 complete ^^^
  f=5082   [npc4  ] WALKING 6->255  STEP_TYPE 0->3  STEP_DURATION 7->20  STEP_FRAME 0->1  FACING 255->0
  f=5083   [npc1  ] STEP_DURATION 110->109
  f=5083   [npc4  ] STEP_DURATION 20->19
  f=5083   [PLAYER] STEP_DURATION 7->6  STEP_FRAME 7->8  FACING 1->2  SPRITE_Y 114->116
  f=5085   [npc1  ] STEP_DURATION 109->108
  f=5085   [npc4  ] STEP_DURATION 19->18
  f=5085   [PLAYER] STEP_DURATION 6->5  STEP_FRAME 8->9  SPRITE_Y 116->118
  f=5087   [npc1  ] STEP_DURATION 108->107
  f=5087   [npc4  ] STEP_DURATION 18->17
  f=5087   [PLAYER] STEP_DURATION 5->4  STEP_FRAME 9->10  SPRITE_Y 118->120
  f=5089   [npc1  ] STEP_DURATION 107->106
  f=5089   [npc4  ] STEP_DURATION 17->16
  f=5089   [PLAYER] STEP_DURATION 4->3  STEP_FRAME 10->11  SPRITE_Y 120->122
  f=5091   [npc1  ] STEP_DURATION 106->105
  f=5091   [npc4  ] STEP_DURATION 16->15
  f=5091   [PLAYER] STEP_DURATION 3->2  STEP_FRAME 11->12  FACING 2->3  SPRITE_Y 122->124
  f=5093   [npc1  ] STEP_DURATION 105->104
  f=5093   [npc4  ] STEP_DURATION 15->14
  f=5093   [PLAYER] STEP_DURATION 2->1  STEP_FRAME 12->13  SPRITE_Y 124->126
  f=5095   [npc1  ] STEP_DURATION 104->103
  f=5095   [npc4  ] STEP_DURATION 14->13
  f=5095   [PLAYER] WALKING 4->255  STEP_TYPE 6->1  STEP_DURATION 1->0  STEP_FRAME 13->14  LAST_MAP_Y 9->10  SPRITE_Y 126->128
  f=5097   [npc1  ] STEP_DURATION 103->102
  f=5097   [PLAYER] WALKING 255->4  STEP_TYPE 1->6  STEP_DURATION 0->7  STEP_FRAME 14->15  MAP_Y 10->11  SPRITE_Y 128->130
  ^^^ [PLAYER] MAP COORDS CHANGED — step 31 complete ^^^
  f=5098   [npc4  ] STEP_DURATION 13->12
  f=5099   [npc1  ] STEP_DURATION 102->101
  f=5099   [npc4  ] STEP_DURATION 12->11
  f=5099   [PLAYER] STEP_DURATION 7->6  STEP_FRAME 15->0  FACING 3->0  SPRITE_Y 130->132
  f=5101   [npc1  ] STEP_DURATION 101->100
  f=5101   [npc2  ] STEP_DURATION 11->10
  f=5101   [PLAYER] STEP_DURATION 6->5  STEP_FRAME 0->1  SPRITE_Y 132->134
  f=5103   [npc1  ] STEP_DURATION 100->99
  f=5103   [npc2  ] STEP_DURATION 10->9
  f=5103   [PLAYER] STEP_DURATION 5->4  STEP_FRAME 1->2  SPRITE_Y 134->136
  f=5105   [npc1  ] STEP_DURATION 99->98
  f=5105   [npc2  ] STEP_DURATION 9->8
  f=5105   [PLAYER] STEP_DURATION 4->3  STEP_FRAME 2->3  SPRITE_Y 136->138
  f=5107   [npc1  ] STEP_DURATION 98->97
  f=5107   [npc2  ] STEP_DURATION 8->7
  f=5107   [PLAYER] STEP_DURATION 3->2  STEP_FRAME 3->4  FACING 0->1  SPRITE_Y 138->140
  f=5109   [npc1  ] STEP_DURATION 97->96
  f=5109   [npc2  ] STEP_DURATION 7->6
  f=5109   [PLAYER] STEP_DURATION 2->1  STEP_FRAME 4->5  SPRITE_Y 140->142
  f=5111   [npc1  ] STEP_DURATION 96->95
  f=5111   [npc2  ] STEP_DURATION 6->5
  f=5111   [PLAYER] WALKING 4->255  STEP_TYPE 6->1  STEP_DURATION 1->0  STEP_FRAME 5->6  LAST_MAP_Y 10->11  SPRITE_Y 142->144
  f=5113   [npc1  ] STEP_DURATION 95->94
  f=5113   [npc2  ] STEP_DURATION 5->4
  f=5113   [PLAYER] ACTION 2->1  STEP_FRAME 6->7  STEP_INDEX 1->0
  f=5115   [npc1  ] STEP_DURATION 94->93
  f=5115   [npc2  ] STEP_DURATION 4->3
  f=5115   [PLAYER] STEP_FRAME 7->8  FACING 1->2
  f=5117   [npc1  ] STEP_DURATION 93->92
  f=5117   [npc2  ] STEP_DURATION 3->2
  f=5117   [PLAYER] FACING 2->0
  f=5119   [npc1  ] STEP_DURATION 92->91
  f=5119   [npc2  ] STEP_DURATION 2->1
  f=5121   [npc1  ] STEP_DURATION 91->90
  f=5121   [npc2  ] STEP_TYPE 3->1  STEP_DURATION 1->0
  f=5122   [npc2  ] WALKING 255->6  DIRECTION 0->8  STEP_TYPE 1->2  STEP_DURATION 0->7  ACTION 1->2  FACING 0->8  MAP_X 16->15
  ^^^ [npc2] MAP COORDS CHANGED — step 32 complete ^^^
  f=5123   [npc1  ] STEP_DURATION 90->89
  f=5123   [npc2  ] STEP_DURATION 7->6  STEP_FRAME 1->2  SPRITE_X 224->222
  f=5125   [npc1  ] STEP_DURATION 89->88
  f=5125   [npc2  ] STEP_DURATION 6->5  STEP_FRAME 2->3  SPRITE_X 222->220
  f=5127   [npc1  ] STEP_DURATION 88->87
  f=5127   [npc2  ] STEP_DURATION 5->4  STEP_FRAME 3->4  FACING 8->9  SPRITE_X 220->218
  f=5129   [npc1  ] STEP_DURATION 87->86
  f=5129   [npc2  ] STEP_DURATION 4->3  STEP_FRAME 4->5  SPRITE_X 218->216
  f=5131   [npc1  ] STEP_DURATION 86->85
  f=5131   [npc2  ] STEP_DURATION 3->2  STEP_FRAME 5->6  SPRITE_X 216->214
  f=5133   [npc1  ] STEP_DURATION 85->84
  f=5133   [npc2  ] STEP_DURATION 2->1  STEP_FRAME 6->7  SPRITE_X 214->212
  f=5135   [npc1  ] STEP_DURATION 84->83
  f=5135   [npc2  ] WALKING 6->255  STEP_TYPE 2->1  STEP_DURATION 1->0  STEP_FRAME 7->8  FACING 9->10  LAST_MAP_X 16->15  SPRITE_X 212->210
  f=5137   [npc1  ] STEP_DURATION 83->82
  f=5137   [npc2  ] WALKING 255->0  DIRECTION 8->0  STEP_DURATION 0->16  MAP_Y 13->14
  ^^^ [npc2] MAP COORDS CHANGED — step 33 complete ^^^
  f=5138   [npc2  ] WALKING 0->255  STEP_TYPE 1->3  STEP_DURATION 16->122  ACTION 2->1  STEP_FRAME 8->0  FACING 10->0  MAP_Y 14->13
  ^^^ [npc2] MAP COORDS CHANGED — step 34 complete ^^^
  f=5139   [npc1  ] STEP_DURATION 82->81
  f=5139   [npc2  ] STEP_DURATION 122->121
  f=5139   [PLAYER] STEP_TYPE 1->10  STEP_DURATION 0->1  ACTION 1->2  STEP_FRAME 8->3  STEP_INDEX 0->1
  f=5141   [npc1  ] STEP_DURATION 81->80
  f=5141   [npc2  ] STEP_DURATION 121->120
  f=5141   [PLAYER] DIRECTION 0->12  STEP_FRAME 3->4  FACING 0->13  STEP_INDEX 1->3
  f=5143   [npc1  ] STEP_DURATION 80->79
  f=5143   [npc2  ] STEP_DURATION 120->119
  f=5143   [PLAYER] STEP_TYPE 10->1  STEP_DURATION 1->0  STEP_FRAME 4->5
  f=5145   [npc1  ] STEP_DURATION 79->78
  f=5145   [npc2  ] STEP_DURATION 119->118
  f=5145   [PLAYER] ACTION 2->1  STEP_FRAME 5->6  STEP_INDEX 3->0
  f=5147   [npc1  ] STEP_DURATION 78->77
  f=5147   [npc2  ] STEP_DURATION 118->117
  f=5147   [PLAYER] WALKING 255->7  STEP_TYPE 1->6  STEP_DURATION 0->7  ACTION 1->2  STEP_FRAME 6->7  MAP_X 10->11  SPRITE_X 128->130  STEP_INDEX 0->1
  ^^^ [PLAYER] MAP COORDS CHANGED — step 35 complete ^^^
  f=5149   [npc1  ] STEP_DURATION 77->76
  f=5149   [npc2  ] STEP_DURATION 117->116
  f=5149   [PLAYER] STEP_DURATION 7->6  STEP_FRAME 7->8  FACING 13->14  SPRITE_X 130->132
  f=5151   [npc1  ] STEP_DURATION 76->75
  f=5151   [npc2  ] STEP_DURATION 116->115
  f=5151   [PLAYER] STEP_DURATION 6->5  STEP_FRAME 8->9  SPRITE_X 132->134
  f=5153   [npc1  ] STEP_DURATION 75->74
  f=5153   [npc2  ] STEP_DURATION 115->114
  f=5153   [PLAYER] STEP_DURATION 5->4  STEP_FRAME 9->10  SPRITE_X 134->136
  f=5155   [npc1  ] STEP_DURATION 74->73
  f=5155   [npc2  ] STEP_DURATION 114->113
  f=5155   [PLAYER] STEP_DURATION 4->3  STEP_FRAME 10->11  SPRITE_X 136->138
  f=5157   [npc1  ] STEP_DURATION 73->72
  f=5157   [npc2  ] STEP_DURATION 113->112
  f=5157   [PLAYER] STEP_DURATION 3->2  STEP_FRAME 11->12  FACING 14->15  SPRITE_X 138->140
  f=5159   [npc1  ] STEP_DURATION 72->71
  f=5159   [npc2  ] STEP_DURATION 112->111
  f=5159   [PLAYER] STEP_DURATION 2->1  STEP_FRAME 12->13  SPRITE_X 140->142
  f=5161   [npc1  ] STEP_DURATION 71->70
  f=5161   [npc2  ] STEP_DURATION 111->110
  f=5161   [PLAYER] WALKING 7->255  STEP_TYPE 6->1  STEP_DURATION 1->0  STEP_FRAME 13->14  LAST_MAP_X 10->11  SPRITE_X 142->144
  f=5163   [npc1  ] STEP_DURATION 70->69
  f=5163   [npc2  ] STEP_DURATION 110->109
  f=5163   [PLAYER] ACTION 2->1  STEP_FRAME 14->15  STEP_INDEX 1->0
  f=5165   [npc1  ] STEP_DURATION 69->68
  f=5165   [npc2  ] STEP_DURATION 109->108
  f=5165   [PLAYER] STEP_FRAME 15->0  FACING 15->12
  f=5167   [npc1  ] STEP_DURATION 68->67
  f=5167   [npc2  ] STEP_DURATION 108->107
  f=5169   [npc1  ] STEP_DURATION 67->66
  f=5169   [npc2  ] STEP_DURATION 107->106
  f=5171   [npc1  ] STEP_DURATION 66->65
  f=5171   [npc2  ] STEP_DURATION 106->105
  f=5173   [npc1  ] STEP_DURATION 65->64
  f=5173   [npc2  ] STEP_DURATION 105->104
  f=5175   [npc1  ] STEP_DURATION 64->63
  f=5175   [npc2  ] STEP_DURATION 104->103
  f=5177   [npc1  ] STEP_DURATION 63->62
  f=5177   [npc2  ] STEP_DURATION 103->102
  f=5179   [npc1  ] STEP_DURATION 62->61
  f=5179   [npc2  ] STEP_DURATION 102->101
  f=5181   [npc1  ] STEP_DURATION 61->60
  f=5181   [npc2  ] STEP_DURATION 101->100
  f=5183   [npc1  ] STEP_DURATION 60->59
  f=5183   [npc2  ] STEP_DURATION 100->99
  f=5185   [npc1  ] STEP_DURATION 59->58
  f=5185   [npc2  ] STEP_DURATION 99->98
  f=5187   [npc1  ] STEP_DURATION 58->57
  f=5187   [npc2  ] STEP_DURATION 98->97
  f=5189   [npc1  ] STEP_DURATION 57->56
  f=5189   [npc2  ] STEP_DURATION 97->96
  f=5191   [npc1  ] STEP_DURATION 56->55
  f=5191   [npc2  ] STEP_DURATION 96->95
  f=5193   [npc1  ] STEP_DURATION 55->54
  f=5193   [npc2  ] STEP_DURATION 95->94
  f=5195   [npc1  ] STEP_DURATION 54->53
  f=5195   [npc2  ] STEP_DURATION 94->93
  f=5197   [npc1  ] STEP_DURATION 53->52
  f=5197   [npc2  ] STEP_DURATION 93->92
  f=5199   [npc1  ] STEP_DURATION 52->51
  f=5199   [npc2  ] STEP_DURATION 92->91
  f=5201   [npc1  ] STEP_DURATION 51->50
  f=5201   [npc2  ] STEP_DURATION 91->90
  f=5203   [npc1  ] STEP_DURATION 50->49
  f=5203   [npc2  ] STEP_DURATION 90->89
  f=5203   [PLAYER] STEP_TYPE 1->10  STEP_DURATION 0->1  ACTION 1->2  STEP_FRAME 0->3  STEP_INDEX 0->1
  f=5205   [npc1  ] STEP_DURATION 49->48
  f=5205   [npc2  ] STEP_DURATION 89->88
  f=5205   [PLAYER] DIRECTION 12->0  STEP_FRAME 3->4  FACING 12->1  STEP_INDEX 1->3
  f=5207   [npc1  ] STEP_DURATION 48->47
  f=5207   [npc2  ] STEP_DURATION 88->87
  f=5207   [PLAYER] STEP_TYPE 10->1  STEP_DURATION 1->0  STEP_FRAME 4->5
  f=5209   [npc1  ] STEP_DURATION 47->46
  f=5209   [npc2  ] STEP_DURATION 87->86
  f=5209   [PLAYER] ACTION 2->1  STEP_FRAME 5->6  STEP_INDEX 3->0
  f=5211   [npc1  ] STEP_DURATION 46->45
  f=5211   [npc2  ] STEP_DURATION 86->85
  f=5211   [PLAYER] STEP_FRAME 6->7
  f=5213   [npc1  ] STEP_DURATION 45->44
  f=5213   [npc2  ] STEP_DURATION 85->84
  f=5213   [PLAYER] STEP_FRAME 7->8  FACING 1->2
  f=5215   [npc1  ] STEP_DURATION 44->43
  f=5215   [npc2  ] STEP_DURATION 84->83
  f=5215   [PLAYER] FACING 2->0
  f=5217   [npc1  ] STEP_DURATION 43->42
  f=5217   [npc2  ] STEP_DURATION 83->82
  f=5219   [npc1  ] STEP_DURATION 42->41
  f=5219   [npc2  ] STEP_DURATION 82->81
  f=5221   [npc1  ] STEP_DURATION 41->40
  f=5221   [npc2  ] STEP_DURATION 81->80
  f=5223   [npc1  ] STEP_DURATION 40->39
  f=5223   [npc2  ] STEP_DURATION 80->79
  f=5225   [npc1  ] STEP_DURATION 39->38
  f=5225   [npc2  ] STEP_DURATION 79->78
  f=5227   [npc1  ] STEP_DURATION 38->37
  f=5227   [npc2  ] STEP_DURATION 78->77
  f=5229   [npc1  ] STEP_DURATION 37->36
  f=5229   [npc2  ] STEP_DURATION 77->76
  f=5231   [npc1  ] STEP_DURATION 36->35
  f=5231   [npc2  ] STEP_DURATION 76->75
  f=5233   [npc1  ] STEP_DURATION 35->34
  f=5233   [npc2  ] STEP_DURATION 75->74
  f=5235   [npc1  ] STEP_DURATION 34->33
  f=5235   [npc2  ] STEP_DURATION 74->73
  f=5237   [npc1  ] STEP_DURATION 33->32
  f=5237   [npc2  ] STEP_DURATION 73->72
  f=5239   [npc1  ] STEP_DURATION 32->31
  f=5239   [npc2  ] STEP_DURATION 72->71
  f=5241   [npc1  ] STEP_DURATION 31->30
  f=5241   [npc2  ] STEP_DURATION 71->70
  f=5243   [npc1  ] STEP_DURATION 30->29
  f=5243   [npc2  ] STEP_DURATION 70->69
  f=5245   [npc1  ] STEP_DURATION 29->28
  f=5245   [npc2  ] STEP_DURATION 69->68
  f=5247   [npc1  ] STEP_DURATION 28->27
  f=5247   [npc2  ] STEP_DURATION 68->67
  f=5249   [npc1  ] STEP_DURATION 27->26
  f=5249   [npc2  ] STEP_DURATION 67->66
  f=5251   [npc1  ] STEP_DURATION 26->25
  f=5251   [npc2  ] STEP_DURATION 66->65
  f=5253   [npc1  ] STEP_DURATION 25->24
  f=5253   [npc2  ] STEP_DURATION 65->64
  f=5255   [npc1  ] STEP_DURATION 24->23
  f=5255   [npc2  ] STEP_DURATION 64->63
  f=5257   [npc1  ] STEP_DURATION 23->22
  f=5257   [npc2  ] STEP_DURATION 63->62
  f=5259   [npc1  ] STEP_DURATION 22->21
  f=5259   [npc2  ] STEP_DURATION 62->61
  f=5261   [npc1  ] STEP_DURATION 21->20
  f=5261   [npc2  ] STEP_DURATION 61->60
  f=5263   [npc1  ] STEP_DURATION 20->19
  f=5263   [npc2  ] STEP_DURATION 60->59
  f=5265   [npc1  ] STEP_DURATION 19->18
  f=5265   [npc2  ] STEP_DURATION 59->58
  f=5267   [npc1  ] STEP_DURATION 18->17
  f=5267   [npc2  ] STEP_DURATION 58->57
  f=5269   [npc1  ] STEP_DURATION 17->16
  f=5269   [npc2  ] STEP_DURATION 57->56
  f=5271   [npc1  ] STEP_DURATION 16->15
  f=5271   [npc2  ] STEP_DURATION 56->55
  f=5273   [npc1  ] STEP_DURATION 15->14
  f=5273   [npc2  ] STEP_DURATION 55->54
  f=5275   [npc1  ] STEP_DURATION 14->13
  f=5275   [npc2  ] STEP_DURATION 54->53
  f=5277   [npc1  ] STEP_DURATION 13->12
  f=5277   [npc2  ] STEP_DURATION 53->52
  f=5279   [npc1  ] STEP_DURATION 12->11
  f=5279   [npc2  ] STEP_DURATION 52->51
  f=5281   [npc1  ] STEP_DURATION 11->10
  f=5281   [npc2  ] STEP_DURATION 51->50
  f=5283   [npc1  ] STEP_DURATION 10->9
  f=5283   [npc2  ] STEP_DURATION 50->49
  f=5285   [npc1  ] STEP_DURATION 9->8
  f=5285   [npc2  ] STEP_DURATION 49->48
  f=5287   [npc1  ] STEP_DURATION 8->7
  f=5287   [npc2  ] STEP_DURATION 48->47
  f=5289   [npc1  ] STEP_DURATION 7->6
  f=5289   [npc2  ] STEP_DURATION 47->46
  f=5291   [npc1  ] STEP_DURATION 6->5
  f=5291   [npc2  ] STEP_DURATION 46->45
  f=5293   [npc1  ] STEP_DURATION 5->4
  f=5293   [npc2  ] STEP_DURATION 45->44
  f=5295   [npc1  ] STEP_DURATION 4->3
  f=5295   [npc2  ] STEP_DURATION 44->43
  f=5297   [npc1  ] STEP_DURATION 3->2
  f=5297   [npc2  ] STEP_DURATION 43->42
  f=5299   [npc1  ] STEP_DURATION 2->1
  f=5299   [npc2  ] STEP_DURATION 42->41
  f=5301   [npc1  ] STEP_TYPE 3->1  STEP_DURATION 1->0
  f=5301   [npc2  ] STEP_DURATION 41->40
  f=5303   [npc1  ] DIRECTION 4->12  STEP_TYPE 1->3  STEP_DURATION 0->106  FACING 4->12
  f=5303   [npc2  ] STEP_DURATION 40->39
  f=5305   [npc1  ] STEP_DURATION 106->105
  f=5305   [npc2  ] STEP_DURATION 39->38
  f=5307   [npc1  ] STEP_DURATION 105->104
  f=5307   [npc2  ] STEP_DURATION 38->37
  f=5309   [npc1  ] STEP_DURATION 104->103
  f=5309   [npc2  ] STEP_DURATION 37->36
  f=5311   [npc1  ] STEP_DURATION 103->102
  f=5311   [npc2  ] STEP_DURATION 36->35
  f=5313   [npc1  ] STEP_DURATION 102->101
  f=5313   [npc2  ] STEP_DURATION 35->34
  f=5315   [npc1  ] STEP_DURATION 101->100
  f=5315   [npc2  ] STEP_DURATION 34->33
  f=5317   [npc1  ] STEP_DURATION 100->99
  f=5317   [npc2  ] STEP_DURATION 33->32
  f=5319   [npc1  ] STEP_DURATION 99->98
  f=5319   [npc2  ] STEP_DURATION 32->31
  f=5321   [npc1  ] STEP_DURATION 98->97
  f=5321   [npc2  ] STEP_DURATION 31->30
  f=5323   [npc1  ] STEP_DURATION 97->96
  f=5323   [npc2  ] STEP_DURATION 30->29
  f=5325   [npc1  ] STEP_DURATION 96->95
  f=5325   [npc2  ] STEP_DURATION 29->28
  f=5327   [npc1  ] STEP_DURATION 95->94
  f=5327   [npc2  ] STEP_DURATION 28->27
  f=5329   [npc1  ] STEP_DURATION 94->93
  f=5329   [npc2  ] STEP_DURATION 27->26
  f=5331   [npc1  ] STEP_DURATION 93->92
  f=5331   [npc2  ] STEP_DURATION 26->25
  f=5333   [npc1  ] STEP_DURATION 92->91
  f=5333   [npc2  ] STEP_DURATION 25->24
  f=5335   [npc1  ] STEP_DURATION 91->90
  f=5335   [npc2  ] STEP_DURATION 24->23
  f=5337   [npc1  ] STEP_DURATION 90->89
  f=5337   [npc2  ] STEP_DURATION 23->22
  f=5339   [npc1  ] STEP_DURATION 89->88
  f=5339   [npc2  ] STEP_DURATION 22->21
  f=5341   [npc1  ] STEP_DURATION 88->87
  f=5341   [npc2  ] STEP_DURATION 21->20
  f=5343   [npc1  ] STEP_DURATION 87->86
  f=5343   [npc2  ] STEP_DURATION 20->19
  f=5345   [npc1  ] STEP_DURATION 86->85
  f=5345   [npc2  ] STEP_DURATION 19->18
  f=5347   [npc1  ] STEP_DURATION 85->84
  f=5347   [npc2  ] STEP_DURATION 18->17
  f=5349   [npc1  ] STEP_DURATION 84->83
  f=5349   [npc2  ] STEP_DURATION 17->16
  f=5351   [npc1  ] STEP_DURATION 83->82
  f=5351   [npc2  ] STEP_DURATION 16->15
  f=5353   [npc1  ] STEP_DURATION 82->81
  f=5353   [npc2  ] STEP_DURATION 15->14
  f=5355   [npc1  ] STEP_DURATION 81->80
  f=5355   [npc2  ] STEP_DURATION 14->13
  f=5357   [npc1  ] STEP_DURATION 80->79
  f=5357   [npc2  ] STEP_DURATION 13->12
  f=5359   [npc1  ] STEP_DURATION 79->78
  f=5359   [npc2  ] STEP_DURATION 12->11
  f=5361   [npc1  ] STEP_DURATION 78->77
  f=5361   [npc2  ] STEP_DURATION 11->10
  f=5363   [npc1  ] STEP_DURATION 77->76
  f=5363   [npc2  ] STEP_DURATION 10->9
  f=5365   [npc1  ] STEP_DURATION 76->75
  f=5365   [npc2  ] STEP_DURATION 9->8
  f=5367   [npc1  ] STEP_DURATION 75->74
  f=5367   [npc2  ] STEP_DURATION 8->7
  f=5369   [npc1  ] STEP_DURATION 74->73
  f=5369   [npc2  ] STEP_DURATION 7->6
  f=5371   [npc1  ] STEP_DURATION 73->72
  f=5371   [npc2  ] STEP_DURATION 6->5
  f=5373   [npc1  ] STEP_DURATION 72->71
  f=5373   [npc2  ] STEP_DURATION 5->4
  f=5375   [npc1  ] STEP_DURATION 71->70
  f=5375   [npc2  ] STEP_DURATION 4->3
  f=5377   [npc1  ] STEP_DURATION 70->69
  f=5377   [npc2  ] STEP_DURATION 3->2
  f=5379   [npc1  ] STEP_DURATION 69->68
  f=5379   [npc2  ] STEP_DURATION 2->1
  f=5381   [npc1  ] STEP_DURATION 68->67
  f=5381   [npc2  ] STEP_TYPE 3->1  STEP_DURATION 1->0
  f=5382   [npc2  ] WALKING 255->7  DIRECTION 0->12  STEP_TYPE 1->2  STEP_DURATION 0->7  ACTION 1->2  FACING 0->12  MAP_X 15->16
  ^^^ [npc2] MAP COORDS CHANGED — step 36 complete ^^^
  f=5383   [npc1  ] STEP_DURATION 67->66
  f=5383   [npc2  ] STEP_DURATION 7->6  STEP_FRAME 0->1  SPRITE_X 210->212
  f=5385   [npc1  ] STEP_DURATION 66->65
  f=5385   [npc2  ] STEP_DURATION 6->5  STEP_FRAME 1->2  SPRITE_X 212->214
  f=5387   [npc1  ] STEP_DURATION 65->64
  f=5387   [npc2  ] STEP_DURATION 5->4  STEP_FRAME 2->3  SPRITE_X 214->216
  f=5389   [npc1  ] STEP_DURATION 64->63
  f=5389   [npc2  ] STEP_DURATION 4->3  STEP_FRAME 3->4  FACING 12->13  SPRITE_X 216->218
  f=5391   [npc1  ] STEP_DURATION 63->62
  f=5391   [npc2  ] STEP_DURATION 3->2  STEP_FRAME 4->5  SPRITE_X 218->220
  f=5393   [npc1  ] STEP_DURATION 62->61
  f=5393   [npc2  ] STEP_DURATION 2->1  STEP_FRAME 5->6  SPRITE_X 220->222
  f=5395   [npc1  ] STEP_DURATION 61->60
  f=5395   [npc2  ] WALKING 7->255  STEP_TYPE 2->1  STEP_DURATION 1->0  STEP_FRAME 6->7  LAST_MAP_X 15->16  SPRITE_X 222->224
