=== MeshGhost Crystal step watch (READ-ONLY) ===
Watching every engine-driven object, the player included. Prints only frames that changed.
Now watching PLAYER (map object 0 -> struct 0, sprite 1).
Now watching npc1 (map object 1 -> struct 1, sprite 41).
Now watching npc2 (map object 2 -> struct 3, sprite 58).
Now watching npc3 (map object 3 -> struct 2, sprite 4).
Now watching npc4 (map object 4 -> struct 3, sprite 1).
  f=3      [npc1  ] STEP_DURATION 42->41
  f=3      [npc4  ] STEP_DURATION 4->3
  f=5      [npc1  ] STEP_DURATION 41->40
  f=5      [npc4  ] STEP_DURATION 3->2
  f=7      [npc1  ] STEP_DURATION 40->39
  f=7      [npc4  ] STEP_DURATION 2->1
  f=9      [npc1  ] STEP_DURATION 39->38
  f=9      [npc4  ] STEP_TYPE 3->1  STEP_DURATION 1->0
  f=10     [npc4  ] WALKING 255->7  STEP_TYPE 1->2  STEP_DURATION 0->7  ACTION 1->2  MAP_X 15->16
  ^^^ [npc4] MAP COORDS CHANGED — step 1 complete ^^^
  f=11     [npc1  ] STEP_DURATION 38->37
  f=11     [npc4  ] STEP_DURATION 7->6  STEP_FRAME 0->1  SPRITE_X 204->206
  f=13     [npc1  ] STEP_DURATION 37->36
  f=13     [npc4  ] STEP_DURATION 6->5  STEP_FRAME 1->2  SPRITE_X 206->208
  f=15     [npc1  ] STEP_DURATION 36->35
  f=15     [npc4  ] STEP_DURATION 5->4  STEP_FRAME 2->3  SPRITE_X 208->210
  f=17     [npc1  ] STEP_DURATION 35->34
  f=17     [npc4  ] STEP_DURATION 4->3  STEP_FRAME 3->4  FACING 12->13  SPRITE_X 210->212
  f=19     [npc1  ] STEP_DURATION 34->33
  f=19     [npc4  ] STEP_DURATION 3->2  STEP_FRAME 4->5  SPRITE_X 212->214
  f=21     [npc1  ] STEP_DURATION 33->32
  f=21     [npc4  ] STEP_DURATION 2->1  STEP_FRAME 5->6  SPRITE_X 214->216
  f=23     [npc1  ] STEP_DURATION 32->31
  f=23     [npc4  ] WALKING 7->255  STEP_TYPE 2->1  STEP_DURATION 1->0  STEP_FRAME 6->7  LAST_MAP_X 15->16  SPRITE_X 216->218
  f=23     [PLAYER] WALKING 255->7  STEP_TYPE 1->6  STEP_DURATION 0->7  ACTION 1->2  STEP_FRAME 8->9  FACING 12->14  MAP_X 12->13  SPRITE_X 160->162  STEP_INDEX 0->1
  ^^^ [PLAYER] MAP COORDS CHANGED — step 2 complete ^^^
  f=25     [npc1  ] STEP_DURATION 31->30
  f=25     [npc4  ] DIRECTION 12->8  STEP_TYPE 1->3  STEP_DURATION 0->16  ACTION 2->1  STEP_FRAME 7->8  FACING 13->10
  f=25     [PLAYER] STEP_DURATION 7->6  STEP_FRAME 9->10  SPRITE_X 162->164
  f=27     [npc1  ] STEP_DURATION 30->29
  f=27     [npc4  ] STEP_DURATION 16->15  FACING 10->8
  f=27     [PLAYER] STEP_DURATION 6->5  STEP_FRAME 10->11  SPRITE_X 164->166
  f=29     [npc1  ] STEP_DURATION 29->28
  f=29     [npc4  ] STEP_DURATION 15->14
  f=29     [PLAYER] STEP_DURATION 5->4  STEP_FRAME 11->12  FACING 14->15  SPRITE_X 166->168
  f=31     [npc1  ] STEP_DURATION 28->27
  f=31     [npc4  ] STEP_DURATION 14->13
  f=31     [PLAYER] STEP_DURATION 4->3  STEP_FRAME 12->13  SPRITE_X 168->170
  f=33     [npc1  ] STEP_DURATION 27->26
  f=33     [npc4  ] STEP_DURATION 13->12
  f=33     [PLAYER] STEP_DURATION 3->2  STEP_FRAME 13->14  SPRITE_X 170->172
  f=35     [npc1  ] STEP_DURATION 26->25
  f=35     [npc4  ] STEP_DURATION 12->11
  f=35     [PLAYER] STEP_DURATION 2->1  STEP_FRAME 14->15  SPRITE_X 172->174
  f=37     [npc1  ] STEP_DURATION 25->24
  f=37     [npc4  ] STEP_DURATION 11->10
  f=37     [PLAYER] WALKING 7->255  STEP_TYPE 6->1  STEP_DURATION 1->0  STEP_FRAME 15->0  FACING 15->12  LAST_MAP_X 12->13  SPRITE_X 174->176
  f=39     [npc1  ] STEP_DURATION 24->23
  f=39     [npc3  ] MOVEMENT_TYPE 9->0  WALKING 255->0  DIRECTION 12->0  STEP_TYPE 5->0  ACTION 1->0  FACING 12->0  MAP_X 7->0  MAP_Y 6->0  LAST_MAP_X 7->0  LAST_MAP_Y 6->0  SPRITE_X 80->0  SPRITE_Y 64->0  STEP_INDEX 1->0
  ^^^ [npc3] MAP COORDS CHANGED — step 3 complete ^^^
  f=39     [npc4  ] STEP_DURATION 10->9
  f=39     [PLAYER] ACTION 2->1  STEP_INDEX 1->0
  f=41     [npc1  ] STEP_DURATION 23->22
  f=41     [npc4  ] STEP_DURATION 9->8
  f=43     [npc1  ] STEP_DURATION 22->21
  f=43     [npc4  ] STEP_DURATION 8->7
  f=45     [npc1  ] STEP_DURATION 21->20
  f=45     [npc4  ] STEP_DURATION 7->6
  f=47     [npc1  ] STEP_DURATION 20->19
  f=47     [npc4  ] STEP_DURATION 6->5
  f=49     [npc1  ] STEP_DURATION 19->18
  f=49     [npc4  ] STEP_DURATION 5->4
  f=51     [npc1  ] STEP_DURATION 18->17
  f=51     [npc4  ] STEP_DURATION 4->3
  f=53     [npc1  ] STEP_DURATION 17->16
  f=53     [npc4  ] STEP_DURATION 3->2
  f=55     [npc1  ] STEP_DURATION 16->15
  f=55     [npc4  ] STEP_DURATION 2->1
  f=57     [npc1  ] STEP_DURATION 15->14
  f=57     [npc4  ] STEP_TYPE 3->1  STEP_DURATION 1->0
  f=57     [PLAYER] WALKING 255->7  STEP_TYPE 1->6  STEP_DURATION 0->7  ACTION 1->2  STEP_FRAME 0->1  MAP_X 13->14  SPRITE_X 176->178  STEP_INDEX 0->1
  ^^^ [PLAYER] MAP COORDS CHANGED — step 4 complete ^^^
  f=58     [npc4  ] WALKING 255->6  STEP_TYPE 1->2  STEP_DURATION 0->7  ACTION 1->2  MAP_X 16->15
  ^^^ [npc4] MAP COORDS CHANGED — step 5 complete ^^^
  f=59     [npc1  ] STEP_DURATION 14->13
  f=59     [npc4  ] STEP_DURATION 7->6  STEP_FRAME 8->9  FACING 8->10  SPRITE_X 218->216
  f=59     [PLAYER] STEP_DURATION 7->6  STEP_FRAME 1->2  SPRITE_X 178->180
  f=61     [npc1  ] STEP_DURATION 13->12
  f=61     [npc4  ] STEP_DURATION 6->5  STEP_FRAME 9->10  SPRITE_X 216->214
  f=61     [PLAYER] STEP_DURATION 6->5  STEP_FRAME 2->3  SPRITE_X 180->182
  f=63     [npc1  ] STEP_DURATION 12->11
  f=63     [npc4  ] STEP_DURATION 5->4  STEP_FRAME 10->11  SPRITE_X 214->212
  f=63     [PLAYER] STEP_DURATION 5->4  STEP_FRAME 3->4  FACING 12->13  SPRITE_X 182->184
  f=65     [npc1  ] STEP_DURATION 11->10
  f=65     [npc4  ] STEP_DURATION 4->3  STEP_FRAME 11->12  FACING 10->11  SPRITE_X 212->210
  f=65     [PLAYER] STEP_DURATION 4->3  STEP_FRAME 4->5  SPRITE_X 184->186
  f=67     [npc1  ] STEP_DURATION 10->9
  f=67     [npc4  ] STEP_DURATION 3->2  STEP_FRAME 12->13  SPRITE_X 210->208
  f=67     [PLAYER] STEP_DURATION 3->2  STEP_FRAME 5->6  SPRITE_X 186->188
  f=69     [npc1  ] STEP_DURATION 9->8
  f=69     [npc4  ] STEP_DURATION 2->1  STEP_FRAME 13->14  SPRITE_X 208->206
  f=69     [PLAYER] STEP_DURATION 2->1  STEP_FRAME 6->7  SPRITE_X 188->190
  f=71     [npc1  ] STEP_DURATION 8->7
  f=71     [npc4  ] WALKING 6->255  STEP_TYPE 2->1  STEP_DURATION 1->0  STEP_FRAME 14->15  LAST_MAP_X 16->15  SPRITE_X 206->204
  f=71     [PLAYER] WALKING 7->255  STEP_TYPE 6->1  STEP_DURATION 1->0  STEP_FRAME 7->8  FACING 13->14  LAST_MAP_X 13->14  SPRITE_X 190->192
  f=73     [npc1  ] STEP_DURATION 7->6
  f=73     [npc4  ] DIRECTION 8->4  STEP_TYPE 1->3  STEP_DURATION 0->71  ACTION 2->1  STEP_FRAME 15->0  FACING 11->4
  f=73     [PLAYER] ACTION 2->1  FACING 14->12  STEP_INDEX 1->0
  f=75     [npc1  ] STEP_DURATION 6->5
  f=75     [npc4  ] STEP_DURATION 71->70
  f=77     [npc1  ] STEP_DURATION 5->4
  f=77     [npc4  ] STEP_DURATION 70->69
  f=79     [npc1  ] STEP_DURATION 4->3
  f=79     [npc4  ] STEP_DURATION 69->68
  f=79     [PLAYER] STEP_TYPE 1->10  STEP_DURATION 0->1  ACTION 1->2  STEP_FRAME 8->3  STEP_INDEX 0->1
  f=81     [npc1  ] STEP_DURATION 3->2
  f=81     [npc4  ] STEP_DURATION 68->67
  f=81     [PLAYER] DIRECTION 12->4  STEP_FRAME 3->4  FACING 12->5  STEP_INDEX 1->3
  f=83     [npc1  ] STEP_DURATION 2->1
  f=83     [npc4  ] STEP_DURATION 67->66
  f=83     [PLAYER] STEP_TYPE 10->1  STEP_DURATION 1->0  STEP_FRAME 4->5
  f=85     [npc1  ] STEP_TYPE 3->1  STEP_DURATION 1->0
  f=85     [npc4  ] STEP_DURATION 66->65
  f=85     [PLAYER] ACTION 2->1  STEP_FRAME 5->6  STEP_INDEX 3->0
  f=87     [npc1  ] STEP_TYPE 1->3  STEP_DURATION 0->80
  f=87     [npc4  ] STEP_DURATION 65->64
  f=87     [PLAYER] STEP_FRAME 6->7
  f=89     [npc1  ] STEP_DURATION 80->79
  f=89     [npc4  ] STEP_DURATION 64->63
  f=89     [PLAYER] STEP_FRAME 7->8  FACING 5->6
  f=91     [npc1  ] STEP_DURATION 79->78
  f=91     [npc4  ] STEP_DURATION 63->62
  f=91     [PLAYER] FACING 6->4
  f=93     [npc1  ] STEP_DURATION 78->77
  f=93     [npc4  ] STEP_DURATION 62->61
  f=95     [npc1  ] STEP_DURATION 77->76
  f=95     [npc4  ] STEP_DURATION 61->60
  f=97     [npc1  ] STEP_DURATION 76->75
  f=97     [npc4  ] STEP_DURATION 60->59
  f=100    [npc1  ] STEP_DURATION 75->74
  f=100    [npc4  ] STEP_DURATION 59->58
  f=101    [npc1  ] STEP_DURATION 74->73
  f=101    [npc4  ] STEP_DURATION 58->57
  f=103    [npc1  ] STEP_DURATION 73->72
  f=103    [npc4  ] STEP_DURATION 57->56
  f=105    [npc1  ] STEP_DURATION 72->71
  f=105    [npc4  ] STEP_DURATION 56->55
  f=107    [npc1  ] STEP_DURATION 71->70
  f=107    [npc4  ] STEP_DURATION 55->54
  f=109    [npc1  ] STEP_DURATION 70->69
  f=109    [npc4  ] STEP_DURATION 54->53
  f=111    [npc1  ] STEP_DURATION 69->68
  f=111    [npc4  ] STEP_DURATION 53->52
  f=113    [npc1  ] STEP_DURATION 68->67
  f=113    [npc4  ] STEP_DURATION 52->51
  f=115    [npc1  ] STEP_DURATION 67->66
  f=115    [npc4  ] STEP_DURATION 51->50
  f=117    [npc1  ] STEP_DURATION 66->65
  f=117    [npc4  ] STEP_DURATION 50->49
  f=119    [npc1  ] STEP_DURATION 65->64
  f=119    [npc4  ] STEP_DURATION 49->48
  f=121    [npc1  ] STEP_DURATION 64->63
  f=121    [npc4  ] STEP_DURATION 48->47
  f=123    [npc1  ] STEP_DURATION 63->62
  f=123    [npc4  ] STEP_DURATION 47->46
  f=125    [npc1  ] STEP_DURATION 62->61
  f=125    [npc4  ] STEP_DURATION 46->45
  f=127    [npc1  ] STEP_DURATION 61->60
  f=127    [npc4  ] STEP_DURATION 45->44
  f=129    [npc1  ] STEP_DURATION 60->59
  f=129    [npc4  ] STEP_DURATION 44->43
  f=131    [npc1  ] STEP_DURATION 59->58
  f=131    [npc4  ] STEP_DURATION 43->42
  f=133    [npc1  ] STEP_DURATION 58->57
  f=133    [npc4  ] STEP_DURATION 42->41
  f=135    [npc1  ] STEP_DURATION 57->56
  f=135    [npc4  ] STEP_DURATION 41->40
  f=137    [npc1  ] STEP_DURATION 56->55
  f=137    [npc4  ] STEP_DURATION 40->39
  f=139    [npc1  ] STEP_DURATION 55->54
  f=139    [npc4  ] STEP_DURATION 39->38
  f=141    [npc1  ] STEP_DURATION 54->53
  f=141    [npc4  ] STEP_DURATION 38->37
  f=143    [npc1  ] STEP_DURATION 53->52
  f=143    [npc4  ] STEP_DURATION 37->36
  f=145    [npc1  ] STEP_DURATION 52->51
  f=145    [npc4  ] STEP_DURATION 36->35
  f=147    [npc1  ] STEP_DURATION 51->50
  f=147    [npc4  ] STEP_DURATION 35->34
  f=149    [npc1  ] STEP_DURATION 50->49
  f=149    [npc4  ] STEP_DURATION 34->33
  f=151    [npc1  ] STEP_DURATION 49->48
  f=151    [npc4  ] STEP_DURATION 33->32
  f=153    [npc1  ] STEP_DURATION 48->47
  f=153    [npc4  ] STEP_DURATION 32->31
  f=155    [npc1  ] STEP_DURATION 47->46
  f=155    [npc4  ] STEP_DURATION 31->30
  f=157    [npc1  ] STEP_DURATION 46->45
  f=157    [npc4  ] STEP_DURATION 30->29
  f=159    [npc1  ] STEP_DURATION 45->44
  f=159    [npc4  ] STEP_DURATION 29->28
  f=161    [npc1  ] STEP_DURATION 44->43
  f=161    [npc4  ] STEP_DURATION 28->27
  f=163    [npc1  ] STEP_DURATION 43->42
  f=163    [npc4  ] STEP_DURATION 27->26
  f=165    [npc1  ] STEP_DURATION 42->41
  f=165    [npc4  ] STEP_DURATION 26->25
  f=167    [npc1  ] STEP_DURATION 41->40
  f=167    [npc4  ] STEP_DURATION 25->24
  f=169    [npc1  ] STEP_DURATION 40->39
  f=169    [npc4  ] STEP_DURATION 24->23
  f=171    [npc1  ] STEP_DURATION 39->38
  f=171    [npc4  ] STEP_DURATION 23->22
  f=173    [npc1  ] STEP_DURATION 38->37
  f=173    [npc4  ] STEP_DURATION 22->21
  f=175    [npc1  ] STEP_DURATION 37->36
  f=175    [npc4  ] STEP_DURATION 21->20
  f=177    [npc1  ] STEP_DURATION 36->35
  f=177    [npc4  ] STEP_DURATION 20->19
  f=179    [npc1  ] STEP_DURATION 35->34
  f=179    [npc4  ] STEP_DURATION 19->18
  f=181    [npc1  ] STEP_DURATION 34->33
  f=181    [npc4  ] STEP_DURATION 18->17
  f=183    [npc1  ] STEP_DURATION 33->32
  f=183    [npc4  ] STEP_DURATION 17->16
  f=185    [npc1  ] STEP_DURATION 32->31
  f=185    [npc4  ] STEP_DURATION 16->15
  f=187    [npc1  ] STEP_DURATION 31->30
  f=187    [npc4  ] STEP_DURATION 15->14
  f=189    [npc1  ] STEP_DURATION 30->29
  f=189    [npc4  ] STEP_DURATION 14->13
  f=191    [npc1  ] STEP_DURATION 29->28
  f=191    [npc4  ] STEP_DURATION 13->12
  f=193    [npc1  ] STEP_DURATION 28->27
  f=193    [npc4  ] STEP_DURATION 12->11
  f=195    [npc1  ] STEP_DURATION 27->26
  f=195    [npc4  ] STEP_DURATION 11->10
  f=197    [npc1  ] STEP_DURATION 26->25
  f=197    [npc4  ] STEP_DURATION 10->9
  f=199    [npc1  ] STEP_DURATION 25->24
  f=199    [npc4  ] STEP_DURATION 9->8
  f=201    [npc1  ] STEP_DURATION 24->23
  f=201    [npc4  ] STEP_DURATION 8->7
  f=203    [npc1  ] STEP_DURATION 23->22
  f=203    [npc4  ] STEP_DURATION 7->6
  f=205    [npc1  ] STEP_DURATION 22->21
  f=205    [npc4  ] STEP_DURATION 6->5
  f=207    [npc1  ] STEP_DURATION 21->20
  f=207    [npc4  ] STEP_DURATION 5->4
  f=209    [npc1  ] STEP_DURATION 20->19
  f=209    [npc4  ] STEP_DURATION 4->3
  f=211    [npc1  ] STEP_DURATION 19->18
  f=211    [npc4  ] STEP_DURATION 3->2
  f=213    [npc1  ] STEP_DURATION 18->17
  f=213    [npc4  ] STEP_DURATION 2->1
  f=215    [npc1  ] STEP_DURATION 17->16
  f=215    [npc4  ] STEP_TYPE 3->1  STEP_DURATION 1->0
  f=216    [npc4  ] WALKING 255->6  DIRECTION 4->8  STEP_TYPE 1->2  STEP_DURATION 0->7  ACTION 1->2  FACING 4->8  MAP_X 15->14
  ^^^ [npc4] MAP COORDS CHANGED — step 6 complete ^^^
  f=217    [npc1  ] STEP_DURATION 16->15
  f=217    [npc4  ] STEP_DURATION 7->6  STEP_FRAME 0->1  SPRITE_X 204->202
  f=219    [npc1  ] STEP_DURATION 15->14
  f=219    [npc4  ] STEP_DURATION 6->5  STEP_FRAME 1->2  SPRITE_X 202->200
  f=221    [npc1  ] STEP_DURATION 14->13
  f=221    [npc4  ] STEP_DURATION 5->4  STEP_FRAME 2->3  SPRITE_X 200->198
  f=223    [npc1  ] STEP_DURATION 13->12
  f=223    [npc4  ] STEP_DURATION 4->3  STEP_FRAME 3->4  FACING 8->9  SPRITE_X 198->196
  f=225    [npc1  ] STEP_DURATION 12->11
  f=225    [npc4  ] STEP_DURATION 3->2  STEP_FRAME 4->5  SPRITE_X 196->194
  f=227    [npc1  ] STEP_DURATION 11->10
  f=227    [npc4  ] STEP_DURATION 2->1  STEP_FRAME 5->6  SPRITE_X 194->192
  f=229    [npc1  ] STEP_DURATION 10->9
  f=229    [npc4  ] WALKING 6->255  STEP_TYPE 2->1  STEP_DURATION 1->0  STEP_FRAME 6->7  LAST_MAP_X 15->14  SPRITE_X 192->190
  f=231    [npc1  ] STEP_DURATION 9->8
  f=231    [npc4  ] DIRECTION 8->0  STEP_TYPE 1->3  STEP_DURATION 0->68  ACTION 2->1  STEP_FRAME 7->8  FACING 9->2
  f=233    [npc1  ] STEP_DURATION 8->7
  f=233    [npc4  ] STEP_DURATION 68->67  FACING 2->0
  f=235    [npc1  ] STEP_DURATION 7->6
  f=235    [npc4  ] STEP_DURATION 67->66
  f=237    [npc1  ] STEP_DURATION 6->5
  f=237    [npc4  ] STEP_DURATION 66->65
  f=239    [npc1  ] STEP_DURATION 5->4
  f=239    [npc4  ] STEP_DURATION 65->64
  f=241    [npc1  ] STEP_DURATION 4->3
  f=241    [npc4  ] STEP_DURATION 64->63
  f=243    [npc1  ] STEP_DURATION 3->2
  f=243    [npc4  ] STEP_DURATION 63->62
  f=245    [npc1  ] STEP_DURATION 2->1
  f=245    [npc4  ] STEP_DURATION 62->61
  f=247    [npc1  ] STEP_TYPE 3->1  STEP_DURATION 1->0
  f=247    [npc4  ] STEP_DURATION 61->60
  f=249    [npc1  ] DIRECTION 0->12  STEP_TYPE 1->3  STEP_DURATION 0->50  FACING 0->12
  f=249    [npc4  ] STEP_DURATION 60->59
  f=251    [npc1  ] STEP_DURATION 50->49
  f=251    [npc4  ] STEP_DURATION 59->58
  f=253    [npc1  ] STEP_DURATION 49->48
  f=253    [npc4  ] STEP_DURATION 58->57
  f=255    [npc1  ] STEP_DURATION 48->47
  f=255    [npc4  ] STEP_DURATION 57->56
  f=257    [npc1  ] STEP_DURATION 47->46
  f=257    [npc4  ] STEP_DURATION 56->55
  f=259    [npc1  ] STEP_DURATION 46->45
  f=259    [npc4  ] STEP_DURATION 55->54
  f=261    [npc1  ] STEP_DURATION 45->44
  f=261    [npc4  ] STEP_DURATION 54->53
  f=263    [npc1  ] STEP_DURATION 44->43
  f=263    [npc4  ] STEP_DURATION 53->52
  f=265    [npc1  ] STEP_DURATION 43->42
  f=265    [npc4  ] STEP_DURATION 52->51
  f=267    [npc1  ] STEP_DURATION 42->41
  f=267    [npc4  ] STEP_DURATION 51->50
  f=269    [npc1  ] STEP_DURATION 41->40
  f=269    [npc4  ] STEP_DURATION 50->49
  f=271    [npc1  ] STEP_DURATION 40->39
  f=271    [npc4  ] STEP_DURATION 49->48
  f=273    [npc1  ] STEP_DURATION 39->38
  f=273    [npc4  ] STEP_DURATION 48->47
  f=275    [npc1  ] STEP_DURATION 38->37
  f=275    [npc4  ] STEP_DURATION 47->46
  f=277    [npc1  ] STEP_DURATION 37->36
  f=277    [npc4  ] STEP_DURATION 46->45
  f=279    [npc1  ] STEP_DURATION 36->35
  f=279    [npc4  ] STEP_DURATION 45->44
  f=281    [npc1  ] STEP_DURATION 35->34
  f=281    [npc4  ] STEP_DURATION 44->43
  f=283    [npc1  ] STEP_DURATION 34->33
  f=283    [npc4  ] STEP_DURATION 43->42
  f=285    [npc1  ] STEP_DURATION 33->32
  f=285    [npc4  ] STEP_DURATION 42->41
  f=287    [npc1  ] STEP_DURATION 32->31
  f=287    [npc4  ] STEP_DURATION 41->40
  f=289    [npc1  ] STEP_DURATION 31->30
  f=289    [npc4  ] STEP_DURATION 40->39
  f=291    [npc1  ] STEP_DURATION 30->29
  f=291    [npc4  ] STEP_DURATION 39->38
  f=293    [npc1  ] STEP_DURATION 29->28
  f=293    [npc4  ] STEP_DURATION 38->37
  f=295    [npc1  ] STEP_DURATION 28->27
  f=295    [npc4  ] STEP_DURATION 37->36
  f=297    [npc1  ] STEP_DURATION 27->26
  f=297    [npc4  ] STEP_DURATION 36->35
  f=299    [npc1  ] STEP_DURATION 26->25
  f=299    [npc4  ] STEP_DURATION 35->34
  f=301    [npc1  ] STEP_DURATION 25->24
  f=301    [npc4  ] STEP_DURATION 34->33
  f=303    [npc1  ] STEP_DURATION 24->23
  f=303    [npc4  ] STEP_DURATION 33->32
  f=305    [npc1  ] STEP_DURATION 23->22
  f=305    [npc4  ] STEP_DURATION 32->31
  f=307    [npc1  ] STEP_DURATION 22->21
  f=307    [npc4  ] STEP_DURATION 31->30
  f=309    [npc1  ] STEP_DURATION 21->20
  f=309    [npc4  ] STEP_DURATION 30->29
  f=311    [npc1  ] STEP_DURATION 20->19
  f=311    [npc4  ] STEP_DURATION 29->28
  f=313    [npc1  ] STEP_DURATION 19->18
  f=313    [npc4  ] STEP_DURATION 28->27
  f=315    [npc1  ] STEP_DURATION 18->17
  f=315    [npc4  ] STEP_DURATION 27->26
  f=317    [npc1  ] STEP_DURATION 17->16
  f=317    [npc4  ] STEP_DURATION 26->25
  f=319    [npc1  ] STEP_DURATION 16->15
  f=319    [npc4  ] STEP_DURATION 25->24
  f=321    [npc1  ] STEP_DURATION 15->14
  f=321    [npc4  ] STEP_DURATION 24->23
  f=323    [npc1  ] STEP_DURATION 14->13
  f=323    [npc4  ] STEP_DURATION 23->22
  f=325    [npc1  ] STEP_DURATION 13->12
  f=325    [npc4  ] STEP_DURATION 22->21
  f=327    [npc1  ] STEP_DURATION 12->11
  f=327    [npc4  ] STEP_DURATION 21->20
  f=329    [npc1  ] STEP_DURATION 11->10
  f=329    [npc4  ] STEP_DURATION 20->19
  f=331    [npc1  ] STEP_DURATION 10->9
  f=331    [npc4  ] STEP_DURATION 19->18
  f=333    [npc1  ] STEP_DURATION 9->8
  f=333    [npc4  ] STEP_DURATION 18->17
  f=335    [npc1  ] STEP_DURATION 8->7
  f=335    [npc4  ] STEP_DURATION 17->16
  f=337    [npc1  ] STEP_DURATION 7->6
  f=337    [npc4  ] STEP_DURATION 16->15
  f=339    [npc1  ] STEP_DURATION 6->5
  f=339    [npc4  ] STEP_DURATION 15->14
  f=341    [npc1  ] STEP_DURATION 5->4
  f=341    [npc4  ] STEP_DURATION 14->13
  f=343    [npc1  ] STEP_DURATION 4->3
  f=343    [PLAYER] STEP_TYPE 1->10  STEP_DURATION 0->1  ACTION 1->2  STEP_FRAME 8->3  STEP_INDEX 0->1
  f=343    [npc4  ] STEP_DURATION 13->12
  f=345    [npc1  ] STEP_DURATION 3->2
  f=345    [PLAYER] DIRECTION 4->0  STEP_FRAME 3->4  FACING 4->1  STEP_INDEX 1->3
  f=345    [npc4  ] STEP_DURATION 12->11
  f=347    [npc1  ] STEP_DURATION 2->1
  f=347    [PLAYER] STEP_TYPE 10->1  STEP_DURATION 1->0  STEP_FRAME 4->5
  f=347    [npc4  ] STEP_DURATION 11->10
  f=349    [npc1  ] STEP_TYPE 3->1  STEP_DURATION 1->0
  f=349    [PLAYER] ACTION 2->1  STEP_FRAME 5->6  STEP_INDEX 3->0
  f=349    [npc4  ] STEP_DURATION 10->9
  f=351    [npc1  ] DIRECTION 12->8  STEP_TYPE 1->3  STEP_DURATION 0->126  FACING 12->8
  f=351    [PLAYER] STEP_FRAME 6->7
  f=351    [npc4  ] STEP_DURATION 9->8
  f=353    [npc1  ] STEP_DURATION 126->125
  f=353    [PLAYER] STEP_FRAME 7->8  FACING 1->2
  f=353    [npc4  ] STEP_DURATION 8->7
  f=355    [npc1  ] STEP_DURATION 125->124
  f=355    [PLAYER] FACING 2->0
  f=355    [npc4  ] STEP_DURATION 7->6
  f=357    [npc1  ] STEP_DURATION 124->123
  f=357    [npc4  ] STEP_DURATION 6->5
  f=359    [npc1  ] STEP_DURATION 123->122
  f=359    [npc4  ] STEP_DURATION 5->4
  f=361    [npc1  ] STEP_DURATION 122->121
  f=361    [npc4  ] STEP_DURATION 4->3
  f=363    [npc1  ] STEP_DURATION 121->120
  f=363    [npc4  ] STEP_DURATION 3->2
  f=365    [npc1  ] STEP_DURATION 120->119
  f=365    [npc4  ] STEP_DURATION 2->1
  f=367    [npc1  ] STEP_DURATION 119->118
  f=367    [npc4  ] STEP_TYPE 3->1  STEP_DURATION 1->0
  f=368    [npc4  ] WALKING 255->6  DIRECTION 0->8  STEP_TYPE 1->2  STEP_DURATION 0->7  ACTION 1->2  FACING 0->8  MAP_X 14->13
  ^^^ [npc4] MAP COORDS CHANGED — step 7 complete ^^^
  f=369    [npc1  ] STEP_DURATION 118->117
  f=369    [npc4  ] STEP_DURATION 7->6  STEP_FRAME 8->9  FACING 8->10  SPRITE_X 190->188
  f=371    [npc1  ] STEP_DURATION 117->116
  f=371    [npc4  ] STEP_DURATION 6->5  STEP_FRAME 9->10  SPRITE_X 188->186
  f=373    [npc1  ] STEP_DURATION 116->115
  f=373    [npc4  ] STEP_DURATION 5->4  STEP_FRAME 10->11  SPRITE_X 186->184
  f=375    [npc1  ] STEP_DURATION 115->114
  f=375    [npc4  ] STEP_DURATION 4->3  STEP_FRAME 11->12  FACING 10->11  SPRITE_X 184->182
  f=377    [npc1  ] STEP_DURATION 114->113
  f=377    [npc4  ] STEP_DURATION 3->2  STEP_FRAME 12->13  SPRITE_X 182->180
  f=379    [npc1  ] STEP_DURATION 113->112
  f=379    [PLAYER] WALKING 255->4  STEP_TYPE 1->6  STEP_DURATION 0->7  ACTION 1->2  STEP_FRAME 8->9  FACING 0->2  MAP_Y 10->11  SPRITE_Y 128->130  STEP_INDEX 0->1
  ^^^ [PLAYER] MAP COORDS CHANGED — step 8 complete ^^^
  f=379    [npc4  ] STEP_DURATION 2->1  STEP_FRAME 13->14  SPRITE_X 180->178
  f=381    [npc1  ] STEP_DURATION 112->111
  f=381    [PLAYER] STEP_DURATION 7->6  STEP_FRAME 9->10  SPRITE_Y 130->132
  f=381    [npc4  ] WALKING 6->255  STEP_TYPE 2->1  STEP_DURATION 1->0  STEP_FRAME 14->15  LAST_MAP_X 14->13  SPRITE_X 178->176
  f=383    [npc1  ] STEP_DURATION 111->110
  f=383    [PLAYER] STEP_DURATION 6->5  STEP_FRAME 10->11  SPRITE_Y 132->134
  f=383    [npc4  ] DIRECTION 8->4  STEP_TYPE 1->3  STEP_DURATION 0->11  ACTION 2->1  STEP_FRAME 15->0  FACING 11->4
  f=385    [npc1  ] STEP_DURATION 110->109
  f=385    [PLAYER] STEP_DURATION 5->4  STEP_FRAME 11->12  FACING 2->3  SPRITE_Y 134->136
  f=385    [npc4  ] STEP_DURATION 11->10
  f=387    [npc1  ] STEP_DURATION 109->108
  f=387    [PLAYER] STEP_DURATION 4->3  STEP_FRAME 12->13  SPRITE_Y 136->138
  f=387    [npc4  ] STEP_DURATION 10->9
  f=389    [npc1  ] STEP_DURATION 108->107
  f=389    [PLAYER] STEP_DURATION 3->2  STEP_FRAME 13->14  SPRITE_Y 138->140
  f=389    [npc4  ] STEP_DURATION 9->8
  f=391    [npc1  ] STEP_DURATION 107->106
  f=391    [PLAYER] STEP_DURATION 2->1  STEP_FRAME 14->15  SPRITE_Y 140->142
  f=391    [npc4  ] STEP_DURATION 8->7
  f=393    [npc1  ] STEP_DURATION 106->105
  f=393    [PLAYER] WALKING 4->255  STEP_TYPE 6->1  STEP_DURATION 1->0  STEP_FRAME 15->0  FACING 3->0  LAST_MAP_Y 10->11  SPRITE_Y 142->144
  f=393    [npc4  ] STEP_DURATION 7->6
  f=395    [npc1  ] STEP_DURATION 105->104
  f=395    [PLAYER] ACTION 2->1  STEP_INDEX 1->0
  f=395    [npc4  ] STEP_DURATION 6->5
  f=397    [npc1  ] STEP_DURATION 104->103
  f=397    [npc4  ] STEP_DURATION 5->4
  f=399    [npc1  ] STEP_DURATION 103->102
  f=399    [npc4  ] STEP_DURATION 4->3
  f=401    [npc1  ] STEP_DURATION 102->101
  f=401    [npc4  ] STEP_DURATION 3->2
  f=403    [npc1  ] STEP_DURATION 101->100
  f=403    [npc4  ] STEP_DURATION 2->1
  f=405    [npc1  ] STEP_DURATION 100->99
  f=405    [PLAYER] STEP_TYPE 1->10  STEP_DURATION 0->1  ACTION 1->2  STEP_FRAME 0->3  STEP_INDEX 0->1
  f=405    [npc4  ] STEP_TYPE 3->1  STEP_DURATION 1->0
  f=406    [npc4  ] WALKING 255->6  DIRECTION 4->8  STEP_TYPE 1->2  STEP_DURATION 0->7  ACTION 1->2  FACING 4->8  MAP_X 13->12
  ^^^ [npc4] MAP COORDS CHANGED — step 9 complete ^^^
  f=407    [npc1  ] STEP_DURATION 99->98
  f=407    [PLAYER] DIRECTION 0->4  STEP_FRAME 3->4  FACING 0->5  STEP_INDEX 1->3
  f=407    [npc4  ] STEP_DURATION 7->6  STEP_FRAME 0->1  SPRITE_X 176->174
  f=409    [npc1  ] STEP_DURATION 98->97
  f=409    [PLAYER] STEP_TYPE 10->1  STEP_DURATION 1->0  STEP_FRAME 4->5
  f=409    [npc4  ] STEP_DURATION 6->5  STEP_FRAME 1->2  SPRITE_X 174->172
  f=411    [npc1  ] STEP_DURATION 97->96
  f=411    [PLAYER] ACTION 2->1  STEP_FRAME 5->6  STEP_INDEX 3->0
  f=411    [npc4  ] STEP_DURATION 5->4  STEP_FRAME 2->3  SPRITE_X 172->170
  f=413    [npc1  ] STEP_DURATION 96->95
  f=413    [PLAYER] STEP_FRAME 6->7
  f=413    [npc4  ] STEP_DURATION 4->3  STEP_FRAME 3->4  FACING 8->9  SPRITE_X 170->168
  f=415    [npc1  ] STEP_DURATION 95->94
  f=415    [PLAYER] STEP_FRAME 7->8  FACING 5->6
  f=415    [npc4  ] STEP_DURATION 3->2  STEP_FRAME 4->5  SPRITE_X 168->166
  f=417    [npc1  ] STEP_DURATION 94->93
  f=417    [PLAYER] FACING 6->4
  f=417    [npc4  ] STEP_DURATION 2->1  STEP_FRAME 5->6  SPRITE_X 166->164
  f=419    [npc1  ] STEP_DURATION 93->92
  f=419    [npc4  ] WALKING 6->255  STEP_TYPE 2->1  STEP_DURATION 1->0  STEP_FRAME 6->7  LAST_MAP_X 13->12  SPRITE_X 164->162
  f=421    [npc1  ] STEP_DURATION 92->91
  f=421    [npc4  ] DIRECTION 8->0  STEP_TYPE 1->3  STEP_DURATION 0->35  ACTION 2->1  STEP_FRAME 7->8  FACING 9->2
  f=423    [npc1  ] STEP_DURATION 91->90
  f=423    [npc4  ] STEP_DURATION 35->34  FACING 2->0
  f=425    [npc1  ] STEP_DURATION 90->89
  f=425    [npc4  ] STEP_DURATION 34->33
  f=427    [npc1  ] STEP_DURATION 89->88
  f=427    [npc4  ] STEP_DURATION 33->32
  f=429    [npc1  ] STEP_DURATION 88->87
  f=429    [npc4  ] STEP_DURATION 32->31
  f=431    [npc1  ] STEP_DURATION 87->86
  f=431    [npc4  ] STEP_DURATION 31->30
  f=433    [npc1  ] STEP_DURATION 86->85
  f=433    [PLAYER] WALKING 255->5  STEP_TYPE 1->6  STEP_DURATION 0->7  ACTION 1->2  STEP_FRAME 8->9  FACING 4->6  MAP_Y 11->10  SPRITE_Y 144->142  STEP_INDEX 0->1
  ^^^ [PLAYER] MAP COORDS CHANGED — step 10 complete ^^^
  f=433    [npc4  ] STEP_DURATION 30->29
  f=435    [npc1  ] STEP_DURATION 85->84
  f=435    [PLAYER] STEP_DURATION 7->6  STEP_FRAME 9->10  SPRITE_Y 142->140
  f=435    [npc4  ] STEP_DURATION 29->28
  f=437    [npc1  ] STEP_DURATION 84->83
  f=437    [PLAYER] STEP_DURATION 6->5  STEP_FRAME 10->11  SPRITE_Y 140->138
  f=437    [npc4  ] STEP_DURATION 28->27
  f=439    [npc1  ] STEP_DURATION 83->82
  f=439    [PLAYER] STEP_DURATION 5->4  STEP_FRAME 11->12  FACING 6->7  SPRITE_Y 138->136
  f=439    [npc4  ] STEP_DURATION 27->26
  f=441    [npc1  ] STEP_DURATION 82->81
  f=441    [PLAYER] STEP_DURATION 4->3  STEP_FRAME 12->13  SPRITE_Y 136->134
  f=441    [npc4  ] STEP_DURATION 26->25
  f=443    [npc1  ] STEP_DURATION 81->80
  f=443    [PLAYER] STEP_DURATION 3->2  STEP_FRAME 13->14  SPRITE_Y 134->132
  f=443    [npc4  ] STEP_DURATION 25->24
  f=445    [npc1  ] STEP_DURATION 80->79
  f=445    [PLAYER] STEP_DURATION 2->1  STEP_FRAME 14->15  SPRITE_Y 132->130
  f=445    [npc4  ] STEP_DURATION 24->23
  f=447    [npc1  ] STEP_DURATION 79->78
  f=447    [PLAYER] WALKING 5->255  STEP_TYPE 6->1  STEP_DURATION 1->0  STEP_FRAME 15->0  FACING 7->4  LAST_MAP_Y 11->10  SPRITE_Y 130->128
  f=447    [npc4  ] STEP_DURATION 23->22
  f=449    [npc1  ] STEP_DURATION 78->77
  f=449    [PLAYER] ACTION 2->1  STEP_INDEX 1->0
  f=449    [npc4  ] STEP_DURATION 22->21
  f=451    [npc1  ] STEP_DURATION 77->76
  f=451    [npc4  ] STEP_DURATION 21->20
  f=453    [npc1  ] STEP_DURATION 76->75
  f=453    [npc4  ] STEP_DURATION 20->19
  f=455    [npc1  ] STEP_DURATION 75->74
  f=455    [npc4  ] STEP_DURATION 19->18
  f=457    [npc1  ] STEP_DURATION 74->73
  f=457    [npc4  ] STEP_DURATION 18->17
  f=459    [npc1  ] STEP_DURATION 73->72
  f=459    [npc4  ] STEP_DURATION 17->16
  f=461    [npc1  ] STEP_DURATION 72->71
  f=461    [npc4  ] STEP_DURATION 16->15
  f=463    [npc1  ] STEP_DURATION 71->70
  f=463    [npc4  ] STEP_DURATION 15->14
  f=465    [npc1  ] STEP_DURATION 70->69
  f=465    [npc4  ] STEP_DURATION 14->13
  f=467    [npc1  ] STEP_DURATION 69->68
  f=467    [npc4  ] STEP_DURATION 13->12
  f=469    [npc1  ] STEP_DURATION 68->67
  f=469    [npc4  ] STEP_DURATION 12->11
  f=471    [npc1  ] STEP_DURATION 67->66
  f=471    [npc4  ] STEP_DURATION 11->10
  f=473    [npc1  ] STEP_DURATION 66->65
  f=473    [npc4  ] STEP_DURATION 10->9
  f=475    [npc1  ] STEP_DURATION 65->64
  f=475    [npc4  ] STEP_DURATION 9->8
  f=477    [npc1  ] STEP_DURATION 64->63
  f=477    [npc4  ] STEP_DURATION 8->7
  f=479    [npc1  ] STEP_DURATION 63->62
  f=479    [npc4  ] STEP_DURATION 7->6
  f=481    [npc1  ] STEP_DURATION 62->61
  f=481    [npc4  ] STEP_DURATION 6->5
  f=483    [npc1  ] STEP_DURATION 61->60
  f=483    [npc4  ] STEP_DURATION 5->4
  f=485    [npc1  ] STEP_DURATION 60->59
  f=485    [npc4  ] STEP_DURATION 4->3
  f=487    [npc1  ] STEP_DURATION 59->58
  f=487    [npc4  ] STEP_DURATION 3->2
  f=489    [npc1  ] STEP_DURATION 58->57
  f=489    [npc4  ] STEP_DURATION 2->1
  f=491    [npc1  ] STEP_DURATION 57->56
  f=491    [npc4  ] STEP_TYPE 3->1  STEP_DURATION 1->0
  f=492    [npc4  ] WALKING 255->7  DIRECTION 0->12  STEP_TYPE 1->2  STEP_DURATION 0->7  ACTION 1->2  FACING 0->12  MAP_X 12->13
  ^^^ [npc4] MAP COORDS CHANGED — step 11 complete ^^^
  f=493    [npc1  ] STEP_DURATION 56->55
  f=493    [npc4  ] STEP_DURATION 7->6  STEP_FRAME 8->9  FACING 12->14  SPRITE_X 162->164
  f=495    [npc1  ] STEP_DURATION 55->54
  f=495    [npc4  ] STEP_DURATION 6->5  STEP_FRAME 9->10  SPRITE_X 164->166
  f=497    [npc1  ] STEP_DURATION 54->53
  f=497    [npc4  ] STEP_DURATION 5->4  STEP_FRAME 10->11  SPRITE_X 166->168
  f=499    [npc1  ] STEP_DURATION 53->52
  f=499    [npc4  ] STEP_DURATION 4->3  STEP_FRAME 11->12  FACING 14->15  SPRITE_X 168->170
  f=501    [npc1  ] STEP_DURATION 52->51
  f=501    [npc4  ] STEP_DURATION 3->2  STEP_FRAME 12->13  SPRITE_X 170->172
  f=503    [npc1  ] STEP_DURATION 51->50
  f=503    [npc4  ] STEP_DURATION 2->1  STEP_FRAME 13->14  SPRITE_X 172->174
  f=505    [npc1  ] STEP_DURATION 50->49
  f=505    [npc4  ] WALKING 7->255  STEP_TYPE 2->1  STEP_DURATION 1->0  STEP_FRAME 14->15  LAST_MAP_X 12->13  SPRITE_X 174->176
  f=507    [npc1  ] STEP_DURATION 49->48
  f=507    [npc4  ] DIRECTION 12->0  STEP_TYPE 1->3  STEP_DURATION 0->25  ACTION 2->1  STEP_FRAME 15->0  FACING 15->0
  f=509    [npc1  ] STEP_DURATION 48->47
  f=509    [npc4  ] STEP_DURATION 25->24
  f=511    [npc1  ] STEP_DURATION 47->46
  f=511    [npc4  ] STEP_DURATION 24->23
  f=513    [npc1  ] STEP_DURATION 46->45
  f=513    [npc4  ] STEP_DURATION 23->22
  f=515    [npc1  ] STEP_DURATION 45->44
  f=515    [npc4  ] STEP_DURATION 22->21
  f=517    [npc1  ] STEP_DURATION 44->43
  f=517    [npc4  ] STEP_DURATION 21->20
  f=519    [npc1  ] STEP_DURATION 43->42
  f=519    [npc4  ] STEP_DURATION 20->19
  f=521    [npc1  ] STEP_DURATION 42->41
  f=521    [npc4  ] STEP_DURATION 19->18
  f=523    [npc1  ] STEP_DURATION 41->40
  f=523    [npc4  ] STEP_DURATION 18->17
  f=525    [npc1  ] STEP_DURATION 40->39
  f=525    [npc4  ] STEP_DURATION 17->16
  f=527    [npc1  ] STEP_DURATION 39->38
  f=527    [npc4  ] STEP_DURATION 16->15
  f=529    [npc1  ] STEP_DURATION 38->37
  f=529    [npc4  ] STEP_DURATION 15->14
  f=531    [npc1  ] STEP_DURATION 37->36
  f=531    [npc4  ] STEP_DURATION 14->13
  f=533    [npc1  ] STEP_DURATION 36->35
  f=533    [npc4  ] STEP_DURATION 13->12
  f=535    [npc1  ] STEP_DURATION 35->34
  f=535    [npc4  ] STEP_DURATION 12->11
  f=537    [npc1  ] STEP_DURATION 34->33
  f=537    [npc4  ] STEP_DURATION 11->10
  f=539    [npc1  ] STEP_DURATION 33->32
  f=539    [npc4  ] STEP_DURATION 10->9
  f=541    [npc1  ] STEP_DURATION 32->31
  f=541    [npc4  ] STEP_DURATION 9->8
  f=543    [npc1  ] STEP_DURATION 31->30
  f=543    [npc4  ] STEP_DURATION 8->7
  f=545    [npc1  ] STEP_DURATION 30->29
  f=545    [npc4  ] STEP_DURATION 7->6
  f=547    [npc1  ] STEP_DURATION 29->28
  f=547    [npc4  ] STEP_DURATION 6->5
  f=549    [npc1  ] STEP_DURATION 28->27
  f=549    [npc4  ] STEP_DURATION 5->4
  f=551    [npc1  ] STEP_DURATION 27->26
  f=551    [npc4  ] STEP_DURATION 4->3
  f=553    [npc1  ] STEP_DURATION 26->25
  f=553    [npc4  ] STEP_DURATION 3->2
  f=555    [npc1  ] STEP_DURATION 25->24
  f=555    [npc4  ] STEP_DURATION 2->1
  f=557    [npc1  ] STEP_DURATION 24->23
  f=557    [npc4  ] STEP_TYPE 3->1  STEP_DURATION 1->0
  f=558    [npc4  ] WALKING 255->7  DIRECTION 0->12  STEP_TYPE 1->2  STEP_DURATION 0->7  ACTION 1->2  FACING 0->12  MAP_X 13->14
  ^^^ [npc4] MAP COORDS CHANGED — step 12 complete ^^^
  f=559    [npc1  ] STEP_DURATION 23->22
  f=559    [npc4  ] STEP_DURATION 7->6  STEP_FRAME 0->1  SPRITE_X 176->178
  f=561    [npc1  ] STEP_DURATION 22->21
  f=561    [npc4  ] STEP_DURATION 6->5  STEP_FRAME 1->2  SPRITE_X 178->180
  f=563    [npc1  ] STEP_DURATION 21->20
  f=563    [npc4  ] STEP_DURATION 5->4  STEP_FRAME 2->3  SPRITE_X 180->182
  f=565    [npc1  ] STEP_DURATION 20->19
  f=565    [npc4  ] STEP_DURATION 4->3  STEP_FRAME 3->4  FACING 12->13  SPRITE_X 182->184
  f=567    [npc1  ] STEP_DURATION 19->18
  f=567    [npc4  ] STEP_DURATION 3->2  STEP_FRAME 4->5  SPRITE_X 184->186
  f=569    [npc1  ] STEP_DURATION 18->17
  f=569    [npc4  ] STEP_DURATION 2->1  STEP_FRAME 5->6  SPRITE_X 186->188
  f=571    [npc1  ] STEP_DURATION 17->16
  f=571    [npc4  ] WALKING 7->255  STEP_TYPE 2->1  STEP_DURATION 1->0  STEP_FRAME 6->7  LAST_MAP_X 13->14  SPRITE_X 188->190
  f=573    [npc1  ] STEP_DURATION 16->15
  f=573    [npc4  ] DIRECTION 12->8  STEP_TYPE 1->3  STEP_DURATION 0->83  ACTION 2->1  STEP_FRAME 7->8  FACING 13->10
  f=575    [npc1  ] STEP_DURATION 15->14
  f=575    [npc4  ] STEP_DURATION 83->82  FACING 10->8
  f=577    [npc1  ] STEP_DURATION 14->13
  f=577    [npc4  ] STEP_DURATION 82->81
  f=579    [npc1  ] STEP_DURATION 13->12
  f=579    [npc4  ] STEP_DURATION 81->80
  f=581    [npc1  ] STEP_DURATION 12->11
  f=581    [npc4  ] STEP_DURATION 80->79
  f=583    [npc1  ] STEP_DURATION 11->10
  f=583    [npc4  ] STEP_DURATION 79->78
  f=585    [npc1  ] STEP_DURATION 10->9
  f=585    [npc4  ] STEP_DURATION 78->77
  f=587    [npc1  ] STEP_DURATION 9->8
  f=587    [npc4  ] STEP_DURATION 77->76
  f=589    [npc1  ] STEP_DURATION 8->7
  f=589    [npc4  ] STEP_DURATION 76->75
  f=591    [npc1  ] STEP_DURATION 7->6
  f=591    [npc4  ] STEP_DURATION 75->74
  f=593    [npc1  ] STEP_DURATION 6->5
  f=593    [npc4  ] STEP_DURATION 74->73
  f=595    [npc1  ] STEP_DURATION 5->4
  f=595    [npc4  ] STEP_DURATION 73->72
  f=597    [npc1  ] STEP_DURATION 4->3
  f=597    [npc4  ] STEP_DURATION 72->71
  f=599    [npc1  ] STEP_DURATION 3->2
  f=599    [npc4  ] STEP_DURATION 71->70
  f=601    [npc1  ] STEP_DURATION 2->1
  f=601    [npc4  ] STEP_DURATION 70->69
  f=603    [npc1  ] STEP_TYPE 3->1  STEP_DURATION 1->0
  f=603    [npc4  ] STEP_DURATION 69->68
  f=605    [npc1  ] DIRECTION 8->12  STEP_TYPE 1->3  STEP_DURATION 0->121  FACING 8->12
  f=605    [npc4  ] STEP_DURATION 68->67
  f=607    [npc1  ] STEP_DURATION 121->120
  f=607    [npc4  ] STEP_DURATION 67->66
  f=609    [npc1  ] STEP_DURATION 120->119
  f=609    [npc4  ] STEP_DURATION 66->65
  f=611    [npc1  ] STEP_DURATION 119->118
  f=611    [npc4  ] STEP_DURATION 65->64
  f=613    [npc1  ] STEP_DURATION 118->117
  f=613    [npc4  ] STEP_DURATION 64->63
  f=615    [npc1  ] STEP_DURATION 117->116
  f=615    [npc4  ] STEP_DURATION 63->62
  f=617    [npc1  ] STEP_DURATION 116->115
  f=617    [npc4  ] STEP_DURATION 62->61
  f=619    [npc1  ] STEP_DURATION 115->114
  f=619    [npc4  ] STEP_DURATION 61->60
  f=621    [npc1  ] STEP_DURATION 114->113
  f=621    [npc4  ] STEP_DURATION 60->59
  f=623    [npc1  ] STEP_DURATION 113->112
  f=623    [npc4  ] STEP_DURATION 59->58
  f=625    [npc1  ] STEP_DURATION 112->111
  f=625    [npc4  ] STEP_DURATION 58->57
  f=627    [npc1  ] STEP_DURATION 111->110
  f=627    [npc4  ] STEP_DURATION 57->56
  f=629    [npc1  ] STEP_DURATION 110->109
  f=629    [npc4  ] STEP_DURATION 56->55
  f=631    [npc1  ] STEP_DURATION 109->108
  f=631    [npc4  ] STEP_DURATION 55->54
  f=633    [npc1  ] STEP_DURATION 108->107
  f=633    [npc4  ] STEP_DURATION 54->53
  f=635    [npc1  ] STEP_DURATION 107->106
  f=635    [npc4  ] STEP_DURATION 53->52
  f=637    [npc1  ] STEP_DURATION 106->105
  f=637    [npc4  ] STEP_DURATION 52->51
  f=639    [npc1  ] STEP_DURATION 105->104
  f=639    [npc4  ] STEP_DURATION 51->50
  f=641    [npc1  ] STEP_DURATION 104->103
  f=641    [npc4  ] STEP_DURATION 50->49
  f=643    [npc1  ] STEP_DURATION 103->102
  f=643    [npc4  ] STEP_DURATION 49->48
  f=645    [npc1  ] STEP_DURATION 102->101
  f=645    [npc4  ] STEP_DURATION 48->47
  f=647    [npc1  ] STEP_DURATION 101->100
  f=647    [npc4  ] STEP_DURATION 47->46
  f=649    [npc1  ] STEP_DURATION 100->99
  f=649    [npc4  ] STEP_DURATION 46->45
  f=651    [npc1  ] STEP_DURATION 99->98
  f=651    [npc4  ] STEP_DURATION 45->44
  f=653    [npc1  ] STEP_DURATION 98->97
  f=653    [npc4  ] STEP_DURATION 44->43
  f=655    [npc1  ] STEP_DURATION 97->96
  f=655    [npc4  ] STEP_DURATION 43->42
  f=657    [npc1  ] STEP_DURATION 96->95
  f=657    [npc4  ] STEP_DURATION 42->41
  f=659    [npc1  ] STEP_DURATION 95->94
  f=659    [npc4  ] STEP_DURATION 41->40
  f=661    [npc1  ] STEP_DURATION 94->93
  f=661    [npc4  ] STEP_DURATION 40->39
  f=663    [npc1  ] STEP_DURATION 93->92
  f=663    [npc4  ] STEP_DURATION 39->38
  f=665    [npc1  ] STEP_DURATION 92->91
  f=665    [npc4  ] STEP_DURATION 38->37
  f=667    [npc1  ] STEP_DURATION 91->90
  f=667    [npc4  ] STEP_DURATION 37->36
  f=669    [npc1  ] STEP_DURATION 90->89
  f=669    [npc4  ] STEP_DURATION 36->35
  f=671    [npc1  ] STEP_DURATION 89->88
  f=671    [npc4  ] STEP_DURATION 35->34
  f=673    [npc1  ] STEP_DURATION 88->87
  f=673    [npc4  ] STEP_DURATION 34->33
  f=675    [npc1  ] STEP_DURATION 87->86
  f=675    [npc4  ] STEP_DURATION 33->32
  f=677    [npc1  ] STEP_DURATION 86->85
  f=677    [npc4  ] STEP_DURATION 32->31
  f=679    [npc1  ] STEP_DURATION 85->84
  f=679    [npc4  ] STEP_DURATION 31->30
  f=681    [npc1  ] STEP_DURATION 84->83
  f=681    [npc4  ] STEP_DURATION 30->29
  f=683    [npc1  ] STEP_DURATION 83->82
  f=683    [npc4  ] STEP_DURATION 29->28
  f=685    [npc1  ] STEP_DURATION 82->81
  f=685    [npc4  ] STEP_DURATION 28->27
  f=687    [npc1  ] STEP_DURATION 81->80
  f=687    [npc4  ] STEP_DURATION 27->26
  f=689    [npc1  ] STEP_DURATION 80->79
  f=689    [npc4  ] STEP_DURATION 26->25
  f=691    [npc1  ] STEP_DURATION 79->78
  f=691    [npc4  ] STEP_DURATION 25->24
  f=693    [npc1  ] STEP_DURATION 78->77
  f=693    [npc4  ] STEP_DURATION 24->23
  f=695    [npc1  ] STEP_DURATION 77->76
  f=695    [npc4  ] STEP_DURATION 23->22
  f=697    [npc1  ] STEP_DURATION 76->75
  f=697    [npc4  ] STEP_DURATION 22->21
  f=699    [npc1  ] STEP_DURATION 75->74
  f=699    [npc4  ] STEP_DURATION 21->20
  f=701    [npc1  ] STEP_DURATION 74->73
  f=701    [npc4  ] STEP_DURATION 20->19
  f=703    [npc1  ] STEP_DURATION 73->72
  f=703    [npc4  ] STEP_DURATION 19->18
  f=705    [npc1  ] STEP_DURATION 72->71
  f=705    [npc4  ] STEP_DURATION 18->17
  f=707    [npc1  ] STEP_DURATION 71->70
  f=707    [npc4  ] STEP_DURATION 17->16
  f=709    [npc1  ] STEP_DURATION 70->69
  f=709    [npc4  ] STEP_DURATION 16->15
  f=711    [npc1  ] STEP_DURATION 69->68
  f=711    [npc4  ] STEP_DURATION 15->14
  f=713    [npc1  ] STEP_DURATION 68->67
  f=713    [npc4  ] STEP_DURATION 14->13
  f=715    [npc1  ] STEP_DURATION 67->66
  f=715    [npc4  ] STEP_DURATION 13->12
  f=717    [npc1  ] STEP_DURATION 66->65
  f=717    [npc4  ] STEP_DURATION 12->11
  f=719    [npc1  ] STEP_DURATION 65->64
  f=719    [npc4  ] STEP_DURATION 11->10
  f=721    [npc1  ] STEP_DURATION 64->63
  f=721    [npc4  ] STEP_DURATION 10->9
  f=723    [npc1  ] STEP_DURATION 63->62
  f=723    [npc4  ] STEP_DURATION 9->8
  f=725    [npc1  ] STEP_DURATION 62->61
  f=725    [npc4  ] STEP_DURATION 8->7
  f=727    [npc1  ] STEP_DURATION 61->60
  f=727    [npc4  ] STEP_DURATION 7->6
  f=729    [npc1  ] STEP_DURATION 60->59
  f=729    [npc4  ] STEP_DURATION 6->5
  f=731    [npc1  ] STEP_DURATION 59->58
  f=731    [npc4  ] STEP_DURATION 5->4
  f=733    [npc1  ] STEP_DURATION 58->57
  f=733    [npc4  ] STEP_DURATION 4->3
  f=735    [npc1  ] STEP_DURATION 57->56
  f=735    [npc4  ] STEP_DURATION 3->2
  f=737    [npc1  ] STEP_DURATION 56->55
  f=737    [npc4  ] STEP_DURATION 2->1
  f=739    [npc1  ] STEP_DURATION 55->54
  f=739    [npc4  ] STEP_TYPE 3->1  STEP_DURATION 1->0
  f=740    [npc4  ] WALKING 255->7  DIRECTION 8->12  STEP_TYPE 1->2  STEP_DURATION 0->7  ACTION 1->2  FACING 8->12  MAP_X 14->15
  ^^^ [npc4] MAP COORDS CHANGED — step 13 complete ^^^
  f=741    [npc1  ] STEP_DURATION 54->53
  f=741    [npc4  ] STEP_DURATION 7->6  STEP_FRAME 8->9  FACING 12->14  SPRITE_X 190->192
  f=743    [npc1  ] STEP_DURATION 53->52
  f=743    [npc4  ] STEP_DURATION 6->5  STEP_FRAME 9->10  SPRITE_X 192->194
  f=745    [npc1  ] STEP_DURATION 52->51
  f=745    [npc4  ] STEP_DURATION 5->4  STEP_FRAME 10->11  SPRITE_X 194->196
  f=747    [npc1  ] STEP_DURATION 51->50
  f=747    [npc4  ] STEP_DURATION 4->3  STEP_FRAME 11->12  FACING 14->15  SPRITE_X 196->198
  f=749    [npc1  ] STEP_DURATION 50->49
  f=749    [npc4  ] STEP_DURATION 3->2  STEP_FRAME 12->13  SPRITE_X 198->200
  f=751    [npc1  ] STEP_DURATION 49->48
  f=751    [npc4  ] STEP_DURATION 2->1  STEP_FRAME 13->14  SPRITE_X 200->202
  f=753    [npc1  ] STEP_DURATION 48->47
  f=753    [npc4  ] WALKING 7->255  STEP_TYPE 2->1  STEP_DURATION 1->0  STEP_FRAME 14->15  LAST_MAP_X 14->15  SPRITE_X 202->204
  f=755    [npc1  ] STEP_DURATION 47->46
  f=755    [npc4  ] DIRECTION 12->8  STEP_TYPE 1->3  STEP_DURATION 0->108  ACTION 2->1  STEP_FRAME 15->0  FACING 15->8
  f=757    [npc1  ] STEP_DURATION 46->45
  f=757    [npc4  ] STEP_DURATION 108->107
  f=759    [npc1  ] STEP_DURATION 45->44
  f=759    [npc4  ] STEP_DURATION 107->106
  f=761    [npc1  ] STEP_DURATION 44->43
  f=761    [npc4  ] STEP_DURATION 106->105
  f=763    [npc1  ] STEP_DURATION 43->42
  f=763    [npc4  ] STEP_DURATION 105->104
  f=765    [npc1  ] STEP_DURATION 42->41
  f=765    [npc4  ] STEP_DURATION 104->103
  f=767    [npc1  ] STEP_DURATION 41->40
  f=767    [npc4  ] STEP_DURATION 103->102
  f=769    [npc1  ] STEP_DURATION 40->39
  f=769    [npc4  ] STEP_DURATION 102->101
  f=771    [npc1  ] STEP_DURATION 39->38
  f=771    [npc4  ] STEP_DURATION 101->100
  f=773    [npc1  ] STEP_DURATION 38->37
  f=773    [npc4  ] STEP_DURATION 100->99
  f=775    [npc1  ] STEP_DURATION 37->36
  f=775    [npc4  ] STEP_DURATION 99->98
  f=777    [npc1  ] STEP_DURATION 36->35
  f=777    [npc4  ] STEP_DURATION 98->97
  f=779    [npc1  ] STEP_DURATION 35->34
  f=779    [npc4  ] STEP_DURATION 97->96
  f=781    [npc1  ] STEP_DURATION 34->33
  f=781    [npc4  ] STEP_DURATION 96->95
  f=783    [npc1  ] STEP_DURATION 33->32
  f=783    [npc4  ] STEP_DURATION 95->94
  f=785    [npc1  ] STEP_DURATION 32->31
  f=785    [npc4  ] STEP_DURATION 94->93
  f=787    [npc1  ] STEP_DURATION 31->30
  f=787    [npc4  ] STEP_DURATION 93->92
  f=789    [npc1  ] STEP_DURATION 30->29
  f=789    [npc4  ] STEP_DURATION 92->91
  f=791    [npc1  ] STEP_DURATION 29->28
  f=791    [npc4  ] STEP_DURATION 91->90
  f=793    [npc1  ] STEP_DURATION 28->27
  f=793    [npc4  ] STEP_DURATION 90->89
  f=795    [npc1  ] STEP_DURATION 27->26
  f=795    [npc4  ] STEP_DURATION 89->88
  f=797    [npc1  ] STEP_DURATION 26->25
  f=797    [npc4  ] STEP_DURATION 88->87
  f=799    [npc1  ] STEP_DURATION 25->24
  f=799    [npc4  ] STEP_DURATION 87->86
  f=801    [npc1  ] STEP_DURATION 24->23
  f=801    [npc4  ] STEP_DURATION 86->85
  f=803    [npc1  ] STEP_DURATION 23->22
  f=803    [npc4  ] STEP_DURATION 85->84
  f=805    [npc1  ] STEP_DURATION 22->21
  f=805    [npc4  ] STEP_DURATION 84->83
  f=807    [npc1  ] STEP_DURATION 21->20
  f=807    [npc4  ] STEP_DURATION 83->82
  f=809    [npc1  ] STEP_DURATION 20->19
  f=809    [npc4  ] STEP_DURATION 82->81
  f=811    [npc1  ] STEP_DURATION 19->18
  f=811    [npc4  ] STEP_DURATION 81->80
  f=813    [npc1  ] STEP_DURATION 18->17
  f=813    [npc4  ] STEP_DURATION 80->79
  f=815    [npc1  ] STEP_DURATION 17->16
  f=815    [npc4  ] STEP_DURATION 79->78
  f=817    [npc1  ] STEP_DURATION 16->15
  f=817    [npc4  ] STEP_DURATION 78->77
  f=819    [npc1  ] STEP_DURATION 15->14
  f=819    [npc4  ] STEP_DURATION 77->76
  f=821    [npc1  ] STEP_DURATION 14->13
  f=821    [npc4  ] STEP_DURATION 76->75
  f=823    [npc1  ] STEP_DURATION 13->12
  f=823    [npc4  ] STEP_DURATION 75->74
  f=825    [npc1  ] STEP_DURATION 12->11
  f=825    [npc4  ] STEP_DURATION 74->73
  f=827    [npc1  ] STEP_DURATION 11->10
  f=827    [npc4  ] STEP_DURATION 73->72
  f=829    [npc1  ] STEP_DURATION 10->9
  f=829    [npc4  ] STEP_DURATION 72->71
  f=831    [npc1  ] STEP_DURATION 9->8
  f=831    [npc4  ] STEP_DURATION 71->70
  f=833    [npc1  ] STEP_DURATION 8->7
  f=833    [npc4  ] STEP_DURATION 70->69
  f=835    [npc1  ] STEP_DURATION 7->6
  f=835    [npc4  ] STEP_DURATION 69->68
  f=837    [npc1  ] STEP_DURATION 6->5
  f=837    [npc4  ] STEP_DURATION 68->67
  f=839    [npc1  ] STEP_DURATION 5->4
  f=839    [npc4  ] STEP_DURATION 67->66
  f=841    [npc1  ] STEP_DURATION 4->3
  f=841    [npc4  ] STEP_DURATION 66->65
  f=843    [npc1  ] STEP_DURATION 3->2
  f=843    [npc4  ] STEP_DURATION 65->64
  f=845    [npc1  ] STEP_DURATION 2->1
  f=845    [npc4  ] STEP_DURATION 64->63
  f=847    [npc1  ] STEP_TYPE 3->1  STEP_DURATION 1->0
  f=847    [npc4  ] STEP_DURATION 63->62
  f=849    [npc1  ] DIRECTION 12->4  STEP_TYPE 1->3  STEP_DURATION 0->107  FACING 12->4
  f=849    [npc4  ] STEP_DURATION 62->61
  f=851    [npc1  ] STEP_DURATION 107->106
  f=851    [npc4  ] STEP_DURATION 61->60
  f=853    [npc1  ] STEP_DURATION 106->105
  f=853    [npc4  ] STEP_DURATION 60->59
  f=855    [npc1  ] STEP_DURATION 105->104
  f=855    [npc4  ] STEP_DURATION 59->58
  f=857    [npc1  ] STEP_DURATION 104->103
  f=857    [npc4  ] STEP_DURATION 58->57
  f=859    [npc1  ] STEP_DURATION 103->102
  f=859    [npc4  ] STEP_DURATION 57->56
  f=861    [npc1  ] STEP_DURATION 102->101
  f=861    [npc4  ] STEP_DURATION 56->55
  f=863    [npc1  ] STEP_DURATION 101->100
  f=863    [npc4  ] STEP_DURATION 55->54
  f=865    [npc1  ] STEP_DURATION 100->99
  f=865    [npc4  ] STEP_DURATION 54->53
  f=867    [npc1  ] STEP_DURATION 99->98
  f=867    [npc4  ] STEP_DURATION 53->52
  f=869    [npc1  ] STEP_DURATION 98->97
  f=869    [npc4  ] STEP_DURATION 52->51
  f=871    [npc1  ] STEP_DURATION 97->96
  f=871    [npc4  ] STEP_DURATION 51->50
  f=873    [npc1  ] STEP_DURATION 96->95
  f=873    [npc4  ] STEP_DURATION 50->49
  f=875    [npc1  ] STEP_DURATION 95->94
  f=875    [npc4  ] STEP_DURATION 49->48
  f=877    [npc1  ] STEP_DURATION 94->93
  f=877    [npc4  ] STEP_DURATION 48->47
  f=879    [npc1  ] STEP_DURATION 93->92
  f=879    [npc4  ] STEP_DURATION 47->46
  f=881    [npc1  ] STEP_DURATION 92->91
  f=881    [npc4  ] STEP_DURATION 46->45
  f=883    [npc1  ] STEP_DURATION 91->90
  f=883    [npc4  ] STEP_DURATION 45->44
  f=885    [npc1  ] STEP_DURATION 90->89
  f=885    [npc4  ] STEP_DURATION 44->43
  f=887    [npc1  ] STEP_DURATION 89->88
  f=887    [npc4  ] STEP_DURATION 43->42
  f=889    [npc1  ] STEP_DURATION 88->87
  f=889    [npc4  ] STEP_DURATION 42->41
  f=891    [npc1  ] STEP_DURATION 87->86
  f=891    [npc4  ] STEP_DURATION 41->40
  f=893    [npc1  ] STEP_DURATION 86->85
  f=893    [npc4  ] STEP_DURATION 40->39
  f=895    [npc1  ] STEP_DURATION 85->84
  f=895    [npc4  ] STEP_DURATION 39->38
  f=897    [npc1  ] STEP_DURATION 84->83
  f=897    [npc4  ] STEP_DURATION 38->37
  f=899    [npc1  ] STEP_DURATION 83->82
  f=899    [npc4  ] STEP_DURATION 37->36
  f=901    [npc1  ] STEP_DURATION 82->81
  f=901    [npc4  ] STEP_DURATION 36->35
  f=903    [npc1  ] STEP_DURATION 81->80
  f=903    [npc4  ] STEP_DURATION 35->34
  f=905    [npc1  ] STEP_DURATION 80->79
  f=905    [npc4  ] STEP_DURATION 34->33
  f=907    [npc1  ] STEP_DURATION 79->78
  f=907    [npc4  ] STEP_DURATION 33->32
  f=909    [npc1  ] STEP_DURATION 78->77
  f=909    [npc4  ] STEP_DURATION 32->31
  f=911    [npc1  ] STEP_DURATION 77->76
  f=911    [npc4  ] STEP_DURATION 31->30
  f=913    [npc1  ] STEP_DURATION 76->75
  f=913    [npc4  ] STEP_DURATION 30->29
  f=915    [npc1  ] STEP_DURATION 75->74
  f=915    [npc4  ] STEP_DURATION 29->28
  f=917    [npc1  ] STEP_DURATION 74->73
  f=917    [npc4  ] STEP_DURATION 28->27
  f=919    [npc1  ] STEP_DURATION 73->72
  f=919    [npc4  ] STEP_DURATION 27->26
  f=921    [npc1  ] STEP_DURATION 72->71
  f=921    [npc4  ] STEP_DURATION 26->25
  f=923    [npc1  ] STEP_DURATION 71->70
  f=923    [npc4  ] STEP_DURATION 25->24
  f=925    [npc1  ] STEP_DURATION 70->69
  f=925    [npc4  ] STEP_DURATION 24->23
  f=927    [npc1  ] STEP_DURATION 69->68
  f=927    [npc4  ] STEP_DURATION 23->22
  f=929    [npc1  ] STEP_DURATION 68->67
  f=929    [npc4  ] STEP_DURATION 22->21
  f=931    [npc1  ] STEP_DURATION 67->66
  f=931    [npc4  ] STEP_DURATION 21->20
  f=933    [npc1  ] STEP_DURATION 66->65
  f=933    [npc4  ] STEP_DURATION 20->19
  f=935    [npc1  ] STEP_DURATION 65->64
  f=935    [npc4  ] STEP_DURATION 19->18
  f=937    [npc1  ] STEP_DURATION 64->63
  f=937    [npc4  ] STEP_DURATION 18->17
  f=939    [npc1  ] STEP_DURATION 63->62
  f=939    [npc4  ] STEP_DURATION 17->16
  f=941    [npc1  ] STEP_DURATION 62->61
  f=941    [npc4  ] STEP_DURATION 16->15
  f=943    [npc1  ] STEP_DURATION 61->60
  f=943    [npc4  ] STEP_DURATION 15->14
  f=945    [npc1  ] STEP_DURATION 60->59
  f=945    [npc4  ] STEP_DURATION 14->13
  f=947    [npc1  ] STEP_DURATION 59->58
  f=947    [npc4  ] STEP_DURATION 13->12
  f=949    [npc1  ] STEP_DURATION 58->57
  f=949    [npc4  ] STEP_DURATION 12->11
  f=951    [npc1  ] STEP_DURATION 57->56
  f=951    [npc4  ] STEP_DURATION 11->10
  f=953    [npc1  ] STEP_DURATION 56->55
  f=953    [npc4  ] STEP_DURATION 10->9
  f=955    [npc1  ] STEP_DURATION 55->54
  f=955    [npc4  ] STEP_DURATION 9->8
  f=957    [npc1  ] STEP_DURATION 54->53
  f=957    [npc4  ] STEP_DURATION 8->7
  f=959    [npc1  ] STEP_DURATION 53->52
  f=959    [npc4  ] STEP_DURATION 7->6
  f=961    [npc1  ] STEP_DURATION 52->51
  f=961    [npc4  ] STEP_DURATION 6->5
  f=963    [npc1  ] STEP_DURATION 51->50
  f=963    [npc4  ] STEP_DURATION 5->4
  f=965    [npc1  ] STEP_DURATION 50->49
  f=965    [npc4  ] STEP_DURATION 4->3
  f=967    [npc1  ] STEP_DURATION 49->48
  f=967    [npc4  ] STEP_DURATION 3->2
  f=969    [npc1  ] STEP_DURATION 48->47
  f=969    [npc4  ] STEP_DURATION 2->1
  f=971    [npc1  ] STEP_DURATION 47->46
  f=971    [npc4  ] STEP_TYPE 3->1  STEP_DURATION 1->0
  f=972    [npc4  ] WALKING 255->7  DIRECTION 8->12  STEP_TYPE 1->2  STEP_DURATION 0->7  ACTION 1->2  FACING 8->12  MAP_X 15->16
  ^^^ [npc4] MAP COORDS CHANGED — step 14 complete ^^^
  f=973    [npc1  ] STEP_DURATION 46->45
  f=973    [npc4  ] STEP_DURATION 7->6  STEP_FRAME 0->1  SPRITE_X 204->206
  f=975    [npc1  ] STEP_DURATION 45->44
  f=975    [npc4  ] STEP_DURATION 6->5  STEP_FRAME 1->2  SPRITE_X 206->208
  f=977    [npc1  ] STEP_DURATION 44->43
  f=977    [npc4  ] STEP_DURATION 5->4  STEP_FRAME 2->3  SPRITE_X 208->210
  f=979    [npc1  ] STEP_DURATION 43->42
  f=979    [npc4  ] STEP_DURATION 4->3  STEP_FRAME 3->4  FACING 12->13  SPRITE_X 210->212
  f=981    [npc1  ] STEP_DURATION 42->41
  f=981    [npc4  ] STEP_DURATION 3->2  STEP_FRAME 4->5  SPRITE_X 212->214
  f=983    [npc1  ] STEP_DURATION 41->40
  f=983    [npc4  ] STEP_DURATION 2->1  STEP_FRAME 5->6  SPRITE_X 214->216
  f=985    [npc1  ] STEP_DURATION 40->39
  f=985    [npc4  ] WALKING 7->255  STEP_TYPE 2->1  STEP_DURATION 1->0  STEP_FRAME 6->7  LAST_MAP_X 15->16  SPRITE_X 216->218
  f=987    [npc1  ] STEP_DURATION 39->38
  f=987    [npc4  ] DIRECTION 12->8  STEP_TYPE 1->3  STEP_DURATION 0->121  ACTION 2->1  STEP_FRAME 7->8  FACING 13->10
  f=989    [npc1  ] STEP_DURATION 38->37
  f=989    [npc4  ] STEP_DURATION 121->120  FACING 10->8
  f=991    [npc1  ] STEP_DURATION 37->36
  f=991    [npc4  ] STEP_DURATION 120->119
  f=993    [npc1  ] STEP_DURATION 36->35
  f=993    [npc4  ] STEP_DURATION 119->118
  f=995    [npc1  ] STEP_DURATION 35->34
  f=995    [npc4  ] STEP_DURATION 118->117
  f=997    [npc1  ] STEP_DURATION 34->33
  f=997    [npc4  ] STEP_DURATION 117->116
  f=999    [npc1  ] STEP_DURATION 33->32
  f=999    [npc4  ] STEP_DURATION 116->115
  f=1001   [npc1  ] STEP_DURATION 32->31
  f=1001   [npc4  ] STEP_DURATION 115->114
  f=1003   [npc1  ] STEP_DURATION 31->30
  f=1003   [npc4  ] STEP_DURATION 114->113
  f=1005   [npc1  ] STEP_DURATION 30->29
  f=1005   [npc4  ] STEP_DURATION 113->112
  f=1007   [npc1  ] STEP_DURATION 29->28
  f=1007   [npc4  ] STEP_DURATION 112->111
  f=1009   [npc1  ] STEP_DURATION 28->27
  f=1009   [npc4  ] STEP_DURATION 111->110
  f=1011   [npc1  ] STEP_DURATION 27->26
  f=1011   [npc4  ] STEP_DURATION 110->109
  f=1013   [npc1  ] STEP_DURATION 26->25
  f=1013   [npc4  ] STEP_DURATION 109->108
  f=1015   [npc1  ] STEP_DURATION 25->24
  f=1015   [npc4  ] STEP_DURATION 108->107
  f=1017   [npc1  ] STEP_DURATION 24->23
  f=1017   [npc4  ] STEP_DURATION 107->106
  f=1019   [npc1  ] STEP_DURATION 23->22
  f=1019   [npc4  ] STEP_DURATION 106->105
  f=1021   [npc1  ] STEP_DURATION 22->21
  f=1021   [npc4  ] STEP_DURATION 105->104
  f=1023   [npc1  ] STEP_DURATION 21->20
  f=1023   [npc4  ] STEP_DURATION 104->103
  f=1025   [npc1  ] STEP_DURATION 20->19
  f=1025   [npc4  ] STEP_DURATION 103->102
  f=1027   [npc1  ] STEP_DURATION 19->18
  f=1027   [npc4  ] STEP_DURATION 102->101
  f=1029   [npc1  ] STEP_DURATION 18->17
  f=1029   [npc4  ] STEP_DURATION 101->100
  f=1031   [npc1  ] STEP_DURATION 17->16
  f=1031   [npc4  ] STEP_DURATION 100->99
  f=1033   [npc1  ] STEP_DURATION 16->15
  f=1033   [npc4  ] STEP_DURATION 99->98
  f=1035   [npc1  ] STEP_DURATION 15->14
  f=1035   [npc4  ] STEP_DURATION 98->97
  f=1037   [npc1  ] STEP_DURATION 14->13
  f=1037   [npc4  ] STEP_DURATION 97->96
  f=1039   [npc1  ] STEP_DURATION 13->12
  f=1039   [npc4  ] STEP_DURATION 96->95
  f=1041   [npc1  ] STEP_DURATION 12->11
  f=1041   [npc4  ] STEP_DURATION 95->94
  f=1043   [npc1  ] STEP_DURATION 11->10
  f=1043   [npc4  ] STEP_DURATION 94->93
  f=1045   [npc1  ] STEP_DURATION 10->9
  f=1045   [npc4  ] STEP_DURATION 93->92
  f=1047   [npc1  ] STEP_DURATION 9->8
  f=1047   [npc4  ] STEP_DURATION 92->91
  f=1049   [npc1  ] STEP_DURATION 8->7
  f=1049   [npc4  ] STEP_DURATION 91->90
  f=1051   [npc1  ] STEP_DURATION 7->6
  f=1051   [npc4  ] STEP_DURATION 90->89
  f=1053   [npc1  ] STEP_DURATION 6->5
  f=1053   [npc4  ] STEP_DURATION 89->88
  f=1055   [npc1  ] STEP_DURATION 5->4
  f=1055   [npc4  ] STEP_DURATION 88->87
  f=1057   [npc1  ] STEP_DURATION 4->3
  f=1057   [npc4  ] STEP_DURATION 87->86
  f=1059   [npc1  ] STEP_DURATION 3->2
  f=1059   [npc4  ] STEP_DURATION 86->85
  f=1061   [npc1  ] STEP_DURATION 2->1
  f=1061   [npc4  ] STEP_DURATION 85->84
  f=1063   [npc1  ] STEP_TYPE 3->1  STEP_DURATION 1->0
  f=1063   [npc4  ] STEP_DURATION 84->83
  f=1065   [npc1  ] DIRECTION 4->8  STEP_TYPE 1->3  STEP_DURATION 0->3  FACING 4->8
  f=1065   [npc4  ] STEP_DURATION 83->82
  f=1067   [npc1  ] STEP_DURATION 3->2
  f=1067   [npc4  ] STEP_DURATION 82->81
  f=1069   [npc1  ] STEP_DURATION 2->1
  f=1069   [npc4  ] STEP_DURATION 81->80
  f=1071   [npc1  ] STEP_TYPE 3->1  STEP_DURATION 1->0
  f=1071   [npc4  ] STEP_DURATION 80->79
  f=1073   [npc1  ] DIRECTION 8->4  STEP_TYPE 1->3  STEP_DURATION 0->2  FACING 8->4
  f=1073   [npc4  ] STEP_DURATION 79->78
  f=1075   [npc1  ] STEP_DURATION 2->1
  f=1075   [npc4  ] STEP_DURATION 78->77
  f=1077   [npc1  ] STEP_TYPE 3->1  STEP_DURATION 1->0
  f=1077   [npc4  ] STEP_DURATION 77->76
  f=1079   [npc1  ] DIRECTION 4->8  STEP_TYPE 1->3  STEP_DURATION 0->53  FACING 4->8
  f=1079   [npc4  ] STEP_DURATION 76->75
  f=1081   [npc1  ] STEP_DURATION 53->52
  f=1081   [npc4  ] STEP_DURATION 75->74
  f=1083   [npc1  ] STEP_DURATION 52->51
  f=1083   [npc4  ] STEP_DURATION 74->73
  f=1085   [npc1  ] STEP_DURATION 51->50
  f=1085   [npc4  ] STEP_DURATION 73->72
  f=1087   [npc1  ] STEP_DURATION 50->49
  f=1087   [npc4  ] STEP_DURATION 72->71
  f=1089   [npc1  ] STEP_DURATION 49->48
  f=1089   [npc4  ] STEP_DURATION 71->70
  f=1091   [npc1  ] STEP_DURATION 48->47
  f=1091   [npc4  ] STEP_DURATION 70->69
  f=1093   [npc1  ] STEP_DURATION 47->46
  f=1093   [npc4  ] STEP_DURATION 69->68
  f=1095   [npc1  ] STEP_DURATION 46->45
  f=1095   [npc4  ] STEP_DURATION 68->67
  f=1097   [npc1  ] STEP_DURATION 45->44
  f=1097   [npc4  ] STEP_DURATION 67->66
  f=1100   [npc1  ] STEP_DURATION 44->43
  f=1100   [npc4  ] STEP_DURATION 66->65
  f=1101   [npc1  ] STEP_DURATION 43->42
  f=1101   [npc4  ] STEP_DURATION 65->64
  f=1103   [npc1  ] STEP_DURATION 42->41
  f=1103   [npc4  ] STEP_DURATION 64->63
  f=1105   [npc1  ] STEP_DURATION 41->40
  f=1105   [npc4  ] STEP_DURATION 63->62
  f=1107   [npc1  ] STEP_DURATION 40->39
  f=1107   [npc4  ] STEP_DURATION 62->61
  f=1109   [npc1  ] STEP_DURATION 39->38
  f=1109   [npc4  ] STEP_DURATION 61->60
  f=1111   [npc1  ] STEP_DURATION 38->37
  f=1111   [npc4  ] STEP_DURATION 60->59
  f=1113   [npc1  ] STEP_DURATION 37->36
  f=1113   [npc4  ] STEP_DURATION 59->58
  f=1115   [npc1  ] STEP_DURATION 36->35
  f=1115   [npc4  ] STEP_DURATION 58->57
  f=1117   [npc1  ] STEP_DURATION 35->34
  f=1117   [npc4  ] STEP_DURATION 57->56
  f=1119   [npc1  ] STEP_DURATION 34->33
  f=1119   [npc4  ] STEP_DURATION 56->55
  f=1121   [npc1  ] STEP_DURATION 33->32
  f=1121   [npc4  ] STEP_DURATION 55->54
  f=1123   [npc1  ] STEP_DURATION 32->31
  f=1123   [npc4  ] STEP_DURATION 54->53
  f=1125   [npc1  ] STEP_DURATION 31->30
  f=1125   [npc4  ] STEP_DURATION 53->52
  f=1127   [npc1  ] STEP_DURATION 30->29
  f=1127   [npc4  ] STEP_DURATION 52->51
  f=1129   [npc1  ] STEP_DURATION 29->28
  f=1129   [npc4  ] STEP_DURATION 51->50
  f=1131   [npc1  ] STEP_DURATION 28->27
  f=1131   [npc4  ] STEP_DURATION 50->49
  f=1133   [npc1  ] STEP_DURATION 27->26
  f=1133   [npc4  ] STEP_DURATION 49->48
  f=1135   [npc1  ] STEP_DURATION 26->25
  f=1135   [npc4  ] STEP_DURATION 48->47
  f=1137   [npc1  ] STEP_DURATION 25->24
  f=1137   [npc4  ] STEP_DURATION 47->46
  f=1139   [npc1  ] STEP_DURATION 24->23
  f=1139   [npc4  ] STEP_DURATION 46->45
  f=1141   [npc1  ] STEP_DURATION 23->22
  f=1141   [npc4  ] STEP_DURATION 45->44
  f=1143   [npc1  ] STEP_DURATION 22->21
  f=1143   [npc4  ] STEP_DURATION 44->43
  f=1145   [npc1  ] STEP_DURATION 21->20
  f=1145   [npc4  ] STEP_DURATION 43->42
  f=1147   [npc1  ] STEP_DURATION 20->19
  f=1147   [npc4  ] STEP_DURATION 42->41
  f=1149   [npc1  ] STEP_DURATION 19->18
  f=1149   [npc4  ] STEP_DURATION 41->40
  f=1151   [npc1  ] STEP_DURATION 18->17
  f=1151   [npc4  ] STEP_DURATION 40->39
  f=1153   [npc1  ] STEP_DURATION 17->16
  f=1153   [npc4  ] STEP_DURATION 39->38
  f=1155   [npc1  ] STEP_DURATION 16->15
  f=1155   [npc4  ] STEP_DURATION 38->37
  f=1157   [npc1  ] STEP_DURATION 15->14
  f=1157   [npc4  ] STEP_DURATION 37->36
  f=1159   [npc1  ] STEP_DURATION 14->13
  f=1159   [npc4  ] STEP_DURATION 36->35
  f=1161   [npc1  ] STEP_DURATION 13->12
  f=1161   [npc4  ] STEP_DURATION 35->34
  f=1163   [npc1  ] STEP_DURATION 12->11
  f=1163   [npc4  ] STEP_DURATION 34->33
  f=1165   [npc1  ] STEP_DURATION 11->10
  f=1165   [npc4  ] STEP_DURATION 33->32
  f=1167   [npc1  ] STEP_DURATION 10->9
  f=1167   [npc4  ] STEP_DURATION 32->31
  f=1169   [npc1  ] STEP_DURATION 9->8
  f=1169   [npc4  ] STEP_DURATION 31->30
  f=1171   [npc1  ] STEP_DURATION 8->7
  f=1171   [npc4  ] STEP_DURATION 30->29
  f=1173   [npc1  ] STEP_DURATION 7->6
  f=1173   [npc4  ] STEP_DURATION 29->28
  f=1175   [npc1  ] STEP_DURATION 6->5
  f=1175   [npc4  ] STEP_DURATION 28->27
  f=1177   [npc1  ] STEP_DURATION 5->4
  f=1177   [npc4  ] STEP_DURATION 27->26
  f=1179   [npc1  ] STEP_DURATION 4->3
  f=1179   [npc4  ] STEP_DURATION 26->25
  f=1181   [npc1  ] STEP_DURATION 3->2
  f=1181   [npc4  ] STEP_DURATION 25->24
  f=1183   [npc1  ] STEP_DURATION 2->1
  f=1183   [npc4  ] STEP_DURATION 24->23
  f=1185   [npc1  ] STEP_TYPE 3->1  STEP_DURATION 1->0
  f=1185   [npc4  ] STEP_DURATION 23->22
  f=1187   [npc1  ] DIRECTION 8->0  STEP_TYPE 1->3  STEP_DURATION 0->119  FACING 8->0
  f=1187   [npc4  ] STEP_DURATION 22->21
  f=1189   [npc1  ] STEP_DURATION 119->118
  f=1189   [npc4  ] STEP_DURATION 21->20
  f=1191   [npc1  ] STEP_DURATION 118->117
  f=1191   [npc4  ] STEP_DURATION 20->19
  f=1193   [npc1  ] STEP_DURATION 117->116
  f=1193   [npc4  ] STEP_DURATION 19->18
  f=1195   [npc1  ] STEP_DURATION 116->115
  f=1195   [npc4  ] STEP_DURATION 18->17
  f=1197   [npc1  ] STEP_DURATION 115->114
  f=1197   [npc4  ] STEP_DURATION 17->16
  f=1199   [npc1  ] STEP_DURATION 114->113
  f=1199   [npc4  ] STEP_DURATION 16->15
  f=1201   [npc1  ] STEP_DURATION 113->112
  f=1201   [npc4  ] STEP_DURATION 15->14
  f=1203   [npc1  ] STEP_DURATION 112->111
  f=1203   [npc4  ] STEP_DURATION 14->13
  f=1205   [npc1  ] STEP_DURATION 111->110
  f=1205   [npc4  ] STEP_DURATION 13->12
  f=1207   [npc1  ] STEP_DURATION 110->109
  f=1207   [npc4  ] STEP_DURATION 12->11
  f=1209   [npc1  ] STEP_DURATION 109->108
  f=1209   [npc4  ] STEP_DURATION 11->10
  f=1211   [npc1  ] STEP_DURATION 108->107
  f=1211   [npc4  ] STEP_DURATION 10->9
  f=1213   [npc1  ] STEP_DURATION 107->106
  f=1213   [npc4  ] STEP_DURATION 9->8
  f=1215   [npc1  ] STEP_DURATION 106->105
  f=1215   [npc4  ] STEP_DURATION 8->7
  f=1217   [npc1  ] STEP_DURATION 105->104
  f=1217   [npc4  ] STEP_DURATION 7->6
  f=1219   [npc1  ] STEP_DURATION 104->103
  f=1219   [npc4  ] STEP_DURATION 6->5
  f=1221   [npc1  ] STEP_DURATION 103->102
  f=1221   [npc4  ] STEP_DURATION 5->4
  f=1223   [npc1  ] STEP_DURATION 102->101
  f=1223   [npc4  ] STEP_DURATION 4->3
  f=1225   [npc1  ] STEP_DURATION 101->100
  f=1225   [npc4  ] STEP_DURATION 3->2
  f=1227   [npc1  ] STEP_DURATION 100->99
  f=1227   [npc4  ] STEP_DURATION 2->1
  f=1229   [npc1  ] STEP_DURATION 99->98
  f=1229   [npc4  ] STEP_TYPE 3->1  STEP_DURATION 1->0
  f=1230   [npc4  ] WALKING 255->6  STEP_TYPE 1->2  STEP_DURATION 0->7  ACTION 1->2  MAP_X 16->15
  ^^^ [npc4] MAP COORDS CHANGED — step 15 complete ^^^
  f=1231   [npc1  ] STEP_DURATION 98->97
  f=1231   [npc4  ] STEP_DURATION 7->6  STEP_FRAME 8->9  FACING 8->10  SPRITE_X 218->216
  f=1233   [npc1  ] STEP_DURATION 97->96
  f=1233   [npc4  ] STEP_DURATION 6->5  STEP_FRAME 9->10  SPRITE_X 216->214
  f=1235   [npc1  ] STEP_DURATION 96->95
  f=1235   [npc4  ] STEP_DURATION 5->4  STEP_FRAME 10->11  SPRITE_X 214->212
  f=1237   [npc1  ] STEP_DURATION 95->94
  f=1237   [npc4  ] STEP_DURATION 4->3  STEP_FRAME 11->12  FACING 10->11  SPRITE_X 212->210
  f=1239   [npc1  ] STEP_DURATION 94->93
  f=1239   [npc4  ] STEP_DURATION 3->2  STEP_FRAME 12->13  SPRITE_X 210->208
  f=1241   [npc1  ] STEP_DURATION 93->92
  f=1241   [npc4  ] STEP_DURATION 2->1  STEP_FRAME 13->14  SPRITE_X 208->206
  f=1243   [npc1  ] STEP_DURATION 92->91
  f=1243   [npc4  ] WALKING 6->255  STEP_TYPE 2->1  STEP_DURATION 1->0  STEP_FRAME 14->15  LAST_MAP_X 16->15  SPRITE_X 206->204
  f=1245   [npc1  ] STEP_DURATION 91->90
  f=1245   [npc4  ] DIRECTION 8->0  STEP_TYPE 1->3  STEP_DURATION 0->5  ACTION 2->1  STEP_FRAME 15->0  FACING 11->0
  f=1247   [npc1  ] STEP_DURATION 90->89
  f=1247   [npc4  ] STEP_DURATION 5->4
  f=1249   [npc1  ] STEP_DURATION 89->88
  f=1249   [npc4  ] STEP_DURATION 4->3
  f=1251   [npc1  ] STEP_DURATION 88->87
  f=1251   [npc4  ] STEP_DURATION 3->2
  f=1253   [npc1  ] STEP_DURATION 87->86
  f=1253   [npc4  ] STEP_DURATION 2->1
  f=1255   [npc1  ] STEP_DURATION 86->85
  f=1255   [npc4  ] STEP_TYPE 3->1  STEP_DURATION 1->0
  f=1256   [npc4  ] WALKING 255->6  DIRECTION 0->8  STEP_TYPE 1->2  STEP_DURATION 0->7  ACTION 1->2  FACING 0->8  MAP_X 15->14
  ^^^ [npc4] MAP COORDS CHANGED — step 16 complete ^^^
  f=1257   [npc1  ] STEP_DURATION 85->84
  f=1257   [npc4  ] STEP_DURATION 7->6  STEP_FRAME 0->1  SPRITE_X 204->202
  f=1259   [npc1  ] STEP_DURATION 84->83
  f=1259   [npc4  ] STEP_DURATION 6->5  STEP_FRAME 1->2  SPRITE_X 202->200
  f=1261   [npc1  ] STEP_DURATION 83->82
  f=1261   [npc4  ] STEP_DURATION 5->4  STEP_FRAME 2->3  SPRITE_X 200->198
  f=1263   [npc1  ] STEP_DURATION 82->81
  f=1263   [npc4  ] STEP_DURATION 4->3  STEP_FRAME 3->4  FACING 8->9  SPRITE_X 198->196
  f=1265   [npc1  ] STEP_DURATION 81->80
  f=1265   [npc4  ] STEP_DURATION 3->2  STEP_FRAME 4->5  SPRITE_X 196->194
  f=1267   [npc1  ] STEP_DURATION 80->79
  f=1267   [npc4  ] STEP_DURATION 2->1  STEP_FRAME 5->6  SPRITE_X 194->192
  f=1269   [npc1  ] STEP_DURATION 79->78
  f=1269   [npc4  ] WALKING 6->255  STEP_TYPE 2->1  STEP_DURATION 1->0  STEP_FRAME 6->7  LAST_MAP_X 15->14  SPRITE_X 192->190
  f=1271   [npc1  ] STEP_DURATION 78->77
  f=1271   [npc4  ] DIRECTION 8->4  STEP_TYPE 1->3  STEP_DURATION 0->79  ACTION 2->1  STEP_FRAME 7->8  FACING 9->6
  f=1273   [npc1  ] STEP_DURATION 77->76
  f=1273   [npc4  ] STEP_DURATION 79->78  FACING 6->4
  f=1275   [npc1  ] STEP_DURATION 76->75
  f=1275   [npc4  ] STEP_DURATION 78->77
  f=1277   [npc1  ] STEP_DURATION 75->74
  f=1277   [npc4  ] STEP_DURATION 77->76
  f=1279   [npc1  ] STEP_DURATION 74->73
  f=1279   [npc4  ] STEP_DURATION 76->75
  f=1281   [npc1  ] STEP_DURATION 73->72
  f=1281   [npc4  ] STEP_DURATION 75->74
  f=1283   [npc1  ] STEP_DURATION 72->71
  f=1283   [npc4  ] STEP_DURATION 74->73
  f=1285   [npc1  ] STEP_DURATION 71->70
  f=1285   [npc4  ] STEP_DURATION 73->72
  f=1287   [npc1  ] STEP_DURATION 70->69
  f=1287   [npc4  ] STEP_DURATION 72->71
  f=1289   [npc1  ] STEP_DURATION 69->68
  f=1289   [npc4  ] STEP_DURATION 71->70
  f=1291   [npc1  ] STEP_DURATION 68->67
  f=1291   [npc4  ] STEP_DURATION 70->69
  f=1293   [npc1  ] STEP_DURATION 67->66
  f=1293   [npc4  ] STEP_DURATION 69->68
  f=1295   [npc1  ] STEP_DURATION 66->65
  f=1295   [npc4  ] STEP_DURATION 68->67
  f=1297   [npc1  ] STEP_DURATION 65->64
  f=1297   [npc4  ] STEP_DURATION 67->66
  f=1299   [npc1  ] STEP_DURATION 64->63
  f=1299   [npc4  ] STEP_DURATION 66->65
  f=1301   [npc1  ] STEP_DURATION 63->62
  f=1301   [npc4  ] STEP_DURATION 65->64
  f=1303   [npc1  ] STEP_DURATION 62->61
  f=1303   [npc4  ] STEP_DURATION 64->63
  f=1305   [npc1  ] STEP_DURATION 61->60
  f=1305   [npc4  ] STEP_DURATION 63->62
  f=1307   [npc1  ] STEP_DURATION 60->59
  f=1307   [npc4  ] STEP_DURATION 62->61
  f=1309   [npc1  ] STEP_DURATION 59->58
  f=1309   [npc4  ] STEP_DURATION 61->60
  f=1311   [npc1  ] STEP_DURATION 58->57
  f=1311   [npc4  ] STEP_DURATION 60->59
  f=1313   [npc1  ] STEP_DURATION 57->56
  f=1313   [npc4  ] STEP_DURATION 59->58
  f=1315   [npc1  ] STEP_DURATION 56->55
  f=1315   [npc4  ] STEP_DURATION 58->57
  f=1317   [npc1  ] STEP_DURATION 55->54
  f=1317   [npc4  ] STEP_DURATION 57->56
  f=1319   [npc1  ] STEP_DURATION 54->53
  f=1319   [npc4  ] STEP_DURATION 56->55
  f=1321   [npc1  ] STEP_DURATION 53->52
  f=1321   [npc4  ] STEP_DURATION 55->54
  f=1323   [npc1  ] STEP_DURATION 52->51
  f=1323   [npc4  ] STEP_DURATION 54->53
  f=1325   [npc1  ] STEP_DURATION 51->50
  f=1325   [npc4  ] STEP_DURATION 53->52
  f=1327   [npc1  ] STEP_DURATION 50->49
  f=1327   [npc4  ] STEP_DURATION 52->51
  f=1329   [npc1  ] STEP_DURATION 49->48
  f=1329   [npc4  ] STEP_DURATION 51->50
  f=1331   [npc1  ] STEP_DURATION 48->47
  f=1331   [npc4  ] STEP_DURATION 50->49
  f=1333   [npc1  ] STEP_DURATION 47->46
  f=1333   [npc4  ] STEP_DURATION 49->48
  f=1335   [npc1  ] STEP_DURATION 46->45
  f=1335   [npc4  ] STEP_DURATION 48->47
  f=1337   [npc1  ] STEP_DURATION 45->44
  f=1337   [npc4  ] STEP_DURATION 47->46
  f=1339   [npc1  ] STEP_DURATION 44->43
  f=1339   [npc4  ] STEP_DURATION 46->45
  f=1341   [npc1  ] STEP_DURATION 43->42
  f=1341   [npc4  ] STEP_DURATION 45->44
  f=1343   [npc1  ] STEP_DURATION 42->41
  f=1343   [npc4  ] STEP_DURATION 44->43
  f=1345   [npc1  ] STEP_DURATION 41->40
  f=1345   [npc4  ] STEP_DURATION 43->42
  f=1347   [npc1  ] STEP_DURATION 40->39
  f=1347   [npc4  ] STEP_DURATION 42->41
  f=1349   [npc1  ] STEP_DURATION 39->38
  f=1349   [npc4  ] STEP_DURATION 41->40
  f=1351   [npc1  ] STEP_DURATION 38->37
  f=1351   [npc4  ] STEP_DURATION 40->39
  f=1353   [npc1  ] STEP_DURATION 37->36
  f=1353   [npc4  ] STEP_DURATION 39->38
  f=1355   [npc1  ] STEP_DURATION 36->35
  f=1355   [npc4  ] STEP_DURATION 38->37
  f=1357   [npc1  ] STEP_DURATION 35->34
  f=1357   [npc4  ] STEP_DURATION 37->36
  f=1359   [npc1  ] STEP_DURATION 34->33
  f=1359   [npc4  ] STEP_DURATION 36->35
  f=1361   [npc1  ] STEP_DURATION 33->32
  f=1361   [npc4  ] STEP_DURATION 35->34
  f=1363   [npc1  ] STEP_DURATION 32->31
  f=1363   [npc4  ] STEP_DURATION 34->33
  f=1365   [npc1  ] STEP_DURATION 31->30
  f=1365   [npc4  ] STEP_DURATION 33->32
  f=1367   [npc1  ] STEP_DURATION 30->29
  f=1367   [npc4  ] STEP_DURATION 32->31
  f=1369   [npc1  ] STEP_DURATION 29->28
  f=1369   [npc4  ] STEP_DURATION 31->30
  f=1371   [npc1  ] STEP_DURATION 28->27
  f=1371   [npc4  ] STEP_DURATION 30->29
  f=1373   [npc1  ] STEP_DURATION 27->26
  f=1373   [npc4  ] STEP_DURATION 29->28
  f=1375   [npc1  ] STEP_DURATION 26->25
  f=1375   [npc4  ] STEP_DURATION 28->27
  f=1377   [npc1  ] STEP_DURATION 25->24
  f=1377   [npc4  ] STEP_DURATION 27->26
  f=1379   [npc1  ] STEP_DURATION 24->23
  f=1379   [npc4  ] STEP_DURATION 26->25
  f=1381   [npc1  ] STEP_DURATION 23->22
  f=1381   [npc4  ] STEP_DURATION 25->24
  f=1383   [npc1  ] STEP_DURATION 22->21
  f=1383   [npc4  ] STEP_DURATION 24->23
  f=1385   [npc1  ] STEP_DURATION 21->20
  f=1385   [npc4  ] STEP_DURATION 23->22
  f=1387   [npc1  ] STEP_DURATION 20->19
  f=1387   [npc4  ] STEP_DURATION 22->21
  f=1389   [npc1  ] STEP_DURATION 19->18
  f=1389   [npc4  ] STEP_DURATION 21->20
  f=1391   [npc1  ] STEP_DURATION 18->17
  f=1391   [npc4  ] STEP_DURATION 20->19
  f=1393   [npc1  ] STEP_DURATION 17->16
  f=1393   [npc4  ] STEP_DURATION 19->18
  f=1395   [npc1  ] STEP_DURATION 16->15
  f=1395   [npc4  ] STEP_DURATION 18->17
  f=1397   [npc1  ] STEP_DURATION 15->14
  f=1397   [npc4  ] STEP_DURATION 17->16
  f=1399   [npc1  ] STEP_DURATION 14->13
  f=1399   [npc4  ] STEP_DURATION 16->15
  f=1401   [npc1  ] STEP_DURATION 13->12
  f=1401   [npc4  ] STEP_DURATION 15->14
  f=1403   [npc1  ] STEP_DURATION 12->11
  f=1403   [npc4  ] STEP_DURATION 14->13
  f=1405   [npc1  ] STEP_DURATION 11->10
  f=1405   [npc4  ] STEP_DURATION 13->12
  f=1407   [npc1  ] STEP_DURATION 10->9
  f=1407   [npc4  ] STEP_DURATION 12->11
  f=1409   [npc1  ] STEP_DURATION 9->8
  f=1409   [npc4  ] STEP_DURATION 11->10
  f=1411   [npc1  ] STEP_DURATION 8->7
  f=1411   [npc4  ] STEP_DURATION 10->9
  f=1413   [npc1  ] STEP_DURATION 7->6
  f=1413   [npc4  ] STEP_DURATION 9->8
  f=1415   [npc1  ] STEP_DURATION 6->5
  f=1415   [npc4  ] STEP_DURATION 8->7
  f=1417   [npc1  ] STEP_DURATION 5->4
  f=1417   [npc4  ] STEP_DURATION 7->6
  f=1419   [npc1  ] STEP_DURATION 4->3
  f=1419   [npc4  ] STEP_DURATION 6->5
  f=1421   [npc1  ] STEP_DURATION 3->2
  f=1421   [npc4  ] STEP_DURATION 5->4
  f=1423   [npc1  ] STEP_DURATION 2->1
  f=1423   [npc4  ] STEP_DURATION 4->3
  f=1425   [npc1  ] STEP_TYPE 3->1  STEP_DURATION 1->0
  f=1425   [npc4  ] STEP_DURATION 3->2
  f=1427   [npc1  ] DIRECTION 0->8  STEP_TYPE 1->3  STEP_DURATION 0->82  FACING 0->8
  f=1427   [npc4  ] STEP_DURATION 2->1
  f=1429   [npc1  ] STEP_DURATION 82->81
  f=1429   [npc4  ] STEP_TYPE 3->1  STEP_DURATION 1->0
  f=1430   [npc4  ] WALKING 255->6  DIRECTION 4->8  STEP_TYPE 1->2  STEP_DURATION 0->7  ACTION 1->2  FACING 4->8  MAP_X 14->13
  ^^^ [npc4] MAP COORDS CHANGED — step 17 complete ^^^
  f=1431   [npc1  ] STEP_DURATION 81->80
  f=1431   [npc4  ] STEP_DURATION 7->6  STEP_FRAME 8->9  FACING 8->10  SPRITE_X 190->188
  f=1433   [npc1  ] STEP_DURATION 80->79
  f=1433   [npc4  ] STEP_DURATION 6->5  STEP_FRAME 9->10  SPRITE_X 188->186
  f=1435   [npc1  ] STEP_DURATION 79->78
  f=1435   [npc4  ] STEP_DURATION 5->4  STEP_FRAME 10->11  SPRITE_X 186->184
  f=1437   [npc1  ] STEP_DURATION 78->77
  f=1437   [npc4  ] STEP_DURATION 4->3  STEP_FRAME 11->12  FACING 10->11  SPRITE_X 184->182
  f=1439   [npc1  ] STEP_DURATION 77->76
  f=1439   [npc4  ] STEP_DURATION 3->2  STEP_FRAME 12->13  SPRITE_X 182->180
  f=1441   [npc1  ] STEP_DURATION 76->75
  f=1441   [npc4  ] STEP_DURATION 2->1  STEP_FRAME 13->14  SPRITE_X 180->178
  f=1443   [npc1  ] STEP_DURATION 75->74
  f=1443   [npc4  ] WALKING 6->255  STEP_TYPE 2->1  STEP_DURATION 1->0  STEP_FRAME 14->15  LAST_MAP_X 14->13  SPRITE_X 178->176
  f=1445   [npc1  ] STEP_DURATION 74->73
  f=1445   [npc4  ] DIRECTION 8->0  STEP_TYPE 1->3  STEP_DURATION 0->111  ACTION 2->1  STEP_FRAME 15->0  FACING 11->0
  f=1447   [npc1  ] STEP_DURATION 73->72
  f=1447   [npc4  ] STEP_DURATION 111->110
  f=1449   [npc1  ] STEP_DURATION 72->71
  f=1449   [npc4  ] STEP_DURATION 110->109
  f=1451   [npc1  ] STEP_DURATION 71->70
  f=1451   [npc4  ] STEP_DURATION 109->108
  f=1453   [npc1  ] STEP_DURATION 70->69
  f=1453   [npc4  ] STEP_DURATION 108->107
  f=1455   [npc1  ] STEP_DURATION 69->68
  f=1455   [npc4  ] STEP_DURATION 107->106
  f=1457   [npc1  ] STEP_DURATION 68->67
  f=1457   [npc4  ] STEP_DURATION 106->105
  f=1459   [npc1  ] STEP_DURATION 67->66
  f=1459   [npc4  ] STEP_DURATION 105->104
  f=1461   [npc1  ] STEP_DURATION 66->65
  f=1461   [npc4  ] STEP_DURATION 104->103
  f=1463   [npc1  ] STEP_DURATION 65->64
  f=1463   [npc4  ] STEP_DURATION 103->102
  f=1465   [npc1  ] STEP_DURATION 64->63
  f=1465   [npc4  ] STEP_DURATION 102->101
  f=1467   [npc1  ] STEP_DURATION 63->62
  f=1467   [npc4  ] STEP_DURATION 101->100
  f=1469   [npc1  ] STEP_DURATION 62->61
  f=1469   [npc4  ] STEP_DURATION 100->99
  f=1471   [npc1  ] STEP_DURATION 61->60
  f=1471   [npc4  ] STEP_DURATION 99->98
  f=1473   [npc1  ] STEP_DURATION 60->59
  f=1473   [npc4  ] STEP_DURATION 98->97
  f=1475   [npc1  ] STEP_DURATION 59->58
  f=1475   [npc4  ] STEP_DURATION 97->96
  f=1477   [npc1  ] STEP_DURATION 58->57
  f=1477   [npc4  ] STEP_DURATION 96->95
  f=1479   [npc1  ] STEP_DURATION 57->56
  f=1479   [npc4  ] STEP_DURATION 95->94
  f=1481   [npc1  ] STEP_DURATION 56->55
  f=1481   [npc4  ] STEP_DURATION 94->93
  f=1483   [npc1  ] STEP_DURATION 55->54
  f=1483   [npc4  ] STEP_DURATION 93->92
  f=1485   [npc1  ] STEP_DURATION 54->53
  f=1485   [npc4  ] STEP_DURATION 92->91
  f=1487   [npc1  ] STEP_DURATION 53->52
  f=1487   [npc4  ] STEP_DURATION 91->90
  f=1489   [npc1  ] STEP_DURATION 52->51
  f=1489   [npc4  ] STEP_DURATION 90->89
  f=1491   [npc1  ] STEP_DURATION 51->50
  f=1491   [npc4  ] STEP_DURATION 89->88
  f=1493   [npc1  ] STEP_DURATION 50->49
  f=1493   [npc4  ] STEP_DURATION 88->87
  f=1495   [npc1  ] STEP_DURATION 49->48
  f=1495   [npc4  ] STEP_DURATION 87->86
  f=1497   [npc1  ] STEP_DURATION 48->47
  f=1497   [npc4  ] STEP_DURATION 86->85
  f=1499   [npc1  ] STEP_DURATION 47->46
  f=1499   [npc4  ] STEP_DURATION 85->84
  f=1501   [npc1  ] STEP_DURATION 46->45
  f=1501   [npc4  ] STEP_DURATION 84->83
  f=1503   [npc1  ] STEP_DURATION 45->44
  f=1503   [npc4  ] STEP_DURATION 83->82
  f=1505   [npc1  ] STEP_DURATION 44->43
  f=1505   [npc4  ] STEP_DURATION 82->81
  f=1507   [npc1  ] STEP_DURATION 43->42
  f=1507   [npc4  ] STEP_DURATION 81->80
  f=1509   [npc1  ] STEP_DURATION 42->41
  f=1509   [npc4  ] STEP_DURATION 80->79
  f=1511   [npc1  ] STEP_DURATION 41->40
  f=1511   [npc4  ] STEP_DURATION 79->78
  f=1513   [npc1  ] STEP_DURATION 40->39
  f=1513   [npc4  ] STEP_DURATION 78->77
  f=1515   [npc1  ] STEP_DURATION 39->38
  f=1515   [npc4  ] STEP_DURATION 77->76
  f=1517   [npc1  ] STEP_DURATION 38->37
  f=1517   [npc4  ] STEP_DURATION 76->75
  f=1519   [npc1  ] STEP_DURATION 37->36
  f=1519   [npc4  ] STEP_DURATION 75->74
  f=1521   [npc1  ] STEP_DURATION 36->35
  f=1521   [npc4  ] STEP_DURATION 74->73
  f=1523   [npc1  ] STEP_DURATION 35->34
  f=1523   [npc4  ] STEP_DURATION 73->72
  f=1525   [npc1  ] STEP_DURATION 34->33
  f=1525   [npc4  ] STEP_DURATION 72->71
  f=1527   [npc1  ] STEP_DURATION 33->32
  f=1527   [npc4  ] STEP_DURATION 71->70
  f=1529   [npc1  ] STEP_DURATION 32->31
  f=1529   [npc4  ] STEP_DURATION 70->69
  f=1531   [npc1  ] STEP_DURATION 31->30
  f=1531   [npc4  ] STEP_DURATION 69->68
  f=1533   [npc1  ] STEP_DURATION 30->29
  f=1533   [npc4  ] STEP_DURATION 68->67
  f=1535   [npc1  ] STEP_DURATION 29->28
  f=1535   [npc4  ] STEP_DURATION 67->66
  f=1537   [npc1  ] STEP_DURATION 28->27
  f=1537   [npc4  ] STEP_DURATION 66->65
  f=1539   [npc1  ] STEP_DURATION 27->26
  f=1539   [npc4  ] STEP_DURATION 65->64
  f=1541   [npc1  ] STEP_DURATION 26->25
  f=1541   [npc4  ] STEP_DURATION 64->63
  f=1543   [npc1  ] STEP_DURATION 25->24
  f=1543   [npc4  ] STEP_DURATION 63->62
  f=1545   [npc1  ] STEP_DURATION 24->23
  f=1545   [npc4  ] STEP_DURATION 62->61
  f=1547   [npc1  ] STEP_DURATION 23->22
  f=1547   [npc4  ] STEP_DURATION 61->60
  f=1549   [npc1  ] STEP_DURATION 22->21
  f=1549   [npc4  ] STEP_DURATION 60->59
  f=1551   [npc1  ] STEP_DURATION 21->20
  f=1551   [npc4  ] STEP_DURATION 59->58
  f=1553   [npc1  ] STEP_DURATION 20->19
  f=1553   [npc4  ] STEP_DURATION 58->57
  f=1555   [npc1  ] STEP_DURATION 19->18
  f=1555   [npc4  ] STEP_DURATION 57->56
  f=1557   [npc1  ] STEP_DURATION 18->17
  f=1557   [npc4  ] STEP_DURATION 56->55
  f=1559   [npc1  ] STEP_DURATION 17->16
  f=1559   [npc4  ] STEP_DURATION 55->54
  f=1561   [npc1  ] STEP_DURATION 16->15
  f=1561   [npc4  ] STEP_DURATION 54->53
  f=1563   [npc1  ] STEP_DURATION 15->14
  f=1563   [npc4  ] STEP_DURATION 53->52
  f=1565   [npc1  ] STEP_DURATION 14->13
  f=1565   [npc4  ] STEP_DURATION 52->51
  f=1567   [npc1  ] STEP_DURATION 13->12
  f=1567   [npc4  ] STEP_DURATION 51->50
  f=1569   [npc1  ] STEP_DURATION 12->11
  f=1569   [npc4  ] STEP_DURATION 50->49
  f=1571   [npc1  ] STEP_DURATION 11->10
  f=1571   [npc4  ] STEP_DURATION 49->48
  f=1573   [npc1  ] STEP_DURATION 10->9
  f=1573   [npc4  ] STEP_DURATION 48->47
  f=1575   [npc1  ] STEP_DURATION 9->8
  f=1575   [npc4  ] STEP_DURATION 47->46
  f=1577   [npc1  ] STEP_DURATION 8->7
  f=1577   [npc4  ] STEP_DURATION 46->45
  f=1579   [npc1  ] STEP_DURATION 7->6
  f=1579   [npc4  ] STEP_DURATION 45->44
  f=1581   [npc1  ] STEP_DURATION 6->5
  f=1581   [npc4  ] STEP_DURATION 44->43
  f=1583   [npc1  ] STEP_DURATION 5->4
  f=1583   [npc4  ] STEP_DURATION 43->42
  f=1585   [npc1  ] STEP_DURATION 4->3
  f=1585   [npc4  ] STEP_DURATION 42->41
  f=1587   [npc1  ] STEP_DURATION 3->2
  f=1587   [npc4  ] STEP_DURATION 41->40
  f=1589   [npc1  ] STEP_DURATION 2->1
  f=1589   [npc4  ] STEP_DURATION 40->39
  f=1591   [npc1  ] STEP_TYPE 3->1  STEP_DURATION 1->0
  f=1591   [npc4  ] STEP_DURATION 39->38
  f=1593   [npc1  ] DIRECTION 8->4  STEP_TYPE 1->3  STEP_DURATION 0->40  FACING 8->4
  f=1593   [npc4  ] STEP_DURATION 38->37
  f=1595   [npc1  ] STEP_DURATION 40->39
  f=1595   [npc4  ] STEP_DURATION 37->36
  f=1597   [npc1  ] STEP_DURATION 39->38
  f=1597   [npc4  ] STEP_DURATION 36->35
  f=1599   [npc1  ] STEP_DURATION 38->37
  f=1599   [npc4  ] STEP_DURATION 35->34
  f=1601   [npc1  ] STEP_DURATION 37->36
  f=1601   [npc4  ] STEP_DURATION 34->33
  f=1603   [npc1  ] STEP_DURATION 36->35
  f=1603   [npc4  ] STEP_DURATION 33->32
  f=1605   [npc1  ] STEP_DURATION 35->34
  f=1605   [npc4  ] STEP_DURATION 32->31
  f=1607   [npc1  ] STEP_DURATION 34->33
  f=1607   [npc4  ] STEP_DURATION 31->30
  f=1609   [npc1  ] STEP_DURATION 33->32
  f=1609   [npc4  ] STEP_DURATION 30->29
  f=1611   [npc1  ] STEP_DURATION 32->31
  f=1611   [npc4  ] STEP_DURATION 29->28
  f=1613   [npc1  ] STEP_DURATION 31->30
  f=1613   [npc4  ] STEP_DURATION 28->27
  f=1615   [npc1  ] STEP_DURATION 30->29
  f=1615   [npc4  ] STEP_DURATION 27->26
  f=1617   [npc1  ] STEP_DURATION 29->28
  f=1617   [npc4  ] STEP_DURATION 26->25
  f=1619   [npc1  ] STEP_DURATION 28->27
  f=1619   [npc4  ] STEP_DURATION 25->24
  f=1621   [npc1  ] STEP_DURATION 27->26
  f=1621   [npc4  ] STEP_DURATION 24->23
  f=1623   [npc1  ] STEP_DURATION 26->25
  f=1623   [npc4  ] STEP_DURATION 23->22
  f=1625   [npc1  ] STEP_DURATION 25->24
  f=1625   [npc4  ] STEP_DURATION 22->21
  f=1627   [npc1  ] STEP_DURATION 24->23
  f=1627   [npc4  ] STEP_DURATION 21->20
  f=1629   [npc1  ] STEP_DURATION 23->22
  f=1629   [npc4  ] STEP_DURATION 20->19
  f=1631   [npc1  ] STEP_DURATION 22->21
  f=1631   [npc4  ] STEP_DURATION 19->18
  f=1633   [npc1  ] STEP_DURATION 21->20
  f=1633   [npc4  ] STEP_DURATION 18->17
  f=1635   [npc1  ] STEP_DURATION 20->19
  f=1635   [npc4  ] STEP_DURATION 17->16
  f=1637   [npc1  ] STEP_DURATION 19->18
  f=1637   [npc4  ] STEP_DURATION 16->15
  f=1639   [npc1  ] STEP_DURATION 18->17
  f=1639   [npc4  ] STEP_DURATION 15->14
  f=1641   [npc1  ] STEP_DURATION 17->16
  f=1641   [npc4  ] STEP_DURATION 14->13
  f=1643   [npc1  ] STEP_DURATION 16->15
  f=1643   [npc4  ] STEP_DURATION 13->12
  f=1645   [npc1  ] STEP_DURATION 15->14
  f=1645   [npc4  ] STEP_DURATION 12->11
  f=1647   [npc1  ] STEP_DURATION 14->13
  f=1647   [npc4  ] STEP_DURATION 11->10
  f=1649   [npc1  ] STEP_DURATION 13->12
  f=1649   [npc4  ] STEP_DURATION 10->9
  f=1651   [npc1  ] STEP_DURATION 12->11
  f=1651   [npc4  ] STEP_DURATION 9->8
  f=1653   [npc1  ] STEP_DURATION 11->10
  f=1653   [npc4  ] STEP_DURATION 8->7
  f=1655   [npc1  ] STEP_DURATION 10->9
  f=1655   [npc4  ] STEP_DURATION 7->6
  f=1657   [npc1  ] STEP_DURATION 9->8
  f=1657   [npc4  ] STEP_DURATION 6->5
  f=1659   [npc1  ] STEP_DURATION 8->7
  f=1659   [npc4  ] STEP_DURATION 5->4
  f=1661   [npc1  ] STEP_DURATION 7->6
  f=1661   [npc4  ] STEP_DURATION 4->3
  f=1663   [npc1  ] STEP_DURATION 6->5
  f=1663   [npc4  ] STEP_DURATION 3->2
  f=1665   [npc1  ] STEP_DURATION 5->4
  f=1665   [npc4  ] STEP_DURATION 2->1
  f=1667   [npc1  ] STEP_DURATION 4->3
  f=1667   [npc4  ] STEP_TYPE 3->1  STEP_DURATION 1->0
  f=1668   [npc4  ] WALKING 255->6  DIRECTION 0->8  STEP_TYPE 1->2  STEP_DURATION 0->7  ACTION 1->2  FACING 0->8  MAP_X 13->12
  ^^^ [npc4] MAP COORDS CHANGED — step 18 complete ^^^
  f=1669   [npc1  ] STEP_DURATION 3->2
  f=1669   [npc4  ] STEP_DURATION 7->6  STEP_FRAME 0->1  SPRITE_X 176->174
  f=1671   [npc1  ] STEP_DURATION 2->1
  f=1671   [npc4  ] STEP_DURATION 6->5  STEP_FRAME 1->2  SPRITE_X 174->172
  f=1673   [npc1  ] STEP_TYPE 3->1  STEP_DURATION 1->0
  f=1673   [npc4  ] STEP_DURATION 5->4  STEP_FRAME 2->3  SPRITE_X 172->170
  f=1675   [npc1  ] DIRECTION 4->8  STEP_TYPE 1->3  STEP_DURATION 0->86  FACING 4->8
  f=1675   [npc4  ] STEP_DURATION 4->3  STEP_FRAME 3->4  FACING 8->9  SPRITE_X 170->168
  f=1677   [npc1  ] STEP_DURATION 86->85
  f=1677   [npc4  ] STEP_DURATION 3->2  STEP_FRAME 4->5  SPRITE_X 168->166
  f=1679   [npc1  ] STEP_DURATION 85->84
  f=1679   [npc4  ] STEP_DURATION 2->1  STEP_FRAME 5->6  SPRITE_X 166->164
  f=1681   [npc1  ] STEP_DURATION 84->83
  f=1681   [npc4  ] WALKING 6->255  STEP_TYPE 2->1  STEP_DURATION 1->0  STEP_FRAME 6->7  LAST_MAP_X 13->12  SPRITE_X 164->162
  f=1683   [npc1  ] STEP_DURATION 83->82
  f=1683   [npc4  ] DIRECTION 8->4  STEP_TYPE 1->3  STEP_DURATION 0->60  ACTION 2->1  STEP_FRAME 7->8  FACING 9->6
  f=1685   [npc1  ] STEP_DURATION 82->81
  f=1685   [npc4  ] STEP_DURATION 60->59  FACING 6->4
  f=1687   [npc1  ] STEP_DURATION 81->80
  f=1687   [npc4  ] STEP_DURATION 59->58
  f=1689   [npc1  ] STEP_DURATION 80->79
  f=1689   [npc4  ] STEP_DURATION 58->57
  f=1691   [npc1  ] STEP_DURATION 79->78
  f=1691   [npc4  ] STEP_DURATION 57->56
  f=1693   [npc1  ] STEP_DURATION 78->77
  f=1693   [npc4  ] STEP_DURATION 56->55
  f=1695   [npc1  ] STEP_DURATION 77->76
  f=1695   [npc4  ] STEP_DURATION 55->54
  f=1697   [npc1  ] STEP_DURATION 76->75
  f=1697   [npc4  ] STEP_DURATION 54->53
  f=1699   [npc1  ] STEP_DURATION 75->74
  f=1699   [npc4  ] STEP_DURATION 53->52
  f=1701   [npc1  ] STEP_DURATION 74->73
  f=1701   [npc4  ] STEP_DURATION 52->51
  f=1703   [npc1  ] STEP_DURATION 73->72
  f=1703   [npc4  ] STEP_DURATION 51->50
  f=1705   [npc1  ] STEP_DURATION 72->71
  f=1705   [npc4  ] STEP_DURATION 50->49
  f=1707   [npc1  ] STEP_DURATION 71->70
  f=1707   [npc4  ] STEP_DURATION 49->48
  f=1709   [npc1  ] STEP_DURATION 70->69
  f=1709   [npc4  ] STEP_DURATION 48->47
  f=1711   [npc1  ] STEP_DURATION 69->68
  f=1711   [npc4  ] STEP_DURATION 47->46
  f=1713   [npc1  ] STEP_DURATION 68->67
  f=1713   [npc4  ] STEP_DURATION 46->45
  f=1715   [npc1  ] STEP_DURATION 67->66
  f=1715   [npc4  ] STEP_DURATION 45->44
  f=1717   [npc1  ] STEP_DURATION 66->65
  f=1717   [npc4  ] STEP_DURATION 44->43
  f=1719   [npc1  ] STEP_DURATION 65->64
  f=1719   [npc4  ] STEP_DURATION 43->42
  f=1721   [npc1  ] STEP_DURATION 64->63
  f=1721   [npc4  ] STEP_DURATION 42->41
  f=1723   [npc1  ] STEP_DURATION 63->62
  f=1723   [npc4  ] STEP_DURATION 41->40
  f=1725   [npc1  ] STEP_DURATION 62->61
  f=1725   [npc4  ] STEP_DURATION 40->39
  f=1727   [npc1  ] STEP_DURATION 61->60
  f=1727   [npc4  ] STEP_DURATION 39->38
  f=1729   [npc1  ] STEP_DURATION 60->59
  f=1729   [npc4  ] STEP_DURATION 38->37
  f=1731   [npc1  ] STEP_DURATION 59->58
  f=1731   [npc4  ] STEP_DURATION 37->36
  f=1733   [npc1  ] STEP_DURATION 58->57
  f=1733   [npc4  ] STEP_DURATION 36->35
  f=1735   [npc1  ] STEP_DURATION 57->56
  f=1735   [npc4  ] STEP_DURATION 35->34
  f=1737   [npc1  ] STEP_DURATION 56->55
  f=1737   [npc4  ] STEP_DURATION 34->33
  f=1739   [npc1  ] STEP_DURATION 55->54
  f=1739   [npc4  ] STEP_DURATION 33->32
  f=1741   [npc1  ] STEP_DURATION 54->53
  f=1741   [npc4  ] STEP_DURATION 32->31
  f=1743   [npc1  ] STEP_DURATION 53->52
  f=1743   [npc4  ] STEP_DURATION 31->30
  f=1745   [npc1  ] STEP_DURATION 52->51
  f=1745   [npc4  ] STEP_DURATION 30->29
  f=1747   [npc1  ] STEP_DURATION 51->50
  f=1747   [npc4  ] STEP_DURATION 29->28
  f=1749   [npc1  ] STEP_DURATION 50->49
  f=1749   [npc4  ] STEP_DURATION 28->27
  f=1751   [npc1  ] STEP_DURATION 49->48
  f=1751   [npc4  ] STEP_DURATION 27->26
  f=1753   [npc1  ] STEP_DURATION 48->47
  f=1753   [npc4  ] STEP_DURATION 26->25
  f=1755   [npc1  ] STEP_DURATION 47->46
  f=1755   [npc4  ] STEP_DURATION 25->24
  f=1757   [npc1  ] STEP_DURATION 46->45
  f=1757   [npc4  ] STEP_DURATION 24->23
  f=1759   [npc1  ] STEP_DURATION 45->44
  f=1759   [npc4  ] STEP_DURATION 23->22
  f=1761   [npc1  ] STEP_DURATION 44->43
  f=1761   [npc4  ] STEP_DURATION 22->21
  f=1763   [npc1  ] STEP_DURATION 43->42
  f=1763   [npc4  ] STEP_DURATION 21->20
  f=1765   [npc1  ] STEP_DURATION 42->41
  f=1765   [npc4  ] STEP_DURATION 20->19
  f=1767   [npc1  ] STEP_DURATION 41->40
  f=1767   [npc4  ] STEP_DURATION 19->18
  f=1769   [npc1  ] STEP_DURATION 40->39
  f=1769   [npc4  ] STEP_DURATION 18->17
  f=1771   [npc1  ] STEP_DURATION 39->38
  f=1771   [npc4  ] STEP_DURATION 17->16
  f=1773   [npc1  ] STEP_DURATION 38->37
  f=1773   [npc4  ] STEP_DURATION 16->15
  f=1775   [npc1  ] STEP_DURATION 37->36
  f=1775   [npc4  ] STEP_DURATION 15->14
  f=1777   [npc1  ] STEP_DURATION 36->35
  f=1777   [npc4  ] STEP_DURATION 14->13
  f=1779   [npc1  ] STEP_DURATION 35->34
  f=1779   [npc4  ] STEP_DURATION 13->12
  f=1781   [npc1  ] STEP_DURATION 34->33
  f=1781   [npc4  ] STEP_DURATION 12->11
  f=1783   [npc1  ] STEP_DURATION 33->32
  f=1783   [npc4  ] STEP_DURATION 11->10
  f=1785   [npc1  ] STEP_DURATION 32->31
  f=1785   [npc4  ] STEP_DURATION 10->9
  f=1787   [npc1  ] STEP_DURATION 31->30
  f=1787   [npc4  ] STEP_DURATION 9->8
  f=1789   [npc1  ] STEP_DURATION 30->29
  f=1789   [npc4  ] STEP_DURATION 8->7
  f=1791   [npc1  ] STEP_DURATION 29->28
  f=1791   [npc4  ] STEP_DURATION 7->6
  f=1793   [npc1  ] STEP_DURATION 28->27
  f=1793   [npc4  ] STEP_DURATION 6->5
  f=1795   [npc1  ] STEP_DURATION 27->26
  f=1795   [npc4  ] STEP_DURATION 5->4
  f=1797   [npc1  ] STEP_DURATION 26->25
  f=1797   [npc4  ] STEP_DURATION 4->3
  f=1799   [npc1  ] STEP_DURATION 25->24
  f=1799   [npc4  ] STEP_DURATION 3->2
  f=1801   [npc1  ] STEP_DURATION 24->23
  f=1801   [npc4  ] STEP_DURATION 2->1
  f=1803   [npc1  ] STEP_DURATION 23->22
  f=1803   [npc4  ] STEP_TYPE 3->1  STEP_DURATION 1->0
  f=1804   [npc4  ] WALKING 255->7  DIRECTION 4->12  STEP_TYPE 1->2  STEP_DURATION 0->7  ACTION 1->2  FACING 4->12  MAP_X 12->13
  ^^^ [npc4] MAP COORDS CHANGED — step 19 complete ^^^
  f=1805   [npc1  ] STEP_DURATION 22->21
  f=1805   [npc4  ] STEP_DURATION 7->6  STEP_FRAME 8->9  FACING 12->14  SPRITE_X 162->164
  f=1807   [npc1  ] STEP_DURATION 21->20
  f=1807   [npc4  ] STEP_DURATION 6->5  STEP_FRAME 9->10  SPRITE_X 164->166
  f=1809   [npc1  ] STEP_DURATION 20->19
  f=1809   [npc4  ] STEP_DURATION 5->4  STEP_FRAME 10->11  SPRITE_X 166->168
  f=1811   [npc1  ] STEP_DURATION 19->18
  f=1811   [npc4  ] STEP_DURATION 4->3  STEP_FRAME 11->12  FACING 14->15  SPRITE_X 168->170
  f=1813   [npc1  ] STEP_DURATION 18->17
  f=1813   [npc4  ] STEP_DURATION 3->2  STEP_FRAME 12->13  SPRITE_X 170->172
  f=1815   [npc1  ] STEP_DURATION 17->16
  f=1815   [npc4  ] STEP_DURATION 2->1  STEP_FRAME 13->14  SPRITE_X 172->174
  f=1817   [npc1  ] STEP_DURATION 16->15
  f=1817   [npc4  ] WALKING 7->255  STEP_TYPE 2->1  STEP_DURATION 1->0  STEP_FRAME 14->15  LAST_MAP_X 12->13  SPRITE_X 174->176
  f=1819   [npc1  ] STEP_DURATION 15->14
  f=1819   [npc4  ] STEP_TYPE 1->3  STEP_DURATION 0->32  ACTION 2->1  STEP_FRAME 15->0  FACING 15->12
  f=1821   [npc1  ] STEP_DURATION 14->13
  f=1821   [npc4  ] STEP_DURATION 32->31
  f=1823   [npc1  ] STEP_DURATION 13->12
  f=1823   [npc4  ] STEP_DURATION 31->30
  f=1825   [npc1  ] STEP_DURATION 12->11
  f=1825   [npc4  ] STEP_DURATION 30->29
  f=1827   [npc1  ] STEP_DURATION 11->10
  f=1827   [npc4  ] STEP_DURATION 29->28
  f=1829   [npc1  ] STEP_DURATION 10->9
  f=1829   [npc4  ] STEP_DURATION 28->27
  f=1831   [npc1  ] STEP_DURATION 9->8
  f=1831   [npc4  ] STEP_DURATION 27->26
  f=1833   [npc1  ] STEP_DURATION 8->7
  f=1833   [npc4  ] STEP_DURATION 26->25
  f=1835   [npc1  ] STEP_DURATION 7->6
  f=1835   [npc4  ] STEP_DURATION 25->24
  f=1837   [npc1  ] STEP_DURATION 6->5
  f=1837   [npc4  ] STEP_DURATION 24->23
  f=1839   [npc1  ] STEP_DURATION 5->4
  f=1839   [npc4  ] STEP_DURATION 23->22
  f=1841   [npc1  ] STEP_DURATION 4->3
  f=1841   [npc4  ] STEP_DURATION 22->21
  f=1843   [npc1  ] STEP_DURATION 3->2
  f=1843   [npc4  ] STEP_DURATION 21->20
  f=1845   [npc1  ] STEP_DURATION 2->1
  f=1845   [npc4  ] STEP_DURATION 20->19
  f=1847   [npc1  ] STEP_TYPE 3->1  STEP_DURATION 1->0
  f=1847   [npc4  ] STEP_DURATION 19->18
  f=1849   [npc1  ] DIRECTION 8->4  STEP_TYPE 1->3  STEP_DURATION 0->20  FACING 8->4
  f=1849   [npc4  ] STEP_DURATION 18->17
  f=1851   [npc1  ] STEP_DURATION 20->19
  f=1851   [npc4  ] STEP_DURATION 17->16
  f=1853   [npc1  ] STEP_DURATION 19->18
  f=1853   [npc4  ] STEP_DURATION 16->15
  f=1855   [npc1  ] STEP_DURATION 18->17
  f=1855   [npc4  ] STEP_DURATION 15->14
  f=1857   [npc1  ] STEP_DURATION 17->16
  f=1857   [npc4  ] STEP_DURATION 14->13
  f=1859   [npc1  ] STEP_DURATION 16->15
  f=1859   [npc4  ] STEP_DURATION 13->12
  f=1861   [npc1  ] STEP_DURATION 15->14
  f=1861   [npc4  ] STEP_DURATION 12->11
  f=1863   [npc1  ] STEP_DURATION 14->13
  f=1863   [npc4  ] STEP_DURATION 11->10
  f=1865   [npc1  ] STEP_DURATION 13->12
  f=1865   [npc4  ] STEP_DURATION 10->9
  f=1867   [npc1  ] STEP_DURATION 12->11
  f=1867   [npc4  ] STEP_DURATION 9->8
  f=1869   [npc1  ] STEP_DURATION 11->10
  f=1869   [npc4  ] STEP_DURATION 8->7
  f=1871   [npc1  ] STEP_DURATION 10->9
  f=1871   [npc4  ] STEP_DURATION 7->6
  f=1873   [npc1  ] STEP_DURATION 9->8
  f=1873   [npc4  ] STEP_DURATION 6->5
  f=1875   [npc1  ] STEP_DURATION 8->7
  f=1875   [npc4  ] STEP_DURATION 5->4
  f=1877   [npc1  ] STEP_DURATION 7->6
  f=1877   [npc4  ] STEP_DURATION 4->3
  f=1879   [npc1  ] STEP_DURATION 6->5
  f=1879   [npc4  ] STEP_DURATION 3->2
  f=1881   [npc1  ] STEP_DURATION 5->4
  f=1881   [npc4  ] STEP_DURATION 2->1
  f=1883   [npc1  ] STEP_DURATION 4->3
  f=1883   [npc4  ] STEP_TYPE 3->1  STEP_DURATION 1->0
  f=1884   [npc4  ] WALKING 255->7  STEP_TYPE 1->2  STEP_DURATION 0->7  ACTION 1->2  MAP_X 13->14
  ^^^ [npc4] MAP COORDS CHANGED — step 20 complete ^^^
  f=1885   [npc1  ] STEP_DURATION 3->2
  f=1885   [npc4  ] STEP_DURATION 7->6  STEP_FRAME 0->1  SPRITE_X 176->178
  f=1887   [npc1  ] STEP_DURATION 2->1
  f=1887   [npc4  ] STEP_DURATION 6->5  STEP_FRAME 1->2  SPRITE_X 178->180
  f=1889   [npc1  ] STEP_TYPE 3->1  STEP_DURATION 1->0
  f=1889   [npc4  ] STEP_DURATION 5->4  STEP_FRAME 2->3  SPRITE_X 180->182
  f=1891   [npc1  ] DIRECTION 4->12  STEP_TYPE 1->3  STEP_DURATION 0->72  FACING 4->12
  f=1891   [npc4  ] STEP_DURATION 4->3  STEP_FRAME 3->4  FACING 12->13  SPRITE_X 182->184
  f=1893   [npc1  ] STEP_DURATION 72->71
  f=1893   [npc4  ] STEP_DURATION 3->2  STEP_FRAME 4->5  SPRITE_X 184->186
  f=1895   [npc1  ] STEP_DURATION 71->70
  f=1895   [npc4  ] STEP_DURATION 2->1  STEP_FRAME 5->6  SPRITE_X 186->188
  f=1897   [npc1  ] STEP_DURATION 70->69
  f=1897   [npc4  ] WALKING 7->255  STEP_TYPE 2->1  STEP_DURATION 1->0  STEP_FRAME 6->7  LAST_MAP_X 13->14  SPRITE_X 188->190
  f=1899   [npc1  ] STEP_DURATION 69->68
  f=1899   [npc4  ] DIRECTION 12->0  STEP_TYPE 1->3  STEP_DURATION 0->34  ACTION 2->1  STEP_FRAME 7->8  FACING 13->2
  f=1901   [npc1  ] STEP_DURATION 68->67
  f=1901   [npc4  ] STEP_DURATION 34->33  FACING 2->0
  f=1903   [npc1  ] STEP_DURATION 67->66
  f=1903   [npc4  ] STEP_DURATION 33->32
  f=1905   [npc1  ] STEP_DURATION 66->65
  f=1905   [npc4  ] STEP_DURATION 32->31
  f=1907   [npc1  ] STEP_DURATION 65->64
  f=1907   [npc4  ] STEP_DURATION 31->30
  f=1909   [npc1  ] STEP_DURATION 64->63
  f=1909   [npc4  ] STEP_DURATION 30->29
  f=1911   [npc1  ] STEP_DURATION 63->62
  f=1911   [npc4  ] STEP_DURATION 29->28
  f=1913   [npc1  ] STEP_DURATION 62->61
  f=1913   [npc4  ] STEP_DURATION 28->27
  f=1915   [npc1  ] STEP_DURATION 61->60
  f=1915   [npc4  ] STEP_DURATION 27->26
  f=1917   [npc1  ] STEP_DURATION 60->59
  f=1917   [npc4  ] STEP_DURATION 26->25
  f=1919   [npc1  ] STEP_DURATION 59->58
  f=1919   [npc4  ] STEP_DURATION 25->24
  f=1921   [npc1  ] STEP_DURATION 58->57
  f=1921   [npc4  ] STEP_DURATION 24->23
  f=1923   [npc1  ] STEP_DURATION 57->56
  f=1923   [npc4  ] STEP_DURATION 23->22
  f=1925   [npc1  ] STEP_DURATION 56->55
  f=1925   [npc4  ] STEP_DURATION 22->21
  f=1927   [npc1  ] STEP_DURATION 55->54
  f=1927   [npc4  ] STEP_DURATION 21->20
  f=1929   [npc1  ] STEP_DURATION 54->53
  f=1929   [npc4  ] STEP_DURATION 20->19
  f=1931   [npc1  ] STEP_DURATION 53->52
  f=1931   [npc4  ] STEP_DURATION 19->18
  f=1933   [npc1  ] STEP_DURATION 52->51
  f=1933   [npc4  ] STEP_DURATION 18->17
  f=1935   [npc1  ] STEP_DURATION 51->50
  f=1935   [npc4  ] STEP_DURATION 17->16
  f=1937   [npc1  ] STEP_DURATION 50->49
  f=1937   [npc4  ] STEP_DURATION 16->15
  f=1939   [npc1  ] STEP_DURATION 49->48
  f=1939   [npc4  ] STEP_DURATION 15->14
  f=1941   [npc1  ] STEP_DURATION 48->47
  f=1941   [npc4  ] STEP_DURATION 14->13
  f=1943   [npc1  ] STEP_DURATION 47->46
  f=1943   [npc4  ] STEP_DURATION 13->12
  f=1945   [npc1  ] STEP_DURATION 46->45
  f=1945   [npc4  ] STEP_DURATION 12->11
  f=1947   [npc1  ] STEP_DURATION 45->44
  f=1947   [npc4  ] STEP_DURATION 11->10
  f=1949   [npc1  ] STEP_DURATION 44->43
  f=1949   [npc4  ] STEP_DURATION 10->9
  f=1951   [npc1  ] STEP_DURATION 43->42
  f=1951   [npc4  ] STEP_DURATION 9->8
  f=1953   [npc1  ] STEP_DURATION 42->41
  f=1953   [npc4  ] STEP_DURATION 8->7
  f=1955   [npc1  ] STEP_DURATION 41->40
  f=1955   [npc4  ] STEP_DURATION 7->6
  f=1957   [npc1  ] STEP_DURATION 40->39
  f=1957   [npc4  ] STEP_DURATION 6->5
  f=1959   [npc1  ] STEP_DURATION 39->38
  f=1959   [npc4  ] STEP_DURATION 5->4
  f=1961   [npc1  ] STEP_DURATION 38->37
  f=1961   [npc4  ] STEP_DURATION 4->3
  f=1963   [npc1  ] STEP_DURATION 37->36
  f=1963   [npc4  ] STEP_DURATION 3->2
  f=1965   [npc1  ] STEP_DURATION 36->35
  f=1965   [npc4  ] STEP_DURATION 2->1
  f=1967   [npc1  ] STEP_DURATION 35->34
  f=1967   [npc4  ] STEP_TYPE 3->1  STEP_DURATION 1->0
  f=1968   [npc4  ] WALKING 255->7  DIRECTION 0->12  STEP_TYPE 1->2  STEP_DURATION 0->7  ACTION 1->2  FACING 0->12  MAP_X 14->15
  ^^^ [npc4] MAP COORDS CHANGED — step 21 complete ^^^
  f=1969   [npc1  ] STEP_DURATION 34->33
  f=1969   [npc4  ] STEP_DURATION 7->6  STEP_FRAME 8->9  FACING 12->14  SPRITE_X 190->192
  f=1971   [npc1  ] STEP_DURATION 33->32
  f=1971   [npc4  ] STEP_DURATION 6->5  STEP_FRAME 9->10  SPRITE_X 192->194
  f=1973   [npc1  ] STEP_DURATION 32->31
  f=1973   [npc4  ] STEP_DURATION 5->4  STEP_FRAME 10->11  SPRITE_X 194->196
  f=1975   [npc1  ] STEP_DURATION 31->30
  f=1975   [npc4  ] STEP_DURATION 4->3  STEP_FRAME 11->12  FACING 14->15  SPRITE_X 196->198
  f=1977   [npc1  ] STEP_DURATION 30->29
  f=1977   [npc4  ] STEP_DURATION 3->2  STEP_FRAME 12->13  SPRITE_X 198->200
  f=1979   [npc1  ] STEP_DURATION 29->28
  f=1979   [npc4  ] STEP_DURATION 2->1  STEP_FRAME 13->14  SPRITE_X 200->202
  f=1981   [npc1  ] STEP_DURATION 28->27
  f=1981   [npc4  ] WALKING 7->255  STEP_TYPE 2->1  STEP_DURATION 1->0  STEP_FRAME 14->15  LAST_MAP_X 14->15  SPRITE_X 202->204
  f=1983   [npc1  ] STEP_DURATION 27->26
  f=1983   [npc4  ] DIRECTION 12->0  STEP_TYPE 1->3  STEP_DURATION 0->31  ACTION 2->1  STEP_FRAME 15->0  FACING 15->0
  f=1985   [npc1  ] STEP_DURATION 26->25
  f=1985   [npc4  ] STEP_DURATION 31->30
  f=1987   [npc1  ] STEP_DURATION 25->24
  f=1987   [npc4  ] STEP_DURATION 30->29
  f=1989   [npc1  ] STEP_DURATION 24->23
  f=1989   [npc4  ] STEP_DURATION 29->28
  f=1991   [npc1  ] STEP_DURATION 23->22
  f=1991   [npc4  ] STEP_DURATION 28->27
  f=1993   [npc1  ] STEP_DURATION 22->21
  f=1993   [npc4  ] STEP_DURATION 27->26
  f=1995   [npc1  ] STEP_DURATION 21->20
  f=1995   [npc4  ] STEP_DURATION 26->25
  f=1997   [npc1  ] STEP_DURATION 20->19
  f=1997   [npc4  ] STEP_DURATION 25->24
  f=1999   [npc1  ] STEP_DURATION 19->18
  f=1999   [npc4  ] STEP_DURATION 24->23
  f=2001   [npc1  ] STEP_DURATION 18->17
  f=2001   [npc4  ] STEP_DURATION 23->22
  f=2003   [npc1  ] STEP_DURATION 17->16
  f=2003   [npc4  ] STEP_DURATION 22->21
  f=2005   [npc1  ] STEP_DURATION 16->15
  f=2005   [npc4  ] STEP_DURATION 21->20
  f=2007   [npc1  ] STEP_DURATION 15->14
  f=2007   [npc4  ] STEP_DURATION 20->19
  f=2009   [npc1  ] STEP_DURATION 14->13
  f=2009   [npc4  ] STEP_DURATION 19->18
  f=2011   [npc1  ] STEP_DURATION 13->12
  f=2011   [npc4  ] STEP_DURATION 18->17
  f=2013   [npc1  ] STEP_DURATION 12->11
  f=2013   [npc4  ] STEP_DURATION 17->16
  f=2015   [npc1  ] STEP_DURATION 11->10
  f=2015   [npc4  ] STEP_DURATION 16->15
  f=2017   [npc1  ] STEP_DURATION 10->9
  f=2017   [npc4  ] STEP_DURATION 15->14
  f=2019   [npc1  ] STEP_DURATION 9->8
  f=2019   [npc4  ] STEP_DURATION 14->13
  f=2021   [npc1  ] STEP_DURATION 8->7
  f=2021   [npc4  ] STEP_DURATION 13->12
  f=2023   [npc1  ] STEP_DURATION 7->6
  f=2023   [npc4  ] STEP_DURATION 12->11
  f=2025   [npc1  ] STEP_DURATION 6->5
  f=2025   [npc4  ] STEP_DURATION 11->10
  f=2027   [npc1  ] STEP_DURATION 5->4
  f=2027   [npc4  ] STEP_DURATION 10->9
  f=2029   [npc1  ] STEP_DURATION 4->3
  f=2029   [npc4  ] STEP_DURATION 9->8
  f=2031   [npc1  ] STEP_DURATION 3->2
  f=2031   [npc4  ] STEP_DURATION 8->7
  f=2033   [npc1  ] STEP_DURATION 2->1
  f=2033   [npc4  ] STEP_DURATION 7->6
  f=2035   [npc1  ] STEP_TYPE 3->1  STEP_DURATION 1->0
  f=2035   [npc4  ] STEP_DURATION 6->5
  f=2037   [npc1  ] DIRECTION 12->8  STEP_TYPE 1->3  STEP_DURATION 0->29  FACING 12->8
  f=2037   [npc4  ] STEP_DURATION 5->4
  f=2039   [npc1  ] STEP_DURATION 29->28
  f=2039   [npc4  ] STEP_DURATION 4->3
  f=2041   [npc1  ] STEP_DURATION 28->27
  f=2041   [npc4  ] STEP_DURATION 3->2
  f=2043   [npc1  ] STEP_DURATION 27->26
  f=2043   [npc4  ] STEP_DURATION 2->1
  f=2045   [npc1  ] STEP_DURATION 26->25
  f=2045   [npc4  ] STEP_TYPE 3->1  STEP_DURATION 1->0
  f=2046   [npc4  ] WALKING 255->7  DIRECTION 0->12  STEP_TYPE 1->2  STEP_DURATION 0->7  ACTION 1->2  FACING 0->12  MAP_X 15->16
  ^^^ [npc4] MAP COORDS CHANGED — step 22 complete ^^^
  f=2047   [npc1  ] STEP_DURATION 25->24
  f=2047   [npc4  ] STEP_DURATION 7->6  STEP_FRAME 0->1  SPRITE_X 204->206
  f=2049   [npc1  ] STEP_DURATION 24->23
  f=2049   [npc4  ] STEP_DURATION 6->5  STEP_FRAME 1->2  SPRITE_X 206->208
  f=2051   [npc1  ] STEP_DURATION 23->22
  f=2051   [npc4  ] STEP_DURATION 5->4  STEP_FRAME 2->3  SPRITE_X 208->210
  f=2053   [npc1  ] STEP_DURATION 22->21
  f=2053   [npc4  ] STEP_DURATION 4->3  STEP_FRAME 3->4  FACING 12->13  SPRITE_X 210->212
  f=2055   [npc1  ] STEP_DURATION 21->20
  f=2055   [npc4  ] STEP_DURATION 3->2  STEP_FRAME 4->5  SPRITE_X 212->214
  f=2057   [npc1  ] STEP_DURATION 20->19
  f=2057   [npc4  ] STEP_DURATION 2->1  STEP_FRAME 5->6  SPRITE_X 214->216
  f=2059   [npc1  ] STEP_DURATION 19->18
  f=2059   [npc4  ] WALKING 7->255  STEP_TYPE 2->1  STEP_DURATION 1->0  STEP_FRAME 6->7  LAST_MAP_X 15->16  SPRITE_X 216->218
  f=2061   [npc1  ] STEP_DURATION 18->17
  f=2061   [npc4  ] DIRECTION 12->0  STEP_TYPE 1->3  STEP_DURATION 0->66  ACTION 2->1  STEP_FRAME 7->8  FACING 13->2
  f=2063   [npc1  ] STEP_DURATION 17->16
  f=2063   [npc4  ] STEP_DURATION 66->65  FACING 2->0
  f=2065   [npc1  ] STEP_DURATION 16->15
  f=2065   [npc4  ] STEP_DURATION 65->64
  f=2067   [npc1  ] STEP_DURATION 15->14
  f=2067   [npc4  ] STEP_DURATION 64->63
  f=2069   [npc1  ] STEP_DURATION 14->13
  f=2069   [npc4  ] STEP_DURATION 63->62
  f=2071   [npc1  ] STEP_DURATION 13->12
  f=2071   [npc4  ] STEP_DURATION 62->61
  f=2073   [npc1  ] STEP_DURATION 12->11
  f=2073   [npc4  ] STEP_DURATION 61->60
  f=2075   [npc1  ] STEP_DURATION 11->10
  f=2075   [npc4  ] STEP_DURATION 60->59
  f=2077   [npc1  ] STEP_DURATION 10->9
  f=2077   [npc4  ] STEP_DURATION 59->58
  f=2079   [npc1  ] STEP_DURATION 9->8
  f=2079   [npc4  ] STEP_DURATION 58->57
  f=2081   [npc1  ] STEP_DURATION 8->7
  f=2081   [npc4  ] STEP_DURATION 57->56
  f=2083   [npc1  ] STEP_DURATION 7->6
  f=2083   [npc4  ] STEP_DURATION 56->55
  f=2085   [npc1  ] STEP_DURATION 6->5
  f=2085   [npc4  ] STEP_DURATION 55->54
  f=2087   [npc1  ] STEP_DURATION 5->4
  f=2087   [npc4  ] STEP_DURATION 54->53
  f=2089   [npc1  ] STEP_DURATION 4->3
  f=2089   [npc4  ] STEP_DURATION 53->52
  f=2091   [npc1  ] STEP_DURATION 3->2
  f=2091   [npc4  ] STEP_DURATION 52->51
  f=2093   [npc1  ] STEP_DURATION 2->1
  f=2093   [npc4  ] STEP_DURATION 51->50
  f=2095   [npc1  ] STEP_TYPE 3->1  STEP_DURATION 1->0
  f=2095   [npc4  ] STEP_DURATION 50->49
  f=2097   [npc1  ] DIRECTION 8->4  STEP_TYPE 1->3  STEP_DURATION 0->115  FACING 8->4
  f=2097   [npc4  ] STEP_DURATION 49->48
  f=2099   [npc1  ] STEP_DURATION 115->114
  f=2099   [npc4  ] STEP_DURATION 48->47
  f=2101   [npc1  ] STEP_DURATION 114->113
  f=2101   [npc4  ] STEP_DURATION 47->46
  f=2103   [npc1  ] STEP_DURATION 113->112
  f=2103   [npc4  ] STEP_DURATION 46->45
  f=2105   [npc1  ] STEP_DURATION 112->111
  f=2105   [npc4  ] STEP_DURATION 45->44
  f=2107   [npc1  ] STEP_DURATION 111->110
  f=2107   [npc4  ] STEP_DURATION 44->43
  f=2109   [npc1  ] STEP_DURATION 110->109
  f=2109   [npc4  ] STEP_DURATION 43->42
  f=2111   [npc1  ] STEP_DURATION 109->108
  f=2111   [npc4  ] STEP_DURATION 42->41
  f=2113   [npc1  ] STEP_DURATION 108->107
  f=2113   [npc4  ] STEP_DURATION 41->40
  f=2115   [npc1  ] STEP_DURATION 107->106
  f=2115   [npc4  ] STEP_DURATION 40->39
  f=2117   [npc1  ] STEP_DURATION 106->105
  f=2117   [npc4  ] STEP_DURATION 39->38
  f=2119   [npc1  ] STEP_DURATION 105->104
  f=2119   [npc4  ] STEP_DURATION 38->37
  f=2121   [npc1  ] STEP_DURATION 104->103
  f=2121   [npc4  ] STEP_DURATION 37->36
  f=2123   [npc1  ] STEP_DURATION 103->102
  f=2123   [npc4  ] STEP_DURATION 36->35
  f=2125   [npc1  ] STEP_DURATION 102->101
  f=2125   [npc4  ] STEP_DURATION 35->34
  f=2127   [npc1  ] STEP_DURATION 101->100
  f=2127   [npc4  ] STEP_DURATION 34->33
  f=2129   [npc1  ] STEP_DURATION 100->99
  f=2129   [npc4  ] STEP_DURATION 33->32
  f=2131   [npc1  ] STEP_DURATION 99->98
  f=2131   [npc4  ] STEP_DURATION 32->31
